Strassenname,Strassentyp,Breitengrad,Laengengrad
Europabrücke,secondary,47.3969117,8.4942359
Lyrenweg,residential,47.3744429,8.4823194
Altstetterstrasse,tertiary,47.3789049,8.4837106
Luggwegstrasse,tertiary,47.3829372,8.4884259
Max-Högger-Strasse,secondary,47.3934378,8.4892764
Pfingstweidstrasse,primary,47.3925762,8.5026089
Pfingstweidbrücke,primary,47.3935518,8.5007034
Pfingstweidbrücke,primary,47.3926997,8.5026252
Hardbrücke,primary,47.3829755,8.5145813
Gessnerbrücke,tertiary,47.3761383,8.5355368
Bahnhofquai,tertiary,47.3769319,8.5418833
Museumstrasse,tertiary,47.3788679,8.5399485
Sihlquai,tertiary,47.3795924,8.5374885
Kreuzbühlstrasse,secondary,47.3657503,8.550774
Mühlebachstrasse,residential,47.3658477,8.5492999
Kreuzstrasse,residential,47.3627974,8.5484972
Merkurstrasse,tertiary,47.3666992,8.5533932
Zeltweg,secondary,47.3652482,8.5541709
Falkenstrasse,secondary,47.3657678,8.5485022
Bahnhofbrücke,tertiary,47.3769387,8.5432275
Klosbachstrasse,tertiary,47.3676657,8.5601265
Rütistrasse,residential,47.3715995,8.5642977
Ebelstrasse,residential,47.3758342,8.5657631
Waldhausstrasse,residential,47.3760225,8.5677263
Dolderstrasse,residential,47.3723769,8.5654955
Dolderstrasse,residential,47.3719186,8.5638111
Dolderstrasse,residential,47.3710808,8.5608187
Zeltweg,tertiary,47.3676907,8.5521332
Gemeindestrasse,residential,47.3697983,8.5561999
Rämistrasse,primary,47.3676899,8.5457941
Pilatusstrasse,residential,47.3736416,8.5669674
General-Guisan-Quai,secondary,47.3656233,8.5392871
Dreikönigbrücke,residential,47.3676184,8.5383666
Uraniastrasse,tertiary,47.3744782,8.5402001
Schweizergasse,residential,47.3765841,8.5365984
General-Guisan-Quai,secondary,47.3659245,8.5398899
Apollostrasse,residential,47.3645351,8.5553871
Badenerstrasse,tertiary,47.3732598,8.5278649
Stauffacherstrasse,tertiary,47.3713759,8.5302582
Rämistrasse,primary,47.3703021,8.549072
Utoquai,primary,47.3662763,8.5451995
Arterstrasse,residential,47.3669677,8.5555985
Neptunstrasse,residential,47.3664747,8.556714
Minervastrasse,residential,47.3677016,8.5543632
Hohenbühlstrasse,residential,47.3660461,8.552841
Limmatplatz,tertiary,47.3849355,8.5319566
Spöndlistrasse,residential,47.3797096,8.5486066
Schmelzbergstrasse,residential,47.3769568,8.5487316
Tannenstrasse,tertiary,47.3772577,8.5477827
Waaggasse,residential,47.3701757,8.539974
Kreuzstrasse,residential,47.3654843,8.5536255
Feldeggstrasse,residential,47.361948,8.5534943
Zollikerstrasse,tertiary,47.3645737,8.5542581
Kirchenweg,residential,47.3612159,8.5556285
Bergstrasse,secondary,47.3755984,8.5600049
Hohenbühlstrasse,residential,47.3664912,8.5518563
Beustweg,residential,47.3678401,8.5534942
Minervastrasse,residential,47.3685262,8.5535348
Minervastrasse,residential,47.369788,8.5522977
Promenadengasse,residential,47.3683616,8.5501935
Promenadengasse,residential,47.3692449,8.5487744
Wettingerwies,residential,47.3692381,8.5494164
Wolfbachstrasse,residential,47.3704895,8.5506334
Steinwiesstrasse,residential,47.3699979,8.552351
Steinwiesstrasse,residential,47.3706709,8.5540303
Bungertweg,residential,47.3713956,8.5601058
Hofstrasse,residential,47.3716412,8.5584253
Hofstrasse,residential,47.3731168,8.5611243
Susenbergstrasse,residential,47.3794331,8.567329
Richard-Kissling-Weg,residential,47.3769222,8.567206
Krähbühlstrasse,tertiary,47.3788899,8.5632469
Krähbühlweg,residential,47.3784158,8.5701943
Krähbühlweg,residential,47.3785881,8.572212
Forrenweidstrasse,residential,47.3835178,8.5745795
Forchstrasse,secondary,47.3609346,8.5629376
Forchstrasse,secondary,47.3544437,8.5751859
Forchstrasse,secondary,47.3532562,8.5769051
Mühlebachstrasse,residential,47.3619214,8.553978
Seefeldstrasse,residential,47.3638559,8.5491192
Reinhardstrasse,residential,47.3627771,8.5510142
Ottenweg,residential,47.3642453,8.5542085
Kleinstrasse,residential,47.3637351,8.5534387
Akazienstrasse,residential,47.3633837,8.5513551
Florastrasse,residential,47.3617493,8.5525303
Mainaustrasse,residential,47.3611327,8.5524247
Fennergasse,residential,47.3615109,8.5528686
Färberstrasse,residential,47.3621118,8.5498465
Seegartenstrasse,residential,47.3614437,8.5487955
Hohlstrasse,tertiary,47.3800506,8.520863
Rotwandstrasse,residential,47.375485,8.5286937
Kanonengasse,residential,47.3775861,8.5296119
Militärstrasse,tertiary,47.3759467,8.5336688
Lagerstrasse,tertiary,47.3799166,8.5287689
Zeughausstrasse,residential,47.3762059,8.52969
Ohne Namen,secondary,47.4046754,8.5949806
St. Jakobstrasse,residential,47.3742213,8.5286397
Lutherstrasse,residential,47.3740717,8.5292522
Bäckerstrasse,residential,47.3746447,8.529275
Langstrasse,tertiary,47.3744044,8.5242354
Sihlfeldstrasse,residential,47.3816358,8.5153799
Stauffacherbrücke,tertiary,47.3710112,8.5312529
Stauffacherbrücke,tertiary,47.3711276,8.5308579
Sumatrastrasse,residential,47.3821359,8.5446103
Clausiusstrasse,residential,47.3777848,8.5469235
Sihlstrasse,tertiary,47.3727984,8.5341084
Gessnerbrücke,tertiary,47.3762874,8.5352186
Manessestrasse,tertiary,47.3691747,8.527674
Sternwartstrasse,residential,47.377397,8.5518162
Karl-Schmid-Strasse,tertiary,47.3755592,8.5481638
Leonhardstrasse,tertiary,47.3767499,8.5466984
Leonhardstrasse,tertiary,47.3762014,8.5469279
Leonhardstrasse,tertiary,47.3756487,8.5471806
Frauenklinikstrasse,residential,47.3781841,8.5511226
Auf der Mauer,residential,47.3770358,8.5449283
Langstrasse,tertiary,47.3811009,8.5286622
Eisgasse,residential,47.3779456,8.531721
Langstrasse,tertiary,47.3816944,8.5290716
Müllerstrasse,residential,47.3766994,8.5278841
Rebgasse,residential,47.3741574,8.5304737
Glasmalergasse,residential,47.3744504,8.5301161
Waldmannstrasse,residential,47.3683522,8.5467018
Laternengasse,residential,47.3696544,8.5435226
Glaubtenstrasse,tertiary_link,47.4117313,8.506909
Glaubtenstrasse,tertiary,47.4115805,8.5069685
Lerchenhalde,residential,47.4142064,8.5081201
Emil-Klöti-Strasse,tertiary,47.410562,8.5053476
Emil-Klöti-Strasse,tertiary,47.4087336,8.5042675
Emil-Klöti-Strasse,tertiary,47.4086301,8.5040678
Gsteigstrasse,tertiary,47.4050831,8.504732
Badenerstrasse,residential,47.3733781,8.5314638
Bäckerstrasse,residential,47.3738908,8.530236
Bäckerstrasse,residential,47.3736971,8.5304667
Kinkelstrasse,residential,47.3885515,8.5451809
Neue Winterthurerstrasse,primary,47.4061261,8.5913931
Tellstrasse,residential,47.3783289,8.5284477
Selnaustrasse,tertiary,47.3707837,8.5316927
Fraumünsterstrasse,residential,47.3696693,8.5406191
Weinbergstrasse,tertiary,47.3772031,8.544268
Tièchestrasse,tertiary,47.3992531,8.5216478
Tunnelstrasse,primary,47.3663347,8.5319109
Püntstrasse,tertiary,47.3752235,8.485311
Hätzlergasse,residential,47.3908868,8.4663537
Sumatrastrasse,residential,47.3807567,8.5434359
Sumatrastrasse,residential,47.381828,8.5430853
Schauenbergstrasse,tertiary,47.4184678,8.5061854
Schauenbergstrasse,tertiary,47.4112557,8.505914
Schauenbergstrasse,tertiary,47.4115113,8.5060176
Kornhausstrasse,tertiary,47.3868694,8.5347506
Limmatplatz,tertiary,47.3846161,8.531746
General-Guisan-Quai,secondary,47.3635006,8.5351689
Mythenquai,primary,47.346977,8.5344037
Gessnerallee,tertiary,47.3771945,8.537131
Selnaustrasse,tertiary,47.3725105,8.5324669
Sihlhölzlistrasse,tertiary,47.3700713,8.5303263
Sihlhölzlibrücke,primary,47.3689725,8.5284185
Manessestrasse,primary,47.369151,8.5280794
Uraniastrasse,tertiary,47.3745751,8.5387499
Sihlporte,tertiary,47.3726451,8.534432
Seebahnstrasse,primary,47.3778714,8.5188173
Stauffacherstrasse,tertiary,47.3785278,8.5197925
Hardstrasse,secondary,47.3824666,8.5144461
Ohne Namen,primary,47.3822017,8.5160936
Zollbrücke,tertiary,47.3792118,8.5385044
Museumstrasse,tertiary,47.3787663,8.5396781
Museumstrasse,tertiary,47.3784893,8.5411256
Neumühlequai,tertiary,47.3770798,8.5433186
Seilergraben,tertiary,47.3766857,8.5443854
Central,tertiary,47.3765281,8.5434145
Hermetschloobrücke,secondary,47.3976672,8.4744341
Hermetschloobrücke,secondary,47.3957286,8.4733159
Kanonengasse,residential,47.3785886,8.5307315
Zwinglistrasse,residential,47.3781274,8.529208
Dienerstrasse,residential,47.377828,8.5282849
Brauerstrasse,residential,47.3774246,8.5277731
Ankerstrasse,residential,47.3740286,8.5248666
Reitergasse,residential,47.3768609,8.5333675
Bullingerstrasse,residential,47.3804906,8.5127478
Gutstrasse,secondary,47.3700368,8.5099352
Birmensdorferstrasse,secondary_link,47.3687912,8.5012659
Talwiesenstrasse,residential,47.3688888,8.5110806
Stampfenbachstrasse,tertiary,47.3774019,8.5438951
Stampfenbachstrasse,tertiary,47.3803343,8.5428559
Bahnhofquai,residential,47.3764341,8.5419191
Bahnhofquai,tertiary,47.3774759,8.5415682
Bahnhofquai,tertiary,47.3779546,8.5415439
Ausstellungsstrasse,residential,47.3810089,8.5379894
Kanzleistrasse,residential,47.3788588,8.5156577
Hohlstrasse,residential,47.3777691,8.5253886
Hohlstrasse,tertiary,47.3799443,8.5211083
Fierzgasse,residential,47.3833698,8.5324234
Fierzgasse,residential,47.3838815,8.5317383
Baumgasse,residential,47.3821895,8.5356105
Neugasse,residential,47.3829768,8.5288354
Neufrankengasse,tertiary,47.3801553,8.5279199
Schöneggstrasse,tertiary,47.3806834,8.5255344
Brauerstrasse,residential,47.378095,8.5264914
Herbartstrasse,residential,47.378172,8.5254557
Kernstrasse,residential,47.3762163,8.5244118
Hohlstrasse,tertiary,47.3797401,8.5213957
Magnusstrasse,residential,47.3798584,8.5249182
Feldstrasse,tertiary,47.3781388,8.5227394
Feldstrasse,residential,47.3773264,8.5221541
Pflanzschulstrasse,residential,47.3773907,8.5210286
Beckenhofstrasse,residential,47.3873034,8.5397595
Kurvenstrasse,residential,47.3841156,8.5423514
Turnerstrasse,residential,47.3873404,8.5423553
Ottikerstrasse,residential,47.3853881,8.5419954
St. Peterstrasse,residential,47.3707857,8.5374205
Nüschelerstrasse,residential,47.3734718,8.534713
Schwamendingenstrasse,primary,47.4041921,8.5623276
Ueberlandstrasse,primary,47.4042364,8.5566763
Schwamendingenstrasse,tertiary,47.4076312,8.5485582
Irchelstrasse,tertiary,47.3965207,8.5426275
Bahnhofquai,residential,47.3764624,8.5416093
Beatenplatz,residential,47.3759514,8.5413535
Schweighofstrasse,secondary,47.3535475,8.511728
Kurfirstenstrasse,residential,47.3536182,8.5287029
Rebhaldenstrasse,residential,47.3594121,8.5281548
Brunaustrasse,residential,47.3555823,8.5293184
Lessingstrasse,residential,47.3534299,8.5251426
Morgentalstrasse,residential,47.3440128,8.5292609
Mutschellenstrasse,tertiary,47.3440358,8.5299983
Rossbergstrasse,residential,47.35418,8.5276898
Salomon-Vögelin-Strasse,residential,47.3474861,8.5258953
Tannenrauchstrasse,residential,47.3446343,8.5285691
Brandschenkestrasse,tertiary,47.3661352,8.5281894
Grütlistrasse,residential,47.3603346,8.531277
Bürglistrasse,residential,47.3614383,8.5292391
Gablerstrasse,residential,47.3594088,8.5304039
Ohne Namen,residential,47.3519766,8.5304397
Kappelistrasse,residential,47.3518277,8.5304861
Scheideggstrasse,residential,47.3543302,8.5292711
Bellariastrasse,residential,47.3524135,8.530378
Etzelstrasse,residential,47.344362,8.5301364
Dreikönigstrasse,residential,47.3670065,8.5363391
Gutenbergstrasse,residential,47.3652468,8.530556
General-Wille-Strasse,tertiary,47.3638363,8.531708
Tanzbodenstrasse,residential,47.3534359,8.5289054
Talstrasse,tertiary,47.3724026,8.5343875
Joachim-Hefti-Weg,residential,47.3596034,8.5291729
Steinentischstrasse,residential,47.3640369,8.528455
Klopstockstrasse,residential,47.3624493,8.5260033
Conrad-Ferdinand-Meyer-Strasse,residential,47.3587702,8.5332847
Lavaterstrasse,residential,47.3610386,8.5329142
Tödistrasse,residential,47.3648246,8.5356911
Biberlinstrasse,residential,47.3646982,8.5730637
Freiestrasse,tertiary,47.3614655,8.565398
Eidmattstrasse,residential,47.3653817,8.5609959
Kapfsteig,residential,47.360955,8.5714181
Buchzelgstrasse,residential,47.3592662,8.585007
Hottingerstrasse,secondary,47.3704158,8.5497043
Hofackerstrasse,secondary,47.3625608,8.5675369
Höhenweg,residential,47.3640474,8.5682562
Hegibachstrasse,tertiary,47.3620522,8.560579
Jupiterstrasse,secondary,47.3654961,8.5650216
Klusstrasse,residential,47.3648401,8.5705234
Klusweg,residential,47.3630586,8.5722158
Kapfsteig,residential,47.3613316,8.572543
Konkordiastrasse,residential,47.3668259,8.5600774
Reinacherstrasse,residential,47.3660385,8.5603844
Gattikerstrasse,residential,47.3607968,8.5667303
Kluseggstrasse,residential,47.3639917,8.5695673
Kapfstrasse,residential,47.3627764,8.5704408
Waldschulweg,residential,47.3638644,8.5727392
Klusdörfli,residential,47.3650297,8.5690053
Kempterstrasse,residential,47.3659616,8.5676113
Ohne Namen,residential,47.3621084,8.5704784
Jupiterstrasse,residential,47.3650259,8.5638595
Hegibachstrasse,residential,47.3652872,8.5693909
Höhensteig,residential,47.3634576,8.5679793
Sonnenbergstrasse,residential,47.3687269,8.5660872
Kurhausstrasse,residential,47.374224,8.5677014
Aurorastrasse,residential,47.3731755,8.5666267
Carl-Schröter-Strasse,residential,47.3681995,8.5698478
Heuelstrasse,residential,47.3690082,8.5672786
Titlisstrasse,residential,47.3674676,8.5655841
Titlisstrasse,residential,47.37119,8.5630491
Carmenstrasse,residential,47.3702382,8.5614126
Hölderlinstrasse,residential,47.3657552,8.5633326
Samariterstrasse,residential,47.3666808,8.5632602
Sonnhaldenstrasse,residential,47.3670114,8.5626315
Kreuzbühlstrasse,secondary,47.3646946,8.5543197
Ulmbergstrasse,residential,47.3658013,8.5312802
Splügenstrasse,residential,47.3644558,8.5342119
Bodmerstrasse,residential,47.3654078,8.5332512
Im Stadtgraben,tertiary,47.3776977,8.5434019
Gloriastrasse,tertiary,47.3758567,8.5591318
Kantonsschulstrasse,residential,47.3723097,8.5498435
St. Jakobstrasse,residential,47.3738544,8.5281158
Rotwandstrasse,residential,47.3743221,8.5269614
Zeughausstrasse,residential,47.3750523,8.5315338
Furttalstrasse,tertiary,47.4211849,8.5006725
Regensdorferstrasse,secondary,47.4146432,8.483489
Winzerhalde,residential,47.3997271,8.4920732
Am Giessen,residential,47.399592,8.4943868
Breitensteinstrasse,tertiary,47.3947039,8.5138029
Geroldstrasse,tertiary,47.3858989,8.5194788
Hardbrücke,secondary,47.3832047,8.5152215
Wipkingerbrücke,tertiary,47.3915995,8.5235082
Hardturmstrasse,tertiary,47.3912943,8.5201471
Duttweilerbrücke,tertiary,47.387389,8.5095773
Duttweilerbrücke,tertiary,47.3852799,8.5085286
Duttweilerbrücke,tertiary,47.3894598,8.5115773
Rautihalde,residential,47.3872904,8.474557
Feldblumenstrasse,residential,47.3868615,8.4820731
Eugen-Huber-Strasse,residential,47.3889674,8.4711773
Eulenweg,residential,47.3835085,8.4814508
Bachmattstrasse,residential,47.3908991,8.4846886
Altstetterstrasse,tertiary,47.3902697,8.4871019
Herrligstrasse,residential,47.3893122,8.4850763
Meier-Bosshard-Strasse,residential,47.389186,8.4859138
Baslerstrasse,residential,47.3891747,8.4885
Kochstrasse,residential,47.3784063,8.5146046
Agnesstrasse,residential,47.3786145,8.5125443
Elsastrasse,residential,47.377305,8.5148026
Denzlerstrasse,residential,47.378015,8.512521
Zurlindenstrasse,residential,47.3741426,8.5152005
Friedaustrasse,residential,47.3767318,8.5102922
Aemtlerstrasse,tertiary,47.3774505,8.5083473
Hardaustrasse,residential,47.3773653,8.5092561
Zypressenstrasse,residential,47.3772948,8.5127613
Fritschistrasse,residential,47.3759147,8.5126545
Weststrasse,residential,47.3745363,8.5171446
Eschwiesenstrasse,residential,47.3727387,8.5159129
Zurlindenstrasse,residential,47.3728555,8.5171008
Körnerstrasse,residential,47.373905,8.5219075
Elisabethenstrasse,residential,47.3726471,8.523059
Hochfarbstrasse,residential,47.3796233,8.5436949
Hochfarbstrasse,residential,47.379562,8.5435004
Hochfarbstrasse,residential,47.3791563,8.5438855
Hochfarbstrasse,residential,47.3787502,8.5441576
Hügelstrasse,residential,47.3549134,8.5258341
Grüngasse,residential,47.3722678,8.5266753
Cramerstrasse,residential,47.3733746,8.5260422
Wyssgasse,residential,47.373697,8.5254117
Pflanzschulstrasse,residential,47.3759144,8.5200051
Wengistrasse,residential,47.3755274,8.5217295
Schreinerstrasse,residential,47.3756671,8.5221551
Kalkbreitestrasse,tertiary,47.3737741,8.5201227
Zweierstrasse,tertiary,47.3722589,8.5230088
Gartenhofstrasse,residential,47.3728658,8.5250449
Zweierstrasse,tertiary,47.3730097,8.526903
Morgartenstrasse,residential,47.371138,8.5300874
Verena-Conzett-Strasse,residential,47.3706843,8.5263508
Schöntalstrasse,residential,47.3701622,8.5276486
Werdstrasse,residential,47.3692125,8.5233179
Hallwylstrasse,residential,47.3702001,8.527197
Weberstrasse,residential,47.3703986,8.5286283
Zurlindenstrasse,residential,47.3676771,8.523008
Birmensdorferstrasse,secondary,47.3705659,8.5221566
Mööslistrasse,residential,47.3453937,8.5288787
Muggenbühlstrasse,residential,47.3512286,8.5265122
Grütlistrasse,residential,47.3634191,8.5305578
Brandschenkesteig,residential,47.366611,8.528198
Parkring,residential,47.3667715,8.5294777
Ulmbergtunnel,primary,47.3675795,8.5304293
Europabrücke,secondary,47.3997117,8.4952956
Kräuelgasse,residential,47.3762405,8.52934
Kernstrasse,residential,47.377924,8.5260177
Marmorgasse,residential,47.3770795,8.5256256
Rolandstrasse,residential,47.3793774,8.5261005
Nietengasse,residential,47.3796966,8.5255493
Eichbühlstrasse,residential,47.3826059,8.5113115
Eglistrasse,residential,47.3832934,8.5102155
Zimmerlistrasse,residential,47.3839109,8.5097238
Knüslistrasse,residential,47.3839989,8.5086969
Gugolzstrasse,residential,47.3824106,8.5130892
Badenerstrasse,tertiary,47.3813553,8.5034126
Norastrasse,residential,47.3802773,8.5076618
Bienenstrasse,residential,47.3815202,8.5065032
Bullingerstrasse,residential,47.3825357,8.5077052
Börsenstrasse,residential,47.3676986,8.5388459
Poststrasse,residential,47.369617,8.5394476
Selnaubrücke,residential,47.3702034,8.5344694
Zelglistrasse,residential,47.412957,8.5249797
Affolternstrasse,residential,47.4104676,8.5363359
Therese-Giehse-Strasse,residential,47.4136079,8.5414641
Kügeliloostrasse,residential,47.4141997,8.5305249
Robert-Maillart-Strasse,residential,47.4147511,8.5322481
Primelstrasse,residential,47.4129375,8.5170357
Schumacherweg,residential,47.4129324,8.5136488
Horensteinstrasse,residential,47.4257541,8.5092395
Fronwaldstrasse,residential,47.4213555,8.511442
Zelgwiesenstrasse,residential,47.4131689,8.5274453
Kügeliloostrasse,residential,47.4116128,8.528399
Maienstrasse,residential,47.4101081,8.5293535
James-Joyce-Strasse,residential,47.4122318,8.5405675
Ricarda-Huch-Strasse,residential,47.4119723,8.5398936
Regensbergstrasse,tertiary,47.4118037,8.5253446
Riedenhaldenstrasse,residential,47.4205067,8.5088768
Jonas-Furrer-Strasse,residential,47.4191706,8.507844
Regensdorferstrasse,tertiary,47.4021848,8.4993144
Widmerstrasse,residential,47.3379041,8.5371784
Segantinistrasse,residential,47.4042582,8.5024016
Vogtsrain,residential,47.403254,8.5000193
Regensbergstrasse,tertiary,47.4095126,8.5378714
Franklinstrasse,tertiary,47.4086166,8.5464177
Birchstrasse,secondary,47.4040004,8.5344244
Bahnhofquai,tertiary,47.3784087,8.541762
Bahnhofbrücke,tertiary,47.3768168,8.5429812
Minervastrasse,residential,47.3663317,8.5557358
Klosbachstrasse,residential,47.3688495,8.5625213
Freiestrasse,residential,47.3622783,8.5642819
Mirabellenstrasse,residential,47.3894466,8.4772828
Schächenstrasse,residential,47.3889424,8.4772163
Sustenstrasse,residential,47.3878656,8.4784512
Meientalstrasse,residential,47.3864006,8.4770954
Libellenweg,residential,47.3860418,8.4771344
Loogartenstrasse,residential,47.3896799,8.4743506
Am Suteracher,residential,47.3909119,8.4710518
Karstlernstrasse,residential,47.3901264,8.4788257
Friedhofstrasse,residential,47.3824557,8.4737463
Eigenheimstrasse,residential,47.3901347,8.474431
Neeserweg,residential,47.3905927,8.4730143
Wolfswinkel,residential,47.4251517,8.5107573
Bockhornstrasse,residential,47.3762873,8.4820825
Greblerweg,residential,47.3779176,8.4829043
Diggelmannstrasse,residential,47.3779817,8.4815064
Untermoosstrasse,residential,47.3786369,8.482392
Robert-Seidel-Hof,residential,47.3909656,8.4823271
Segnesstrasse,residential,47.3885932,8.4857056
Herrligweg,residential,47.389933,8.4847653
Badenerstrasse,tertiary,47.3891299,8.4823846
Würzgrabenstrasse,secondary,47.3932339,8.4931292
Max-Högger-Strasse,residential,47.3928903,8.4885747
Südstrasse,tertiary,47.3542547,8.5629058
Lenggstrasse,tertiary,47.3515991,8.5674883
Lenggstrasse,tertiary,47.3536483,8.5733751
Blümlisalpstrasse,residential,47.3890399,8.5481232
Langmauerstrasse,residential,47.3904757,8.5422989
Röslistrasse,residential,47.3878538,8.5401388
Kraftstrasse,tertiary,47.3765717,8.5599865
Neuhausstrasse,residential,47.3773879,8.5634241
Berninastrasse,residential,47.40253,8.5529461
Viktoriastrasse,residential,47.4060215,8.5511802
Friedheimstrasse,residential,47.4047779,8.5489164
Wallisellenstrasse,residential,47.4102293,8.546707
Nansenstrasse,residential,47.4111861,8.5463157
Berninaplatz,primary,47.4032503,8.5475068
Wallisellenstrasse,tertiary,47.4108523,8.5610278
Saatlenzelg,residential,47.4121532,8.5610545
Unterfeldstrasse,residential,47.4116404,8.5612284
Riedgrabenweg,residential,47.4117054,8.5587346
Riedgrabenweg,residential,47.4095062,8.5588144
Saatlenstrasse,residential,47.4115955,8.5632356
Saatlenstrasse,residential,47.4106094,8.5634058
Oerlikonerstrasse,residential,47.4037105,8.54565
Schaffhauserstrasse,primary,47.4005324,8.5438439
Schaffhauserstrasse,tertiary,47.3990221,8.542391
Witellikerstrasse,secondary,47.3534535,8.5760612
Enzenbühlstrasse,residential,47.3509676,8.5798653
Im Walder,residential,47.3486381,8.5737336
Niederhofenrain,residential,47.3487782,8.5751243
Enzenbühlstrasse,residential,47.3498027,8.5752593
Flühgasse,residential,47.3505591,8.5683979
Mühlebachstrasse,residential,47.3591748,8.556602
Wetlistrasse,residential,47.3595909,8.5686189
Fröbelstrasse,residential,47.3614805,8.5666286
Hammerstrasse,secondary,47.360013,8.5594676
Breitingerstrasse,residential,47.362563,8.5350788
Neumühlequai,tertiary,47.3786747,8.5425431
Ottostrasse,residential,47.386265,8.525141
Triemlistrasse,residential,47.3743307,8.4832863
Ohmstrasse,residential,47.4107772,8.5458877
Engadinerweg,residential,47.4075435,8.4939342
Benedikt-Fontana-Weg,residential,47.406954,8.4958477
Ferdinand-Hodler-Strasse,residential,47.4040164,8.5000185
Stampfenbrunnenstrasse,residential,47.3846846,8.4769303
Hätzlergasse,residential,47.3891929,8.4697144
Badenerstrasse,tertiary,47.3907476,8.4793989
Badenerstrasse,tertiary,47.3903042,8.4798576
Im Struppen,residential,47.3886477,8.4821328
Calandastrasse,residential,47.3881309,8.4893072
Saumackerstrasse,residential,47.3835615,8.4867072
Flüelastrasse,residential,47.3808298,8.4941094
Dachslernstrasse,residential,47.3890887,8.4793687
Seebacherstrasse,tertiary,47.4147545,8.520596
Seebacherstrasse,tertiary,47.4171351,8.5230393
Seebacherstrasse,tertiary,47.4184386,8.5281203
Seebacherstrasse,tertiary,47.421543,8.5383428
Birchstrasse,residential,47.4130342,8.5377927
Birchstrasse,residential,47.4181004,8.5383702
Birchstrasse,residential,47.4191093,8.5384672
Brown-Boveri-Strasse,residential,47.4137431,8.5363619
Armin-Bollinger-Weg,residential,47.4143444,8.5387491
Neunbrunnenstrasse,residential,47.4155229,8.5293092
Kalchbühlstrasse,residential,47.3401593,8.5313727
Pfingstweidstrasse,primary_link,47.393024,8.5024132
Saumackerstrasse,residential,47.3896468,8.4892377
Bändlistrasse,secondary,47.3943493,8.4925835
Meierwiesenstrasse,secondary,47.3942998,8.4901748
Bändlistrasse,tertiary,47.3983937,8.474879
Bernerstrasse Nord,primary,47.3974388,8.4808017
Bernerstrasse Süd,primary_link,47.3935049,8.5005581
Ohne Namen,primary,47.3935101,8.4931033
Bernerstrasse Nord,primary,47.3937995,8.4981496
Neugasse,residential,47.384105,8.5262025
Ottostrasse,residential,47.3854419,8.5245538
Radgasse,residential,47.3802074,8.537089
Röntgenstrasse,residential,47.3871955,8.5270149
Fabrikstrasse,tertiary,47.3873452,8.5289767
Fabrikstrasse,residential,47.3846486,8.5260193
Quellenstrasse,residential,47.3838273,8.5271216
Dennlerstrasse,residential,47.379847,8.4959059
Haumesserstrasse,residential,47.349329,8.5321095
Staubstrasse,residential,47.3467248,8.5298043
Besenrainstrasse,residential,47.3454373,8.5273893
Im Hummel,residential,47.3430467,8.5226126
Hegenmatt,residential,47.3424272,8.5231287
Paradiesstrasse,residential,47.3351208,8.5275242
Marchwartstrasse,residential,47.3379024,8.5262056
Speerstrasse,residential,47.3424895,8.5262476
Wernerstrasse,residential,47.3425323,8.5274227
Wachtelstrasse,residential,47.3429701,8.5268478
Verenastrasse,residential,47.3400415,8.5256334
Balberstrasse,residential,47.3375471,8.5269097
Weitlingweg,residential,47.3363483,8.5255215
Drosselstrasse,residential,47.3415768,8.5255443
Moosstrasse,residential,47.337776,8.5288574
Dangelstrasse,residential,47.3332439,8.5286561
Zwängiweg,secondary,47.3298216,8.530302
Oberscheunenweg,residential,47.3365026,8.5353819
Hoffnungsstrasse,residential,47.3411436,8.5353912
Renggerstrasse,residential,47.3437231,8.5337543
Kilchbergsteig,residential,47.3437554,8.5328278
Studackerstrasse,residential,47.3385062,8.5316673
Erligatterweg,residential,47.3312163,8.5332537
Hardgutstrasse,residential,47.385306,8.5040337
Bachstrasse,residential,47.3451641,8.5346687
Käferholzstrasse,residential,47.4043518,8.5294534
Chaletweg,residential,47.4125162,8.5321189
David-Hess-Weg,residential,47.3343953,8.5317418
Angelikaweg,residential,47.4108592,8.5351738
Frankentalerstrasse,secondary_link,47.4143494,8.4834018
Morgentalstrasse,residential,47.3440773,8.5258196
Ziegelstrasse,residential,47.3407003,8.5291847
Beethovenstrasse,residential,47.3683716,8.5351521
Schaffhauserstrasse,primary,47.4269415,8.555475
Glatttalstrasse,tertiary,47.4325691,8.5431556
Reginastrasse,residential,47.3390778,8.529354
Moränenstrasse,residential,47.3403064,8.5294576
Feldeggstrasse,residential,47.3596265,8.5487293
Höschgasse,residential,47.3563492,8.5505615
Heinrich-Federer-Strasse,residential,47.3360264,8.531591
Birmensdorferstrasse,tertiary,47.3720103,8.5263658
Zentralstrasse,residential,47.3719916,8.5192251
Haldenstrasse,residential,47.362948,8.5184731
Uetlibergstrasse,secondary,47.3605166,8.5171143
Wuhrstrasse,residential,47.366693,8.521805
Sandstrasse,residential,47.3664474,8.5214175
Dubsstrasse,residential,47.3672988,8.521593
Steinstrasse,tertiary,47.3655169,8.5215735
Austrasse,residential,47.3655845,8.5199683
Malzstrasse,residential,47.3657459,8.520679
Hopfenstrasse,residential,47.3652206,8.5202278
Zellerstrasse,residential,47.3417022,8.5357442
Thujastrasse,residential,47.3490368,8.5264038
Uetlibergstrasse,residential,47.3530747,8.5112903
Frauentalweg,residential,47.3550519,8.5115823
Paul-Clairmont-Strasse,residential,47.3652503,8.5024338
Birmensdorferstrasse,secondary_link,47.3680021,8.4959978
Gehrenholzstrasse,residential,47.3635098,8.5080129
Letzigraben,residential,47.3806344,8.5025717
Technoparkstrasse,residential,47.3888633,8.5158482
Obere Weiherstrasse,residential,47.3974908,8.5282627
Wibichstrasse,residential,47.3975896,8.5264322
Wolfgrimweg,residential,47.3984919,8.5223693
Waidstrasse,residential,47.3954154,8.5222775
Rosengartenbrücke,tertiary,47.3949875,8.5245795
Lehenstrasse,residential,47.3965487,8.5221894
Im Sydefädeli,residential,47.3949931,8.5165154
Zschokkestrasse,residential,47.395787,8.5243617
Dorfstrasse,residential,47.3947617,8.5213212
Förrlibuckstrasse,residential,47.391943,8.5127233
Frauentalweg,residential,47.3545696,8.510219
Hegianwandweg,residential,47.3565533,8.5107326
Friesenbergstrasse,residential,47.3617804,8.5033741
Frymannstrasse,residential,47.3353426,8.5171845
Rebenstrasse,residential,47.3347227,8.5173252
Rellstabstrasse,residential,47.3345526,8.5150021
Wegackerstrasse,residential,47.3350455,8.5162026
Leimbachstrasse,tertiary,47.3326625,8.5179571
Maneggbrücke,primary,47.3369438,8.5188385
Bleicherweg,residential,47.3684381,8.5370018
St. Annagasse,residential,47.372716,8.5372102
Flössergasse,residential,47.3692162,8.5324529
Sihlamtsstrasse,residential,47.3702776,8.5317241
Gerechtigkeitsgasse,residential,47.3690472,8.5307182
Friedensgasse,residential,47.369709,8.5326039
Holzgasse,residential,47.3694582,8.5308873
Glärnischstrasse,residential,47.3683584,8.5372581
Claridenstrasse,residential,47.3678197,8.5370368
Kurt-Guggenheim-Strasse,residential,47.3671623,8.5399898
Birchstrasse,secondary,47.4298529,8.5494912
Birchstrasse,secondary,47.4299667,8.5492522
Birchstrasse,secondary,47.4304543,8.5498668
Birchstrasse,secondary,47.4309744,8.5504963
Bubenbergstrasse,residential,47.358382,8.5210578
Manessestrasse,primary,47.3658707,8.5220113
Eibenstrasse,residential,47.3635115,8.5209071
Eichstrasse,residential,47.3628126,8.5205431
Ohne Namen,residential,47.3629846,8.520668
Ernst-Zöbeli-Strasse,residential,47.3920121,8.4734835
Herostrasse,residential,47.3942799,8.486913
Bändliweg,residential,47.3958086,8.4852674
Tüffenwies,residential,47.3961505,8.4856056
Meierwiesenstrasse,tertiary,47.3950163,8.4912348
Hardhof,residential,47.3977328,8.4948763
Kappelergasse,residential,47.3689749,8.540697
Börsenstrasse,residential,47.3678299,8.53957
Dufourstrasse,residential,47.3549182,8.555126
Fröhlichstrasse,residential,47.3543411,8.5560114
Höschgasse,secondary,47.3588505,8.5571618
Alderstrasse,residential,47.35617,8.5527699
Ueberlandstrasse,secondary,47.4072561,8.5853443
Ueberlandstrasse,secondary,47.4073111,8.5854996
Ueberlandstrasse,secondary,47.4082016,8.5818451
Aubruggstrasse,tertiary,47.4110457,8.5710551
Hagenholzstrasse,tertiary,47.4145383,8.5588363
Auzelg,residential,47.4146189,8.5703015
Schulstrasse,residential,47.4100311,8.5437339
Ohmstrasse,residential,47.4112132,8.5457529
Felsenrainstrasse,residential,47.4194582,8.5398213
Bühlwiesenstrasse,residential,47.4168233,8.5475036
Grünhaldenstrasse,residential,47.4163368,8.5455911
Starengasse,residential,47.4179271,8.5472702
Friesstrasse,primary,47.4135718,8.5465319
Ohmstrasse,residential,47.4120577,8.546007
Jungholzstrasse,residential,47.4169284,8.5441195
Gujerstrasse,residential,47.4155009,8.544721
Ruedi-Walter-Strasse,residential,47.4144695,8.5415817
Thurgauerstrasse,secondary,47.4166909,8.552879
Hagenholzstrasse,tertiary,47.4145201,8.5582364
Opfikonstrasse,residential,47.4134024,8.5723518
Aubruggweg,residential,47.4120292,8.5675476
Hirschwiesenstrasse,primary,47.3994639,8.5434797
Winterthurerstrasse,primary_link,47.3998593,8.5488656
Winterthurerstrasse,primary,47.398787,8.5471107
Bülachstrasse,tertiary,47.4016184,8.5481198
Hirschwiesenstrasse,primary,47.4002363,8.5466155
Bucheggstrasse,primary,47.3983894,8.5379102
Bucheggstrasse,primary,47.39829,8.536851
Ohne Namen,primary,47.3978331,8.5334281
Bucheggstrasse,tertiary,47.3979449,8.5347871
Bucheggstrasse,tertiary,47.3981944,8.5359374
Grebelackerstrasse,residential,47.3994241,8.5365484
Goldbrunnenstrasse,residential,47.3723019,8.5100305
Hardgutstrasse,residential,47.3828072,8.5008197
Florastrasse,residential,47.3611046,8.5498813
Gotthardstrasse,residential,47.3662597,8.5374418
Saatlenstrasse,residential,47.4073037,8.5661342
Grosswiesenstrasse,residential,47.4034487,8.5840986
Hirzenbachstrasse,residential,47.4047942,8.5870415
Luchswiesenstrasse,residential,47.4044499,8.5856693
Altwiesenstrasse,residential,47.4021375,8.583352
Kronwiesenstrasse,residential,47.4041641,8.5800979
Glattwiesenstrasse,residential,47.4038063,8.5816831
Roswiesenstrasse,residential,47.4062981,8.5782265
Riedackerstrasse,residential,47.4009635,8.5866574
Heerenschürlistrasse,residential,47.4005131,8.5912105
Heerenschürlistrasse,residential,47.4010646,8.5913097
Am Luchsgraben,residential,47.4054292,8.5845684
Probsteistrasse,residential,47.401046,8.5785623
Sunnige Hof,residential,47.3995889,8.5863879
Sunnige Hof,residential,47.3988392,8.5861228
Erlachstrasse,residential,47.3690674,8.5235042
Fronwaldstrasse,residential,47.4220585,8.5095406
Blumenfeldstrasse,residential,47.4231791,8.5038136
Bachmannweg,residential,47.4211171,8.5073323
Bächlerstrasse,residential,47.4189046,8.5026672
Hertensteinstrasse,residential,47.423781,8.5430655
Rothstrasse,residential,47.3928468,8.534721
Siewerdtstrasse,secondary_link,47.412232,8.5504793
Siewerdtstrasse,residential,47.4121231,8.5480349
Birnbaumstrasse,residential,47.4112807,8.5491431
Neudorfstrasse,residential,47.4110156,8.5477137
Neudorfstrasse,residential,47.4119531,8.5482906
Neudorfstrasse,residential,47.411477,8.5479465
Salerstrasse,residential,47.4073129,8.5481367
Stockerstrasse,tertiary,47.36949,8.5338034
Beatengasse,residential,47.3758714,8.540084
Usteristrasse,tertiary,47.3758548,8.536407
Schärenmoosstrasse,residential,47.4198653,8.5550404
Im Hagenbrünneli,residential,47.4156285,8.5129343
Mühlezelgstrasse,residential,47.377502,8.4923634
Horensteinstrasse,residential,47.4263515,8.5075562
Seebacherstrasse,tertiary,47.4223782,8.5423992
Neuwiesenstrasse,residential,47.4156392,8.5140977
In der Wässeri,residential,47.3739134,8.486247
Letzigraben,residential,47.3722185,8.4937568
Langgrütstrasse,residential,47.3739979,8.4915
Wydäckerring,residential,47.3701089,8.4925683
Maienweg,residential,47.4082225,8.5270804
Oberwiesenstrasse,residential,47.4111507,8.5324306
Gubelhangstrasse,residential,47.409257,8.5433554
Schaffhauserstrasse,primary,47.4033496,8.5475319
Seminarstrasse,residential,47.3956636,8.5339215
Waltersbachstrasse,residential,47.3836465,8.5414787
Birchstrasse,secondary,47.4278331,8.5468763
Birchstrasse,secondary,47.4287525,8.5483673
Birchstrasse,secondary,47.4296104,8.5489739
Schaffhauserstrasse,primary,47.4274064,8.5561573
Rümlangstrasse,residential,47.4311678,8.5390808
Leimgrübelstrasse,tertiary,47.4287573,8.545014
Schwandenwiesen,residential,47.4244443,8.5364522
Buhnrain,residential,47.4226684,8.5422805
Stiglenstrasse,residential,47.4272174,8.5528484
Rümlangstrasse,tertiary,47.4294096,8.5416342
Rümlangstrasse,residential,47.4276097,8.5434729
Käshaldenstrasse,tertiary,47.4322368,8.521203
Caspar-Wüst-Strasse,residential,47.4297238,8.5429261
Schönauring,residential,47.427131,8.5380698
Stiglenstrasse,residential,47.4275959,8.5500623
Stüssistrasse,residential,47.3956557,8.5415635
Im Eisernen Zeit,residential,47.3931678,8.5424973
Milchbuckstrasse,residential,47.3939666,8.5436461
Milchbuckstrasse,residential,47.3938017,8.5451618
Eggenschwilerweg,residential,47.3924018,8.5426069
Laufferweg,residential,47.392854,8.542888
Zanggerweg,residential,47.3918031,8.5438518
Scheuchzerstrasse,residential,47.3873672,8.5446039
Ottikerstrasse,residential,47.3857038,8.5468309
Stolzestrasse,residential,47.38627,8.5462409
Goetzstrasse,residential,47.3901707,8.5455317
Röslistrasse,residential,47.3892241,8.542936
Röslistrasse,residential,47.3904907,8.544619
Werikonweg,residential,47.3897457,8.5428038
St. Moritzstrasse,residential,47.3870881,8.5406087
Gämsenstrasse,residential,47.3884131,8.5400557
Langmauerstrasse,residential,47.3886335,8.5409708
Schindlersteig,residential,47.3895349,8.5397214
Ekkehardstrasse,residential,47.386894,8.5440992
Renggerstrasse,residential,47.345243,8.5325632
Schürbungert,residential,47.4011658,8.5379224
Nidelbadstrasse,residential,47.3309159,8.5364177
Nidelbadstrasse,residential,47.3310564,8.5366037
Motorenstrasse,residential,47.3851128,8.5292256
Fellenbergstrasse,residential,47.3756331,8.488438
Langgrütstrasse,residential,47.3732397,8.4977104
Dennlerstrasse,residential,47.3799616,8.4971467
Freihofstrasse,residential,47.3850627,8.5008191
In der Ey,residential,47.3727579,8.4893521
Ginsterstrasse,residential,47.37595,8.4934931
Albert-Schneider-Weg,residential,47.3755359,8.4945236
Zurlindenstrasse,residential,47.3767626,8.5111549
Zentralstrasse,residential,47.3753917,8.5150615
Martastrasse,residential,47.3753802,8.5136786
Idastrasse,residential,47.3736622,8.51488
Bremgartnerstrasse,residential,47.3717292,8.5195496
Zurlindenstrasse,residential,47.3734643,8.5162225
Zentralstrasse,residential,47.3730505,8.5179222
Genferstrasse,residential,47.3648051,8.5343367
Utobrücke,secondary,47.3600702,8.523033
Giesshübelstrasse,secondary,47.3583438,8.5188561
Herrenbergstrasse,residential,47.3850322,8.5468731
Florhofgasse,residential,47.3718481,8.5482106
Frohalpstrasse,residential,47.3422113,8.5246361
Gustav-Heinrich-Weg,residential,47.3373665,8.5241129
Glaubtenstrasse,tertiary,47.4112976,8.5060104
Auwiesenstrasse,residential,47.4161553,8.5692475
Wallisellenstrasse,tertiary,47.4105646,8.5699151
Herzogenmühlestrasse,tertiary_link,47.4105303,8.5722641
Luegislandstrasse,residential,47.4045935,8.5645694
Blauäcker,residential,47.4049823,8.5712048
Tulpenstrasse,residential,47.4051874,8.5647857
Aubruggstrasse,tertiary,47.4111684,8.570873
Aubruggstrasse,tertiary,47.413037,8.5675534
Aubruggstrasse,tertiary,47.4120465,8.5690935
Greifenseestrasse,residential,47.4089107,8.5561684
Tramstrasse,primary_link,47.4086197,8.5502442
Kirchenackerweg,residential,47.4088108,8.5530203
Funkackerstrasse,residential,47.4061823,8.556685
Apfelbaumstrasse,residential,47.4075744,8.5564768
Funkwiesenstrasse,residential,47.4068069,8.5595831
Salvatorstrasse,residential,47.4072219,8.5527919
Friedackerstrasse,residential,47.4075718,8.5545848
Magdalenenstrasse,residential,47.4051886,8.5572937
Spatenstrasse,residential,47.4071755,8.5535908
Limmatquai,primary,47.3681399,8.5444735
Werdstrasse,tertiary,47.3728262,8.5303928
Stauffacherstrasse,tertiary,47.3784435,8.5200324
Talacker,residential,47.370971,8.5365604
Heimplatz,tertiary,47.3706787,8.5483812
Goldregenweg,residential,47.4085824,8.532547
Regensbergstrasse,residential,47.4076505,8.5433684
Malvenstrasse,residential,47.4035101,8.5435543
Allenmoosstrasse,residential,47.4029999,8.5368437
Berninastrasse,residential,47.4063403,8.5399092
Baumackerstrasse,residential,47.4083268,8.5459678
Schulstrasse,residential,47.4084972,8.5445162
Beckhammer,residential,47.4016074,8.5415241
Anna-Heer-Strasse,residential,47.3998244,8.5412802
Nordheimstrasse,residential,47.4038743,8.5318201
Althoossteig,residential,47.4112983,8.5255143
Althoosstrasse,residential,47.4109553,8.5218353
Wannenholzstrasse,residential,47.41149,8.5210594
Winkelstrasse,residential,47.4106096,8.522549
Waldstrasse,residential,47.4098367,8.5235119
Schützenmatt,residential,47.4091357,8.5246907
Erchenbühlstrasse,residential,47.4129564,8.5165488
Primelstrasse,residential,47.413339,8.5162958
Erchenbühlstrasse,residential,47.414238,8.5137171
Obsthaldenstrasse,residential,47.413742,8.5182034
In Böden,residential,47.4163353,8.514618
Kühriedweg,residential,47.4094714,8.556317
Winterthurerstrasse,primary,47.4007813,8.5488431
Ohne Namen,primary,47.4006375,8.5500222
Ohne Namen,primary,47.3996594,8.5438277
Ohne Namen,primary,47.4002098,8.5469225
Föhrenstrasse,residential,47.4073738,8.5419494
Venusstrasse,residential,47.4077452,8.5444818
Blütenstrasse,residential,47.404411,8.5466557
Landhusweg,residential,47.4208749,8.5481656
Schwandenacker,residential,47.4241376,8.5353902
Wolfswinkel,residential,47.424186,8.5132204
Reckenholzstrasse,residential,47.42175,8.514348
Teufwiesenstrasse,residential,47.4246426,8.5143192
Im Isengrind,residential,47.4225599,8.5120053
Bergacker,residential,47.4162342,8.5085685
Regulastrasse,residential,47.4165801,8.5096483
Regulastrasse,residential,47.4155022,8.5111146
Lerchenrain,residential,47.4141688,8.5084921
Kiefernweg,residential,47.4069551,8.5341188
Aehrenweg,residential,47.4091855,8.5339804
Holunderweg,residential,47.4083858,8.536347
Stapferstrasse,residential,47.3839089,8.5475972
Nelkenstrasse,residential,47.3820492,8.547453
Volkmarstrasse,residential,47.3848864,8.5434829
Spanweidstrasse,residential,47.387224,8.5402597
Lindenbachstrasse,residential,47.3873905,8.5389154
Kronenstrasse,residential,47.3878541,8.5389058
Gaugerstrasse,residential,47.3871148,8.5386839
Markusstrasse,residential,47.3879997,8.5372953
Schindlerstrasse,residential,47.3890885,8.5382333
Meinradstrasse,residential,47.3885632,8.5388793
Pfirsichstrasse,residential,47.3895766,8.5377455
Pflugstrasse,residential,47.3901305,8.5370128
Meierweg,residential,47.3887847,8.5384519
Pflugstrasse,residential,47.3904116,8.5382997
Rötelstrasse,residential,47.3913177,8.5365227
Nordstrasse,residential,47.3848349,8.5388636
Rousseaustrasse,residential,47.3892324,8.5334678
Nürenbergstrasse,residential,47.3926104,8.5334472
Bachofnerstrasse,residential,47.3914645,8.5341809
Lettenstrasse,residential,47.3907186,8.5328854
Schubertstrasse,residential,47.3905659,8.5348897
Weizenstrasse,residential,47.3896267,8.5356389
Imfeldstrasse,residential,47.3887084,8.5347804
Wasserwerkstrasse,tertiary,47.3887397,8.530989
Okenstrasse,residential,47.3881435,8.5350621
Weinbergstrasse,tertiary,47.3904805,8.5397547
Hotzestrasse,residential,47.3922119,8.5390588
Schaffhauserstrasse,tertiary,47.394618,8.5394594
Schaffhauserstrasse,tertiary,47.3935332,8.5391424
Rothstrasse,tertiary,47.3936825,8.538919
Stoffelstrasse,residential,47.4164412,8.5484779
Buchfinkenstrasse,residential,47.4170918,8.5484597
Bachtelweg,residential,47.4177031,8.5486333
Federnstrasse,residential,47.4159955,8.5485266
Mattackerstrasse,residential,47.4261324,8.5530652
Kosakenweg,residential,47.4182086,8.5491649
Himmeristrasse,residential,47.4194962,8.5368233
Himmeriweg,residential,47.4184042,8.5375927
Birchstrasse,residential,47.4235607,8.5399462
Köschenrütistrasse,residential,47.4241619,8.5377097
Birchstrasse,residential,47.4207614,8.5386134
Höhenring,residential,47.419866,8.5420726
Eigenwasenstrasse,residential,47.4209721,8.5418575
Obstgartenstrasse,residential,47.3824846,8.5425391
Gallusstrasse,residential,47.3854391,8.5378361
Laurenzgasse,residential,47.3853452,8.5396962
Georgengasse,residential,47.3845583,8.539573
Leonhardshalde,residential,47.3772446,8.5450946
Binzstrasse,residential,47.3631595,8.517623
Thurwiesenstrasse,residential,47.3933205,8.5319937
Rütschistrasse,residential,47.3935747,8.532768
Lägernstrasse,residential,47.3947718,8.5315914
Rötelsteig,residential,47.3937102,8.5302246
Rosengartenstrasse,residential,47.395742,8.530827
Scheffelstrasse,residential,47.3967756,8.5303253
Guthirtstrasse,residential,47.3946806,8.5278751
Uhlandstrasse,residential,47.3943527,8.5286904
Corrodistrasse,residential,47.3962285,8.5244661
Bruggerweg,residential,47.3972635,8.523682
Kürbergstrasse,residential,47.3994411,8.5075285
Wunderlistrasse,residential,47.3979578,8.5192548
Griesernweg,residential,47.3969358,8.5188374
Trottenstrasse,residential,47.39485,8.5240702
Grossmannstrasse,residential,47.3961621,8.5067338
Ampèrestrasse,residential,47.3933467,8.5194501
Binzallee,residential,47.3633826,8.5167187
Ohne Namen,residential,47.3679651,8.5110487
Höfliweg,residential,47.368364,8.5101392
Brahmsstrasse,residential,47.3784412,8.5037396
Gutstrasse,secondary,47.3771218,8.4994085
Gutstrasse,secondary,47.3772956,8.4989951
Campanellaweg,residential,47.3821772,8.5007582
Flüelastrasse,residential,47.3820494,8.4953048
Gerstenstrasse,residential,47.3900529,8.5251187
Imfeldsteig,residential,47.3882304,8.5320786
Hirschengraben,tertiary,47.370899,8.54715
Zürichbergstrasse,secondary,47.3766622,8.5602845
Zürichbergstrasse,tertiary,47.3762247,8.5597782
Bucheggstrasse,primary_link,47.3983778,8.5380607
Hirschwiesenstrasse,primary,47.3998591,8.5442007
Dreispitz,residential,47.41002,8.5643245
Tulpenweg,residential,47.4049735,8.563293
Wattstrasse,residential,47.4132347,8.5453933
Eisfeldstrasse,residential,47.4147551,8.5504902
Sonntagsteig,residential,47.3836629,8.545748
Guggachstrasse,residential,47.3966715,8.5377769
Langackerstrasse,residential,47.397272,8.5386944
Spitzackerstrasse,residential,47.39734,8.5378839
Zeppelinstrasse,residential,47.3963758,8.5352939
Kinkelstrasse,residential,47.3868498,8.5420717
Kinkelstrasse,residential,47.3871871,8.5429039
Gladbachstrasse,tertiary,47.3767594,8.5598006
Letzistrasse,residential,47.3924804,8.5497474
Hadlaubstrasse,residential,47.3924638,8.5506348
Büchnerstrasse,residential,47.3841532,8.5505833
Toblerstrasse,residential,47.3801912,8.5573808
Spyristrasse,residential,47.3825524,8.5522218
Haldenbachstrasse,residential,47.3812043,8.5508544
Am Wettingertobel,residential,47.40185,8.4975843
Tobeleggstrasse,residential,47.3993976,8.5025272
Stationsstrasse,residential,47.3729431,8.5199987
Erikastrasse,residential,47.371329,8.5195442
Wiesendangerstrasse,residential,47.3725062,8.5121854
Gertrudstrasse,residential,47.3713101,8.5118085
Nussbaumstrasse,residential,47.3709361,8.5130901
Gässli,residential,47.4026242,8.5004931
Bläsistrasse,residential,47.401752,8.501306
Gubelstrasse,residential,47.4077827,8.5468212
Ligusterstrasse,residential,47.4057555,8.5445945
Allenmoosstrasse,residential,47.4052698,8.5455001
Allenmoosstrasse,residential,47.4050383,8.5425317
Eschenweg,residential,47.4034054,8.5430665
Mimosenstrasse,residential,47.4026816,8.5458168
Begonienstrasse,residential,47.4022973,8.5454573
Hirschgartnerweg,residential,47.4009716,8.5453666
Bülachstrasse,tertiary,47.4027519,8.5478957
Probusweg,residential,47.4021612,8.549175
Rosmarinweg,residential,47.4033683,8.5499821
Murwiesenstrasse,residential,47.4018985,8.5549644
Frohburgstrasse,residential,47.3871474,8.548519
Frohburgstrasse,residential,47.3863652,8.5484066
Waldgartenweg,residential,47.4033383,8.5601233
Streitholzstrasse,residential,47.398591,8.5533887
Strickhofstrasse,residential,47.3951767,8.5455204
Krattenturmstrasse,residential,47.3927146,8.5513004
Möhrlistrasse,residential,47.3920342,8.5461093
Schäppistrasse,residential,47.3901178,8.5475155
Goldauerstrasse,residential,47.3882033,8.54968
Germaniastrasse,residential,47.3887016,8.5523909
Freudenbergstrasse,residential,47.3856205,8.5551079
Susenbergstrasse,residential,47.3829434,8.562552
Zur frohen Aussicht,residential,47.3894045,8.5507649
Frohburgstrasse,residential,47.3895034,8.5489298
Hadlaubsteig,residential,47.3880406,8.5492005
Rigistrasse,residential,47.3844256,8.5485932
Stäblistrasse,residential,47.3837887,8.5494423
Winkelriedstrasse,residential,47.3840065,8.5511748
Winkelriedstrasse,residential,47.3835765,8.5499837
Bionstrasse,residential,47.3835575,8.5527132
Landoltstrasse,residential,47.3824968,8.5504473
Winkelriedstrasse,residential,47.3834043,8.5488673
Huttenstrasse,residential,47.3829532,8.5487867
Schmelzbergstrasse,residential,47.3793563,8.5527765
Bolleystrasse,residential,47.3814099,8.548833
Voltastrasse,residential,47.3779131,8.5547268
Mommsenstrasse,residential,47.378199,8.5571345
Kantstrasse,residential,47.3760761,8.5574769
Gellertstrasse,residential,47.377097,8.5567302
Moussonstrasse,residential,47.3759492,8.5536019
Nägelistrasse,residential,47.3746204,8.5561786
Attenhoferstrasse,residential,47.3726602,8.5594414
Pestalozzistrasse,residential,47.3726959,8.5556925
Pestalozzistrasse,residential,47.3745614,8.5537473
Eleonorenstrasse,residential,47.3729826,8.5567307
Eleonorenstrasse,residential,47.3722864,8.5554057
Plattenstrasse,residential,47.3741002,8.552993
Asylstrasse,residential,47.3696636,8.5569456
Gemeindestrasse,residential,47.3694714,8.5554099
Restelbergstrasse,residential,47.3844297,8.5548901
Hinterbergstrasse,residential,47.3811264,8.5565719
Hinterbergstrasse,residential,47.3840242,8.5576122
Schlösslistrasse,residential,47.3844105,8.5567214
Schlösslistrasse,residential,47.3842184,8.5590502
Im Schilf,residential,47.3819474,8.5559163
Siriusstrasse,residential,47.3805149,8.5529918
Freudwilerweg,residential,47.3810241,8.554384
Turnerstrasse,residential,47.3850385,8.5439633
Kinkelstrasse,residential,47.387571,8.5436205
Schanzackerstrasse,residential,47.3908098,8.5474305
Langensteinenstrasse,residential,47.3954835,8.5462536
Letzistrasse,residential,47.3923224,8.5485785
Möhrlistrasse,residential,47.3878854,8.5482004
Milchbuckstrasse,residential,47.3953858,8.5401397
Stüssistrasse,residential,47.3921957,8.5407367
Stüssistrasse,residential,47.3911179,8.541844
Im Eisernen Zeit,residential,47.3907552,8.539826
Scheuchzerstrasse,residential,47.3952442,8.5425141
Langackerstrasse,residential,47.3992648,8.5371077
Guggerweg,residential,47.3973921,8.539291
Grabenwies,residential,47.4022803,8.5368418
Bristenstrasse,residential,47.3899453,8.4882435
Robert-Seidel-Hof,residential,47.3909074,8.4834367
Robert-Seidel-Hof,residential,47.3905829,8.4838583
Robert-Seidel-Hof,residential,47.391166,8.4822681
Hönggerrampe,secondary_link,47.3941822,8.4934794
Hönggerrampe,secondary_link,47.3942037,8.4942832
Hönggerrampe,secondary_link,47.3942498,8.4942521
Meierwiesenstrasse,secondary,47.3942263,8.4905698
Grünaustrasse,residential,47.3948575,8.4888558
Grünauring,residential,47.3955923,8.4892195
Pfingstweidstrasse,primary,47.3876393,8.5182934
Hardturmrampe,primary,47.3910621,8.5218241
Förrlibuckstrasse,primary,47.391573,8.5170161
Hardbrücke,primary,47.3922047,8.5236987
Giessereistrasse,residential,47.3905687,8.5161548
Sihlquai-Südrampe,tertiary,47.3905239,8.5233392
Walchestrasse,residential,47.3801749,8.5423976
Steinmühleplatz,residential,47.3737155,8.5370224
Steinmühlegasse,residential,47.3738036,8.5356061
Gerbergasse,residential,47.3750432,8.5369383
Gerbergasse,residential,47.3748134,8.5371618
Bahnhofstrasse,tertiary,47.3739147,8.538331
Oetenbachgasse,residential,47.3739187,8.538604
Stockerstrasse,tertiary,47.365699,8.5360109
Albisriederstrasse,secondary,47.3753557,8.4855069
Else-Züblin-Strasse,residential,47.3771852,8.4890925
Mathysweg,residential,47.3804997,8.4843912
Algierstrasse,residential,47.3792933,8.4793779
Arvenweg,residential,47.3822439,8.4826141
Buchlernstrasse,residential,47.3834417,8.4793095
Birmensdorferstrasse,secondary,47.3699417,8.5099143
Bändlistrasse,tertiary,47.3968133,8.4837244
Nordstrasse,tertiary,47.3946816,8.5262021
Röschibachstrasse,residential,47.3932861,8.5249163
Hönggerstrasse,tertiary,47.3921863,8.5244028
Wipkingerplatz,tertiary,47.3924825,8.5241634
Röschibachstrasse,tertiary,47.3929469,8.5245604
Wipkingerplatz,tertiary,47.3927832,8.5231711
Wipkingerbrücke,tertiary,47.3920672,8.5239649
Wipkingerplatz,tertiary,47.3926867,8.5229047
Wipkingerbrücke,tertiary,47.3916568,8.5232482
Dammstrasse,residential,47.3916142,8.5285745
Habsburgstrasse,residential,47.3916384,8.5276171
Habsburgstrasse,residential,47.3926074,8.5260716
Burgstrasse,residential,47.3911487,8.5271691
Leutholdstrasse,residential,47.3919465,8.5258753
Rütschistrasse,residential,47.3940463,8.5307579
Oskar-Bider-Strasse,residential,47.3946178,8.5375802
Glattstegweg,residential,47.407925,8.5744375
Kreuzwiesen,residential,47.4066654,8.5749865
Heerenwiesen,residential,47.4056329,8.5740782
Schürgistrasse,residential,47.4071933,8.5769362
Luegislandstrasse,residential,47.4090822,8.5736123
Heidwiesen,residential,47.4074313,8.5755912
Reinhold-Frei-Strasse,residential,47.4085902,8.4855526
Riedhofstrasse,residential,47.4036721,8.4967105
Giblenstrasse,residential,47.4121691,8.4812264
Imbisbühlhalde,residential,47.407066,8.4837063
Imbisbühlsteig,residential,47.4065294,8.4840498
Konrad-Ilg-Strasse,residential,47.4063246,8.4805862
Alte Mühlackerstrasse,residential,47.4240582,8.5056782
Aspholzstrasse,residential,47.4255898,8.5016651
Blumenfeldstrasse,residential,47.4245099,8.5048449
Blumenfeldstrasse,residential,47.4255067,8.5059139
Kolbenacker,residential,47.426507,8.5491457
Stiglenstrasse,residential,47.4276016,8.5480969
Sperletweg,residential,47.4246217,8.5497705
Limmattalstrasse,secondary,47.4051463,8.4798756
Hardhof,residential,47.397109,8.4962079
Hardhof,residential,47.3968215,8.4957237
Hermetschloobrücke,secondary,47.3949316,8.471883
Kolibriweg,residential,47.3846535,8.4761255
Stampfenbrunnenstrasse,residential,47.3854581,8.4779256
Girhaldenweg,residential,47.3843863,8.475693
Silvrettaweg,residential,47.3837977,8.4772956
Holzwiesweg,residential,47.3771055,8.4962918
Sackzelg,residential,47.3757401,8.4989149
Alfred-Strebel-Weg,residential,47.3714588,8.4942884
Gutstrasse,secondary,47.3742818,8.5023954
Birmensdorferstrasse,secondary,47.3688898,8.5020871
Uetlibergstrasse,secondary,47.3590593,8.516403
Freigutstrasse,residential,47.3689543,8.530169
Parkring,residential,47.3666357,8.5308191
Wiesliacher,residential,47.3545878,8.5990183
Schäracher,residential,47.3541881,8.5970839
Felsenstrasse,residential,47.3601545,8.5607988
Drahtzugstrasse,secondary,47.3606324,8.5610892
Drahtzugstrasse,residential,47.3600892,8.5617925
Ottostrasse,residential,47.3875056,8.5263488
Roggenstrasse,residential,47.3882643,8.5251524
Sihlquai-Nordrampe,tertiary,47.3905265,8.5249599
Brauerstrasse,residential,47.3790829,8.5246165
Feldgütliweg,residential,47.3733094,8.5239719
Bolistrasse,residential,47.3625975,8.5067028
Im Hagacker,residential,47.3588596,8.506468
Bachtobelstrasse,residential,47.354863,8.5037091
Uetliberghalde,residential,47.3533158,8.5090283
Adolf-Lüchinger-Strasse,residential,47.356377,8.5078661
Arbentalstrasse,residential,47.3599615,8.5082897
Zweierstrasse,residential,47.3695472,8.5177854
Kalkbreitestrasse,tertiary,47.372067,8.516713
Haslerstrasse,residential,47.3736541,8.517829
Meinrad-Lienert-Strasse,residential,47.3747701,8.5181248
Badenerstrasse,tertiary,47.3749894,8.5192965
Luggwegstrasse,tertiary,47.3885048,8.4911775
Dufourstrasse,secondary,47.3468025,8.5638959
Dufourstrasse,secondary,47.3474456,8.5635996
Witellikerstrasse,secondary,47.3517499,8.5767597
Enzenried,residential,47.3483184,8.5730827
Karl-Stauffer-Strasse,residential,47.3551993,8.5728709
Kartausstrasse,residential,47.3557763,8.5617864
Witellikerstrasse,residential,47.3476348,8.5792844
Neumünsterstrasse,secondary,47.3616924,8.5601523
Wonnebergstrasse,residential,47.3514198,8.5661683
August-Forel-Strasse,residential,47.3556382,8.5709826
Lengghalde,residential,47.3528145,8.5733027
Enzenbühlstrasse,residential,47.3514523,8.5811532
Wehrenbachhalde,residential,47.3559793,8.5800696
Eierbrechtstrasse,residential,47.3598588,8.5769975
Burenweg,residential,47.3568579,8.5791278
Sillerwies,residential,47.3590329,8.5789533
Drusbergstrasse,residential,47.3574202,8.5816347
Am Guggenberg,residential,47.35751,8.5849296
Luegete,residential,47.3596853,8.5832192
In der Sommerau,residential,47.3612964,8.5785487
Eichhalde,residential,47.3615073,8.5772731
Im Brächli,residential,47.3606268,8.580383
Buchholzstrasse,residential,47.3606754,8.5840633
Lehfrauenweg,residential,47.360491,8.5893761
Eschenhaustrasse,residential,47.3650378,8.5896417
An der Specki,residential,47.3631836,8.5946466
Trichtenhausenstrasse,tertiary,47.358296,8.5957121
Loorenstrasse,residential,47.3577844,8.5953896
Loorenstrasse,tertiary,47.3595777,8.5947248
Berghaldenstrasse,residential,47.3569591,8.597291
Carl-Spitteler-Strasse,residential,47.356993,8.5906137
Steinbrüchelstrasse,residential,47.3561481,8.5903949
Stodolastrasse,residential,47.3577084,8.5902057
Stodolastrasse,residential,47.3571045,8.5904875
Zweiackerstrasse,residential,47.3564965,8.5998052
Kienastenwiesweg,residential,47.3555201,8.6042134
Am Oeschbrig,residential,47.3576946,8.599352
Im Glockenacker,residential,47.3598817,8.5994706
Appenzellerstrasse,residential,47.4003097,8.5084444
Im Wingert,residential,47.4005461,8.5086822
Am Börtli,residential,47.3995755,8.5077787
Kettberg,residential,47.398594,8.5106317
Wehrlisteig,residential,47.3984883,8.5118617
Klusplatz,secondary,47.3644553,8.5664536
Billeterstrasse,residential,47.3790693,8.5663589
Forsterstrasse,residential,47.3815152,8.5602589
Rosenbühlstrasse,residential,47.3790622,8.5682704
Pilgerweg,residential,47.3806051,8.5698253
Pilatusstrasse,residential,47.372462,8.5690644
Aurorastrasse,residential,47.371811,8.5682162
Aurorastrasse,residential,47.3725532,8.5674968
Bergstrasse,secondary,47.3702412,8.5637543
Bergstrasse,secondary,47.3682555,8.5645422
Titlisstrasse,residential,47.3709126,8.5647282
Titlisstrasse,residential,47.3708137,8.5650772
Hauserstrasse,residential,47.372287,8.5663598
Keltenstrasse,residential,47.375405,8.5650843
Schützenstrasse,residential,47.3507858,8.5823584
Signaustrasse,residential,47.3633075,8.5571639
Neumünsterallee,residential,47.3616629,8.5574189
Billrothweg,residential,47.36292,8.5589138
Näfgasse,residential,47.362224,8.5586938
Minervastrasse,residential,47.3651646,8.5569317
Eidmattstrasse,residential,47.3643312,8.5574393
Neptunstrasse,residential,47.3654479,8.5577953
Böcklinstrasse,residential,47.3631152,8.5614064
Lunastrasse,residential,47.3644055,8.5595853
Strassburgstrasse,tertiary,47.3731158,8.5280177
Werdstrasse,tertiary,47.3724254,8.5277952
Werdstrasse,tertiary,47.372571,8.5289401
Stauffacherquai,tertiary,47.3722292,8.5309421
Hornergasse,residential,47.3742593,8.5360547
Steinmühleplatz,residential,47.3737972,8.5364993
St. Annagasse,residential,47.3734072,8.5362603
Lochmannstrasse,residential,47.3673455,8.5415328
Bahnhofstrasse,residential,47.3683492,8.5398193
Utoquai,primary_link,47.366482,8.5449193
Rämistrasse,primary,47.3674304,8.5453729
Utoquai,primary,47.3671435,8.544296
Bullingerstrasse,residential,47.3816224,8.509892
Bullingerstrasse,residential,47.3818842,8.5092603
Grimselstrasse,residential,47.3859818,8.488385
Furkastrasse,residential,47.3864937,8.4891498
Kanzleistrasse,residential,47.3739741,8.5273705
Quaibrücke,secondary,47.3667605,8.5421057
Nüschelerstrasse,tertiary,47.3729072,8.5354701
Basteiplatz,residential,47.3702744,8.5351576
Balderngasse,residential,47.3699611,8.53573
Basteiplatz,residential,47.3697092,8.5360743
Pfingstweidstrasse,primary,47.3932197,8.5004447
Bernerstrasse Nord,primary,47.3937915,8.496021
Sportweg,residential,47.3922181,8.506441
Tannenrauchstrasse,residential,47.3432055,8.5298793
Morgentalstrasse,residential,47.344239,8.5277297
Seestrasse,tertiary,47.3504527,8.5321661
Sternenstrasse,residential,47.359962,8.5325976
Luggwegstrasse,tertiary,47.3888685,8.4914128
Europabrücke,tertiary,47.3888531,8.4913441
Luggwegstrasse,tertiary,47.3885149,8.4911173
Allmendstrasse,primary,47.3432172,8.5193842
Ohne Namen,primary,47.3519334,8.5248777
Ohne Namen,primary,47.3515031,8.5250216
Allmendstrasse,primary,47.3371576,8.5191141
Zwirnerstrasse,residential,47.3375785,8.5170866
Zwirnerhalde,residential,47.3370905,8.5165959
Anton-Higi-Strasse,residential,47.4095986,8.5255113
Feusisbergli,residential,47.3929375,8.4710498
Tobeleggweg,residential,47.3977412,8.5016784
Giacomettistrasse,residential,47.404014,8.5039941
Segantinistrasse,residential,47.4061079,8.4965693
Segantinistrasse,residential,47.4082063,8.4902437
Bergellerstrasse,residential,47.4060312,8.4937128
Segantinistrasse,residential,47.4059386,8.4974826
Segantinistrasse,residential,47.405455,8.4991602
Am Holbrig,residential,47.4050833,8.4962072
Varlinweg,residential,47.4036806,8.5035169
Appenzellerweg,residential,47.4035558,8.5045868
Gessnerallee,tertiary,47.3751922,8.5347952
Maienburgweg,residential,47.3824693,8.5616514
Krönleinstrasse,residential,47.3827522,8.5601884
Fritz-Fleiner-Weg,residential,47.3817962,8.5609367
Schlössliweg,residential,47.3834164,8.5592141
Mittelbergsteig,residential,47.3799797,8.5602432
Mittelbergsteig,residential,47.3806658,8.5611996
Heubeeriweg,residential,47.3809436,8.5632889
Forstersteig,residential,47.3804541,8.5639965
Schreberweg,residential,47.377961,8.5681733
Ackermannstrasse,residential,47.3773423,8.56544
Finslerstrasse,residential,47.3786577,8.5613655
Köllikerstrasse,residential,47.3747649,8.5644032
Limmatplatz,tertiary,47.3843406,8.531359
Jungholzweg,residential,47.4128425,8.5446099
Döltschiweg,residential,47.362652,8.4978913
Brünneliacker,residential,47.3718008,8.4850661
Hagenbuchrain,residential,47.3727673,8.4841325
Nordstrasse,tertiary,47.3950713,8.5246832
Wipkingerweg,residential,47.3937394,8.5236541
Kleinertstrasse,residential,47.3944933,8.5233912
Waidstrasse,residential,47.3939992,8.5217434
Hofwiesenstrasse,tertiary,47.3934007,8.5377357
Hotzesteig,residential,47.3925413,8.5400527
Aegertenstrasse,residential,47.370025,8.521773
Dietzingerstrasse,residential,47.3694435,8.5216262
Winterthurerstrasse,primary,47.4032197,8.5559059
Ueberlandstrasse,tertiary,47.4051965,8.5595963
Ueberlandstrasse,secondary,47.4054657,8.5919663
Triemlistrasse,tertiary,47.3737034,8.4841265
Bocklerstrasse,residential,47.4023806,8.5671344
Hüttenkopfstrasse,residential,47.400907,8.5714757
Bändlistrasse,secondary,47.3946347,8.4914194
Meierwiesenstrasse,tertiary,47.3982,8.4941553
Am Wettingertobel,residential,47.4004832,8.4943516
Bäulistrasse,residential,47.399518,8.5020637
Kappenbühlweg,residential,47.4031768,8.4984684
Bäulistrasse,residential,47.4008321,8.5017488
Albisstrasse,secondary,47.3442549,8.5318469
Hardstrasse,secondary,47.3803738,8.5124191
Herdernstrasse,tertiary,47.3823262,8.5049554
Bachmattstrasse,residential,47.3895006,8.4837558
Ohne Namen,secondary_link,47.4180462,8.5542585
Rötelstrasse,tertiary,47.3924304,8.5348651
Spyriplatz,residential,47.3823971,8.5520854
Kraftstrasse,tertiary,47.3781196,8.5594665
Gladbachstrasse,tertiary,47.3768984,8.5595604
Winterthurerstrasse,primary,47.3861962,8.5481916
Sternenstrasse,residential,47.3597255,8.5316026
Albisstrasse,secondary,47.3383234,8.530098
Birmensdorferstrasse,residential,47.3670226,8.4963389
Seestrasse,secondary,47.3651672,8.5317299
Stampfenbachplatz,tertiary,47.3801032,8.5427841
Stampfenbachplatz,tertiary,47.3802284,8.5426404
Im Tiergarten,residential,47.3665124,8.5114195
Bühlstrasse,residential,47.3671333,8.5150909
Sieberstrasse,residential,47.3651821,8.5102658
Spiegelhofstrasse,residential,47.3734335,8.5594057
Zehntenhausstrasse,tertiary,47.4216292,8.5076589
Hohensteinweg,residential,47.3663119,8.4949752
Maneggpromenade,residential,47.333158,8.5143431
Kleeweidstrasse,residential,47.3299307,8.5138398
Stotzstrasse,residential,47.3315028,8.5128912
Sihlweidstrasse,residential,47.3268621,8.5164368
Grossackerstrasse,residential,47.3249984,8.5139181
Seestrasse,tertiary,47.3642069,8.5314928
Hörnlistrasse,residential,47.4020901,8.5509666
Zelghalde,residential,47.4131556,8.5285819
Ruchackerstrasse,residential,47.4125401,8.5267768
Zelgmatt,residential,47.4124338,8.5275352
Im Holzerhurd,residential,47.4233615,8.49787
Steinbrüchelstrasse,residential,47.3560021,8.5886379
Glaubtenstrasse,tertiary,47.4116629,8.5089986
Schauenbergstrasse,tertiary,47.414265,8.5062717
Zehntenhausstrasse,tertiary,47.4197317,8.5065993
Jonas-Furrer-Strasse,residential,47.419938,8.5086685
Riedenhaldenstrasse,residential,47.4183349,8.5119338
Ankenweid,residential,47.3291142,8.5155458
Klopstockstrasse,residential,47.3614635,8.5256187
Rämistrasse,primary,47.3715738,8.5502171
Alfred-Escher-Strasse,primary,47.3567949,8.5347957
Angererstrasse,residential,47.3666303,8.5318294
Aubrigstrasse,residential,47.3672942,8.5308266
Manessestrasse,primary,47.3694771,8.5262056
Manessestrasse,primary,47.3675364,8.5235378
Tunnelstrasse,primary,47.3685227,8.5291135
Franzosenweg,residential,47.393991,8.588626
Frohburgstrasse,residential,47.403615,8.5604973
Milchbuckstrasse,residential,47.3943792,8.54145
Schaffhauserstrasse,tertiary,47.399221,8.542396
Rötelstrasse,tertiary,47.3928756,8.5343921
Kornhausstrasse,tertiary,47.3873276,8.5353802
Tunnelstrasse,primary,47.3684938,8.5288695
Tunnelstrasse,primary,47.3662858,8.5318347
Alfred-Escher-Strasse,primary,47.3632389,8.5336116
Allmendstrasse,residential,47.3520495,8.5254729
Allmendstrasse,primary,47.3576214,8.521546
Allmendstrasse,primary,47.3377174,8.5192034
Häldeliweg,residential,47.3779398,8.5558264
Zederstrasse,residential,47.3741638,8.553593
Irisstrasse,residential,47.3719025,8.5557261
Hofstrasse,residential,47.370586,8.5569469
Ritterstrasse,residential,47.3709194,8.556418
Freiensteinstrasse,residential,47.3705667,8.5554286
Butzenstrasse,secondary,47.3396084,8.5224156
Butzenstrasse,secondary,47.3406114,8.5238323
Freiestrasse,residential,47.3720785,8.5534937
Freiestrasse,residential,47.3738637,8.5520908
Freiestrasse,residential,47.3702214,8.555154
Schönleinstrasse,residential,47.3739572,8.5522138
Phönixweg,residential,47.3737663,8.5527137
Treichlerstrasse,residential,47.3706641,8.5577638
Fehrenstrasse,residential,47.3710842,8.5584672
Schönbühlstrasse,residential,47.3698547,8.5573491
Sophienstrasse,residential,47.3691103,8.5584851
Unionstrasse,residential,47.3695544,8.5581227
Wäldlistrasse,residential,47.3685735,8.559408
Utobrücke,secondary,47.3601624,8.5233469
Bederstrasse,secondary,47.3645921,8.5304621
Bederstrasse,secondary,47.3647934,8.5308744
Staubstrasse,residential,47.3472912,8.5323592
Winterthurerstrasse,primary,47.3889118,8.5463709
Winterthurerstrasse,primary,47.3889118,8.5463496
Hofwiesenstrasse,tertiary,47.3927294,8.5379966
Schaffhauserstrasse,tertiary,47.3907871,8.5389484
Kinkelstrasse,residential,47.3878718,8.5441059
Im Stelzenacker,residential,47.4157578,8.4819731
Im oberen Boden,residential,47.4162244,8.4788173
Rütihofstrasse,residential,47.4141383,8.4791292
Hans-Huber-Strasse,residential,47.3535219,8.5304929
Bäulistrasse,residential,47.3978186,8.5032755
Schönberggasse,residential,47.3731801,8.5499274
Marderstrasse,residential,47.4252397,8.5114553
Bächtoldstrasse,residential,47.374873,8.5570677
Walchestrasse,tertiary,47.3794759,8.5428232
Walchestrasse,tertiary,47.378632,8.5424899
Langmauerstrasse,residential,47.3939513,8.5447441
Tannenstrasse,tertiary,47.3773434,8.5483861
Weinbergstrasse,tertiary,47.3791227,8.5442336
Walchebrücke,tertiary,47.378703,8.5420355
Walchebrücke,tertiary,47.3786209,8.541631
Förrlibuckstrasse,residential,47.3937848,8.5055232
Arnikaweg,residential,47.4148643,8.5313156
Friesenbergstrasse,tertiary,47.3690116,8.5126486
Haldenstrasse,residential,47.3696313,8.5124428
Haldenstrasse,residential,47.3682233,8.5140541
Talwiesenstrasse,residential,47.3673337,8.5128505
Untergraben,residential,47.3606588,8.5133134
Wiedingstrasse,residential,47.3684094,8.5173903
Gotthelfstrasse,residential,47.3685165,8.5197218
Schlossgasse,secondary,47.368946,8.5196488
Brinerstrasse,residential,47.3691722,8.5184562
Zurlindenstrasse,tertiary,47.3717722,8.5183174
Zurlindenstrasse,residential,47.3689378,8.5214293
Birmensdorferstrasse,secondary,47.3703237,8.5184293
Birmensdorferstrasse,secondary,47.369793,8.5204399
Bachtobelstrasse,residential,47.3582744,8.5097596
Rotachstrasse,residential,47.3701393,8.5159553
Bremgartnerstrasse,residential,47.3701466,8.5170895
Schwendenweg,residential,47.3692853,8.5177466
Steinstrasse,tertiary,47.368824,8.5196954
Steinstrasse,tertiary,47.3684146,8.5196913
Hopfenstrasse,residential,47.3650955,8.5210423
Riedmattstrasse,residential,47.3693129,8.5117016
Birmensdorferstrasse,secondary,47.3678424,8.4947232
Birmensdorferstrasse,residential,47.3676121,8.4956346
Birmensdorferstrasse,residential,47.3676688,8.4958156
Mutschellenstrasse,tertiary,47.3502757,8.5277893
Manessestrasse,primary,47.3652811,8.5216226
Edenstrasse,residential,47.359855,8.5214429
Staffelstrasse,residential,47.3612878,8.521952
Ruhestrasse,residential,47.3604738,8.522335
Georg-Kempf-Strasse,residential,47.4207718,8.4985821
Jenatschstrasse,residential,47.3640592,8.534028
Splügenstrasse,residential,47.3643072,8.533507
Alfred-Escher-Strasse,primary,47.3658044,8.5321913
Förrlibuckstrasse,residential,47.391913,8.5106902
Claridenstrasse,residential,47.3655916,8.5386656
Gotthardstrasse,residential,47.3659349,8.5365475
Gotthardstrasse,residential,47.3655995,8.5355992
Gotthardstrasse,residential,47.3649707,8.5335069
Alfred-Escher-Strasse,residential,47.3651926,8.5323637
Tunnelstrasse,secondary,47.3664527,8.5316025
Alfred-Escher-Strasse,primary,47.3640843,8.533222
Goldbrunnenstrasse,residential,47.3674922,8.5162982
Schlossgasse,residential,47.368651,8.5184513
Borrweg,residential,47.3624614,8.5079458
Rankstrasse,residential,47.360889,8.5654381
Lindenhofstrasse,residential,47.3744686,8.5403662
Lindenhofstrasse,residential,47.374139,8.5403425
Lindenhofstrasse,residential,47.3753376,8.5408792
Färberstrasse,residential,47.36192,8.548388
Florastrasse,residential,47.3606796,8.5480027
Seefeldquai,residential,47.3600154,8.5476854
Seefeldstrasse,residential,47.3460427,8.5656109
Zollstrasse,residential,47.3800514,8.5355833
Lindenstrasse,residential,47.3580228,8.5531925
Lindenstrasse,residential,47.3572181,8.5501674
Klausstrasse,residential,47.3593214,8.5521649
Mittelstrasse,residential,47.3578175,8.5517733
Blumenweg,residential,47.3589402,8.5527089
Mainaustrasse,residential,47.3608208,8.5509237
Magnolienstrasse,residential,47.3603968,8.5512861
Wiesenstrasse,residential,47.361989,8.5509589
Eisengasse,residential,47.3629312,8.5520062
Eisengasse,residential,47.362439,8.550852
Hallenstrasse,residential,47.3632956,8.548621
Oetenbachgasse,residential,47.3741495,8.5411069
Schützengasse,residential,47.376218,8.540497
Kurzgasse,residential,47.3772641,8.527596
Anemonenstrasse,residential,47.3808222,8.49554
Schulhausstrasse,residential,47.3603012,8.5249232
Richard-Wagner-Strasse,residential,47.3599594,8.5326172
Salzweg,residential,47.3867942,8.4698115
Traubenstrasse,residential,47.3604279,8.5320481
Sternenstrasse,residential,47.3603112,8.534834
Europabrücke,tertiary,47.3888721,8.4912435
Ohne Namen,tertiary_link,47.3898551,8.4916832
Physikstrasse,residential,47.3784427,8.5522409
Röschibachsteig,residential,47.3938377,8.5265286
Waidstrasse,residential,47.3961565,8.522655
Waidstrasse,residential,47.3974944,8.5226429
Hauswiesenstrasse,residential,47.4138897,8.4756276
Hurdäckerstrasse,residential,47.4135961,8.4772308
Naglerwiesenstrasse,residential,47.4126788,8.4819787
Tièchestrasse,tertiary,47.3980004,8.5283755
Trottenstrasse,residential,47.3956715,8.5191253
Trottenstrasse,residential,47.3949487,8.5228699
Röschibachweg,residential,47.3939038,8.5261227
Rosengartenbrücke,tertiary,47.3941524,8.5264167
Wasserwerkstrasse,tertiary,47.3844434,8.537922
Wasserwerkstrasse,tertiary,47.383366,8.5396808
Gasometerstrasse,residential,47.3859817,8.5312303
Kasernenstrasse,residential,47.3767196,8.5349968
Albertstrasse,residential,47.3862728,8.5260943
Gessnerallee,residential,47.3768428,8.5369859
Schützengasse,residential,47.3769539,8.537684
Güetliweg,residential,47.4129477,8.5306597
Pelikanstrasse,residential,47.3719974,8.5371563
Rautistrasse,tertiary,47.3821696,8.4884718
Mühlezelgstrasse,residential,47.3764453,8.4946167
Sackzelg,residential,47.3745557,8.4977713
Fellenbergstrasse,residential,47.3740012,8.5000107
Albisriederstrasse,secondary,47.3774957,8.5032898
Albisriederstrasse,secondary,47.3779224,8.508386
Kalkbreitestrasse,tertiary,47.3730501,8.5185738
Kalkbreitestrasse,tertiary,47.3727011,8.5178474
Birmensdorferstrasse,secondary,47.370235,8.5212671
Aegertenstrasse,residential,47.369376,8.5225348
Saatlenstrasse,residential,47.4062817,8.568038
Zollikerstrasse,tertiary,47.3645232,8.5544433
Obsthaldenstrasse,residential,47.4134214,8.5194298
Gablerstrasse,residential,47.3588017,8.5281293
Bruchstrasse,residential,47.336565,8.5205884
Luggwegstrasse,tertiary,47.3894141,8.4913768
Lerchenstrasse,residential,47.3594524,8.521561
Rüdigerstrasse,residential,47.3607399,8.5218041
Staffelstrasse,residential,47.360857,8.5210268
Unterwerkstrasse,residential,47.4228464,8.5548892
Unterwerkstrasse,residential,47.4230319,8.5525425
Leutschenbachstrasse,residential,47.4163306,8.5564983
Köschenrütistrasse,residential,47.4260754,8.5364408
Schaffhauserstrasse,primary,47.4222613,8.550634
Glatttalstrasse,tertiary,47.4284625,8.5453794
Ausserdorfstrasse,residential,47.4250818,8.5472838
Kolbenacker,residential,47.4255313,8.5470084
Hertensteinstrasse,residential,47.4245781,8.5433265
Hertensteinstrasse,residential,47.4249657,8.5435668
Bärenbohlstrasse,tertiary,47.42611,8.509806
Fronwaldstrasse,residential,47.417752,8.5162198
Aubruggweg,residential,47.4124317,8.5680642
Opfikonstrasse,residential,47.4132642,8.5724562
Sihlhallenstrasse,residential,47.3800995,8.5262412
Dienerstrasse,residential,47.3788056,8.5263875
Brauerstrasse,residential,47.3783924,8.5259268
Hohlstrasse,residential,47.3768803,8.5281543
Müllerstrasse,residential,47.3755781,8.5292572
Hohlstrasse,residential,47.3775055,8.5260705
Dienerstrasse,residential,47.3780557,8.5278413
Tellstrasse,residential,47.3791233,8.529309
Zwinglistrasse,residential,47.3787498,8.5279663
Hohlstrasse,residential,47.3773564,8.5264274
Hellmutstrasse,residential,47.3786859,8.524446
Magnusstrasse,residential,47.3805518,8.5256721
Zinistrasse,residential,47.3792673,8.5259074
Zinistrasse,residential,47.3795372,8.5262301
Gamperstrasse,residential,47.3805189,8.5245826
Herman-Greulich-Strasse,residential,47.3779097,8.5197458
Pflanzschulstrasse,residential,47.3785422,8.5218632
St. Jakobstrasse,residential,47.375337,8.530248
Nietengasse,residential,47.3791113,8.525188
Brauerstrasse,residential,47.3788301,8.5250855
Glaubtenstrasse,tertiary,47.410547,8.5052428
Weststrasse Wallisellen,secondary,47.4089118,8.5798165
Weststrasse Wallisellen,secondary,47.4093912,8.5801982
Geroldstrasse,tertiary,47.3860306,8.5184546
Zurlindenstrasse,residential,47.369314,8.5209144
Gessnerallee,tertiary,47.3763764,8.5363243
Gessnerallee,tertiary,47.3733328,8.5330983
Allmendstrasse,primary,47.3538772,8.523965
Brunaubrücke,primary,47.3530698,8.5244253
Allmendstrasse,primary,47.3527813,8.5246738
Lessingstrasse,residential,47.3537063,8.5251028
Döltschiweg,residential,47.3673987,8.5082642
Marbachweg,residential,47.3298751,8.5164485
Hüslibachstrasse,residential,47.3289415,8.5149067
Florhofgasse,residential,47.3721518,8.5489817
Batteriesteig,residential,47.3876739,8.5536575
Europabrücke,tertiary,47.3919074,8.4925058
Bläsistrasse,residential,47.4022491,8.5023215
Gsteigstrasse,residential,47.4056204,8.5037784
Bahnhofquai,tertiary,47.3770284,8.5415605
Bahnhofquai,tertiary,47.3763769,8.5417275
Bahnhofquai,tertiary,47.3758353,8.5419586
Bahnhofquai,tertiary,47.3770019,8.5417856
Bahnhofquai,tertiary,47.3775406,8.5418662
Asylstrasse,secondary,47.3689436,8.5578698
General-Guisan-Quai,secondary,47.3661802,8.540488
Quaibrücke,secondary,47.3669373,8.543139
Quaibrücke,secondary,47.3668311,8.5431795
Utoquai,primary,47.3655828,8.5454314
Utoquai,secondary_link,47.3662552,8.545101
Waldmannstrasse,residential,47.3686073,8.5464847
Zeugwartgasse,residential,47.3708538,8.5399471
Neumühlequai,tertiary,47.3781354,8.5428208
Bahnhofquai,tertiary,47.3770981,8.5417716
Bahnhofquai,tertiary,47.3784607,8.5415319
Rousseaustrasse,tertiary,47.3867365,8.5351361
Rousseaustrasse,residential,47.3877319,8.5343581
Rousseaustrasse,tertiary,47.3863562,8.5352226
Wasserwerkstrasse,tertiary,47.385657,8.5359788
Nordstrasse,tertiary,47.3942672,8.5270435
Rosengartenstrasse,primary,47.394661,8.5255791
Regensdorferstrasse,tertiary,47.4123463,8.4838613
Frankentalerstrasse,secondary,47.4136131,8.4810347
Geeringstrasse,residential,47.4150265,8.4781023
Rütihofstrasse,residential,47.413423,8.4765682
Frankentalerstrasse,secondary,47.4054107,8.4808003
Hohlstrasse,tertiary,47.3903295,8.4906
Hohlstrasse,tertiary,47.391177,8.4879103
Binzmühlestrasse,secondary,47.4139519,8.5435375
Jungholzstrasse,residential,47.4126916,8.5442485
Weihersteig,residential,47.3978553,8.528339
Bucheggstrasse,primary,47.3981779,8.5365009
Bucheggstrasse,primary,47.3981366,8.5354072
Limmatplatz,residential,47.3843749,8.5320547
Josefstrasse,residential,47.3876959,8.5210887
Limmatstrasse,tertiary,47.3852384,8.5307967
Birmensdorferstrasse,residential,47.3726714,8.5271766
Kalkbreitestrasse,tertiary,47.3742382,8.5211192
Elisabethenstrasse,residential,47.3735426,8.5218541
Zweierstrasse,tertiary,47.3720816,8.5225678
Sihlfeldstrasse,residential,47.3772118,8.5163719
Bellerivestrasse,primary,47.3498581,8.5611075
Bellerivestrasse,primary,47.3514951,8.5591871
Im Kratz,residential,47.3741287,8.4830894
Rotbuchstrasse,tertiary,47.392611,8.5325377
Weinbergstrasse,tertiary,47.3905755,8.5396554
Weinbergstrasse,tertiary,47.390519,8.5396385
Universitätstrasse,primary,47.3830503,8.5481661
Toblerstrasse,residential,47.376719,8.5629033
Kraftstrasse,tertiary,47.3769141,8.5598492
Gloriastrasse,tertiary,47.3758538,8.5589776
Zollikerstrasse,secondary,47.3598503,8.5575232
Zollikerstrasse,tertiary,47.3587313,8.5584665
Hammerstrasse,residential,47.3599948,8.5644878
Drahtzugstrasse,residential,47.3603328,8.5614592
Wildbachstrasse,residential,47.3556166,8.5579568
Hornbachstrasse,residential,47.3564102,8.5566564
Birmensdorferstrasse,secondary,47.3706283,8.5166323
Bederstrasse,secondary,47.3634337,8.5279416
Bederstrasse,secondary,47.3602484,8.523641
Uetlibergstrasse,secondary,47.3577939,8.5149062
Uetlibergstrasse,residential,47.3532573,8.5113646
Wasserwerkstrasse,tertiary,47.3830067,8.5403431
Stöckenackerstrasse,residential,47.4226234,8.5104799
Binzmühlestrasse,tertiary,47.4147567,8.5192446
Binzmühlestrasse,tertiary,47.4137121,8.523169
Wehntalerstrasse,primary,47.4031179,8.5348686
Künzlistrasse,residential,47.4051503,8.5345852
Heinrichstrasse,residential,47.389438,8.521481
Viaduktstrasse,residential,47.3864618,8.5224665
Gsteigstrasse,tertiary,47.4029109,8.5003255
Gsteigstrasse,tertiary,47.4025502,8.4995237
Triemlihalde,residential,47.3650228,8.4938467
Uetlibergstrasse,residential,47.3530751,8.5107931
Schweighofstrasse,secondary,47.3635947,8.5036055
Gutstrasse,secondary,47.3734171,8.5037264
Gutstrasse,secondary,47.3750623,8.5015427
Albisriederstrasse,secondary,47.3774284,8.499574
Albisriederstrasse,secondary,47.3784292,8.4938661
Rautistrasse,tertiary,47.3809989,8.4920519
Baslerstrasse,residential,47.3864211,8.4966169
Bleicherweg,residential,47.3671542,8.5338303
Ohne Namen,residential,47.3713432,8.5299781
Albisstrasse,secondary,47.338691,8.5300818
Binzmühlestrasse,secondary,47.4138024,8.5463838
Albisriederstrasse,secondary,47.3778542,8.4979643
Triemlistrasse,tertiary,47.3691441,8.4919477
Schaffhauserstrasse,primary,47.3997548,8.5427518
Hardturmstrasse,primary,47.3913035,8.5203505
Sihlquai-Südrampe,tertiary,47.3904431,8.5249344
Sihlquai-Nordrampe,tertiary,47.3909625,8.5238404
Konradstrasse,residential,47.3817463,8.5340101
Manessestrasse,primary,47.3673783,8.5232553
Schaffhauserstrasse,residential,47.4108059,8.5465878
Gotthardstrasse,residential,47.364722,8.5323617
Winterthurerstrasse,primary,47.3970545,8.5458991
Winterthurerstrasse,primary,47.3977584,8.5464283
Winterthurerstrasse,primary,47.398327,8.5470722
Winterthurerstrasse,primary,47.397721,8.5465443
Nidelbadstrasse,residential,47.3340364,8.5340306
Seestrasse,secondary,47.3441976,8.5343972
Kalchbühlstrasse,residential,47.3364429,8.5333988
Widmerstrasse,residential,47.3378056,8.5354319
Albisstrasse,secondary,47.3344513,8.529977
Azurstrasse,residential,47.4083806,8.5400169
Glaubtenstrasse,tertiary,47.4111598,8.5067721
Genferstrasse,residential,47.3663184,8.5333096
Tödistrasse,residential,47.3687386,8.5328238
Beethovenstrasse,residential,47.3665048,8.5365309
Beethovenstrasse,residential,47.3654582,8.5373189
Bauhallengasse,residential,47.3752732,8.5243078
Schaffhauserstrasse,primary,47.4053843,8.5483551
Tramstrasse,residential,47.4086009,8.5506844
Schaffhauserstrasse,primary,47.409041,8.5464037
Wallisellenstrasse,residential,47.4104854,8.5493927
Wallisellenstrasse,residential,47.4103907,8.5485017
Albisriederstrasse,secondary,47.3748396,8.4835963
Talchernsteig,residential,47.4030496,8.4880494
Talchernstrasse,residential,47.40297,8.4889243
Binzmühlestrasse,tertiary,47.4129535,8.5373259
Binzmühlestrasse,secondary,47.4140118,8.5411479
Birchstrasse,residential,47.4170134,8.5382834
Neunbrunnenstrasse,residential,47.4169467,8.5382087
Seebacherstrasse,tertiary,47.4219729,8.5388179
Käshaldenstrasse,tertiary,47.4300427,8.5374861
Schaffhauserstrasse,primary,47.4194485,8.5479943
Kasernenstrasse,tertiary,47.3749276,8.5328426
Höschgasse,secondary,47.3580996,8.5556597
Grütlistrasse,residential,47.3613025,8.5311867
Bluntschlisteig,residential,47.3623649,8.530773
Felsenkellerweg,residential,47.3628248,8.5290136
Wehntalerstrasse,primary,47.4020053,8.5359501
Enzenbühlstrasse,residential,47.3490134,8.5727398
Südstrasse,residential,47.3508115,8.5672853
Zollikerstrasse,residential,47.3516813,8.5632286
Hambergersteig,residential,47.3510565,8.5617632
Breitingerstrasse,residential,47.3625311,8.5343716
Breitingerstrasse,residential,47.362306,8.5326246
Tunnelstrasse,secondary,47.3665199,8.5318713
General-Wille-Strasse,tertiary,47.3633743,8.5335157
Katzenbachstrasse,residential,47.4247984,8.5414284
Emil-Klöti-Strasse,tertiary,47.403873,8.5062774
Europabrücke,secondary,47.3997011,8.4953626
Am Wasser,tertiary,47.3996516,8.4960719
Limmatplatz,tertiary,47.3849418,8.531293
Limmatplatz,tertiary,47.3847832,8.5314901
Limmatplatz,residential,47.3843231,8.5319219
Langstrasse,residential,47.3790601,8.5273564
Badenerstrasse,tertiary,47.3744383,8.5218781
Goldbrunnenstrasse,residential,47.3688112,8.514889
Saumstrasse,residential,47.371792,8.5123347
Bucheggplatz,tertiary,47.3987772,8.5329966
Wehntalerstrasse,primary,47.4116499,8.5252891
Wehntalerstrasse,primary,47.4189662,8.5069435
Schaffhauserstrasse,primary,47.4081721,8.5467316
Winterthurerstrasse,primary,47.4051281,8.5777531
Im Holzerhurd,residential,47.4238847,8.4945755
Im Holzerhurd,residential,47.422836,8.4945888
Hungerbergstrasse,residential,47.419801,8.5003138
Sihlporte,tertiary,47.3724457,8.5343289
Martastrasse,residential,47.3768575,8.5157601
Hildastrasse,residential,47.376443,8.5160238
Wallisellenstrasse,tertiary,47.4106058,8.5507967
Thurgauerstrasse,secondary,47.409434,8.5499235
Binzmühlestrasse,tertiary,47.4141434,8.5501586
Hirzelstrasse,residential,47.380881,8.5146165
Ernastrasse,residential,47.3808957,8.5163622
Erismannstrasse,residential,47.3793436,8.5186652
Erismannstrasse,residential,47.3785973,8.5179654
Erismannstrasse,residential,47.3775829,8.5171556
Kanzleistrasse,residential,47.3778975,8.518114
Kanzleistrasse,residential,47.3784296,8.5168364
Ernastrasse,residential,47.3800594,8.5181093
Anny-Klawa-Platz,residential,47.3769818,8.5165843
Karl-Bürkli-Strasse,residential,47.3768228,8.5175432
Witikonerstrasse,secondary,47.3633414,8.5674223
Hofackerstrasse,secondary,47.3614321,8.5633781
Witikonerstrasse,secondary,47.3598941,8.5946472
Trichtenhausenstrasse,tertiary,47.3544216,8.6012379
Zypressenstrasse,residential,47.3781572,8.5139999
Kochstrasse,residential,47.3780509,8.5155036
Hardaustrasse,residential,47.3777748,8.5097935
Friedaustrasse,residential,47.3773553,8.5111389
Vorderberg,tertiary,47.376444,8.5593822
Idastrasse,residential,47.3726266,8.5157386
Gertrudstrasse,residential,47.3735808,8.5154477
Riedenholzstrasse,residential,47.4262174,8.5364275
Zehntenhausstrasse,tertiary,47.4239068,8.5083313
Marienstrasse,residential,47.3744187,8.5180488
Zentralstrasse,residential,47.3733473,8.5174802
Fuchsiastrasse,residential,47.3833446,8.4970184
Fuchsiastrasse,residential,47.3826244,8.4984308
Enzianweg,residential,47.3831196,8.4985773
Cyklamenweg,residential,47.3825508,8.5002971
Eglistrasse,residential,47.3834899,8.511078
Freischützgasse,residential,47.3772225,8.5328182
Tellstrasse,residential,47.3793629,8.5295716
Traktorenstrasse,residential,47.4295015,8.537641
Köschenrütistrasse,residential,47.4294877,8.5368175
Schaffhauserstrasse,primary,47.4167587,8.5453092
Neunbrunnenstrasse,residential,47.4172284,8.5451706
Weisshau,residential,47.4176647,8.5416781
Kolbenacker,residential,47.4264572,8.5485127
Gerhardstrasse,residential,47.3708462,8.5235556
Zurlindenstrasse,tertiary,47.3697861,8.5202342
Limmatquai,residential,47.3688517,8.5437341
Wasserschöpfi,residential,47.3682961,8.5063974
Wasserschöpfi,residential,47.3659925,8.5078746
Stauffacherstrasse,tertiary,47.3770122,8.5240271
Langstrasse,residential,47.3769041,8.5260355
Hildastrasse,residential,47.3768458,8.5150227
Eichbühlstrasse,residential,47.3818392,8.513101
Hardstrasse,secondary,47.3813688,8.5133975
Dennlerstrasse,residential,47.3816359,8.4981893
Rautistrasse,tertiary,47.3800405,8.4941613
Albisriederstrasse,secondary,47.3785955,8.496576
Gmeimeriweg,residential,47.3803755,8.4949676
Keltenstrasse,secondary,47.376277,8.5619776
Schneckenmannstrasse,residential,47.3752559,8.5593489
Witikonerstrasse,secondary,47.3625033,8.5683426
Wipkingerbrücke,tertiary,47.3921899,8.5236237
Hönggerstrasse,tertiary,47.3913101,8.5262753
Tischlerweg,residential,47.3915464,8.471731
Winterthurerstrasse,primary,47.4069715,8.5855028
Ueberlandstrasse,primary,47.4066308,8.5877402
Ueberlandstrasse,secondary,47.4058873,8.5908611
Friesenbergstrasse,residential,47.3586576,8.4973339
Marsstrasse,residential,47.3613117,8.5347162
Zollikerstrasse,tertiary,47.3625148,8.5555709
Kreuzplatz,residential,47.3651182,8.5540027
Waldhausstrasse,residential,47.374975,8.5681797
Waldhausstrasse,residential,47.3756666,8.5680237
Ebelstrasse,residential,47.3738415,8.5665572
Bristenstrasse,residential,47.3890313,8.4879148
Altweg,residential,47.3713965,8.4920969
Mattackerstrasse,residential,47.424575,8.5514185
Buchwiesen,residential,47.4267445,8.5425523
Birchstrasse,residential,47.4259977,8.5430041
Käshaldenstrasse,tertiary,47.4328891,8.5265651
Europabrücke,tertiary,47.390085,8.4917149
Rautistrasse,tertiary,47.3870367,8.4727606
Albisriederstrasse,secondary,47.3757179,8.4876585
Gutstrasse,secondary,47.3740172,8.5026497
Gutstrasse,secondary,47.3743109,8.5024586
Bellerivestrasse,primary,47.3502139,8.5607046
Gladbachstrasse,tertiary,47.3822772,8.5517999
Bederstrasse,secondary,47.3615804,8.5259294
Mutschellenstrasse,tertiary,47.3526549,8.5271731
Uetlibergstrasse,residential,47.3526178,8.5086386
Rütihofstrasse,residential,47.4136221,8.4775145
Limmattalstrasse,secondary,47.4051891,8.4812715
Glatttalstrasse,tertiary,47.4279047,8.5457437
Glatttalstrasse,tertiary,47.4305392,8.5442451
Schaffhauserstrasse,primary,47.4218909,8.550341
Schaffhauserstrasse,primary,47.4219901,8.5504194
Glaubtenstrasse,tertiary,47.4140702,8.5188437
Schönauweg,residential,47.4273267,8.5395008
Grünhaldenstrasse,residential,47.4166965,8.5467257
Schaffhauserstrasse,primary,47.4173462,8.5456605
Schaffhauserstrasse,primary,47.4171738,8.5457987
Friesstrasse,primary,47.4171417,8.5456513
Brunaustrasse,tertiary,47.3546052,8.5264401
Sempacherstrasse,residential,47.3614679,8.5680206
Hardbrücke,primary,47.382947,8.51397
Eggbühlstrasse,residential,47.4170376,8.5419208
Klingenstrasse,residential,47.3817546,8.5334069
Ohne Namen,residential,47.3810192,8.5322476
Zollstrasse,residential,47.3818341,8.5294699
Grünhaldenstrasse,residential,47.4184924,8.5478477
Erlachstrasse,residential,47.3677783,8.52105
Zweierstrasse,tertiary,47.3726226,8.524827
Birchstrasse,residential,47.4274258,8.5459653
Birchstrasse,residential,47.4272778,8.5458609
Glatttalstrasse,secondary,47.4272438,8.5462627
Talstrasse,tertiary,47.3669435,8.5399129
Dörflistrasse,primary,47.4087341,8.5504321
Wehrenbachhalde,residential,47.3558066,8.5803763
Buchholzstrasse,residential,47.3606222,8.5905244
Loorenhalde,residential,47.3638783,8.5912883
Schöneichstrasse,residential,47.4042167,8.5575356
Ueberlandstrasse,primary_link,47.4070325,8.5866698
Winterthurerstrasse,primary,47.4028593,8.5542055
Ueberlandstrasse,tertiary,47.4100445,8.5745488
Grubenackerstrasse,residential,47.415969,8.5510428
Zum Sillerblick,residential,47.358905,8.5828928
Im Trichtisal,residential,47.3545742,8.6019131
Möcklistrasse,residential,47.357615,8.5957747
Im Brächli,residential,47.3600208,8.5809416
Loorenrank,residential,47.3586938,8.5956208
Hegibachstrasse,residential,47.3646277,8.5664344
Hegibachstrasse,residential,47.3647637,8.5664407
Dreiwiesenstrasse,tertiary,47.3760901,8.584205
Sternenstrasse,residential,47.3601977,8.5337451
Schärenmoosstrasse,residential,47.420847,8.5508596
Rämistrasse,primary,47.3753015,8.5493103
Rämistrasse,primary,47.3767993,8.5485357
Hirschgartnerweg,residential,47.4011376,8.546339
In der Müseren,residential,47.3625598,8.615785
Hinterbergstrasse,residential,47.3797232,8.5557676
Haselweg,residential,47.3733239,8.5566209
Herzogstrasse,residential,47.3796457,8.5572134
Im Klösterli,residential,47.3849469,8.5766523
Orellistrasse,residential,47.3832212,8.5625964
Rislingstrasse,residential,47.3789125,8.5581484
Klosbachstrasse,residential,47.3704298,8.5646112
Cäcilienstrasse,residential,47.3704927,8.5529126
Wilfriedstrasse,residential,47.3694353,8.5547216
Doldertal,residential,47.372964,8.56451
Kasinostrasse,residential,47.3685134,8.5550211
Sprecherstrasse,residential,47.3672892,8.5521963
Sprensenbühlstrasse,residential,47.3685615,8.5634939
Wartstrasse,residential,47.3652797,8.5627684
Belsitostrasse,residential,47.3748301,8.561977
Spyristrasse,residential,47.382031,8.5511727
Spyristrasse,residential,47.3829942,8.5528711
Weineggstrasse,residential,47.3600916,8.5617201
Wotanstrasse,residential,47.3640936,8.5633472
Rübenweg,residential,47.3620785,8.5737868
Billrothstrasse,residential,47.3625229,8.5582719
Schleifergasse,residential,47.3627618,8.5615332
Buchenweg,residential,47.3573301,8.5690839
Kellerweg,residential,47.3658284,8.4935468
Agleistrasse,residential,47.4134509,8.5173475
Ohne Namen,primary_link,47.4020341,8.5523386
Ohne Namen,primary_link,47.4021567,8.5526153
Schienengasse,residential,47.3805478,8.5264933
Basteigasse,residential,47.3694769,8.5357273
Bändliweg,residential,47.3946154,8.4842609
Bändliweg,residential,47.3952845,8.4847649
Manessestrasse,primary,47.3692388,8.5276948
Langstrasse,tertiary,47.3827971,8.529996
Langstrasse,tertiary,47.3804593,8.5282205
Herbstweg,residential,47.4061273,8.5608499
Werdgartengasse,residential,47.371108,8.5263333
Bucheggstrasse,primary,47.398488,8.5381903
Bergwiesen,residential,47.3677147,8.4920504
Rosshalde,residential,47.3693307,8.488787
Läufebachweg,residential,47.3702452,8.4889478
Steinackerweg,residential,47.3720185,8.4866784
Rossackerstrasse,residential,47.3712536,8.4864188
Dianastrasse,residential,47.3689042,8.5334495
Sihlhölzlibrücke,primary,47.3688937,8.5282758
Bachmattweg,residential,47.3907992,8.4850191
Geibelstrasse,residential,47.395506,8.5274375
Rotbuchstrasse,tertiary,47.3913408,8.5368629
Limmatstrasse,tertiary,47.3859925,8.5297743
Röntgenstrasse,residential,47.383336,8.5277707
Werdstrasse,residential,47.3699228,8.5242104
Eichrainstrasse,residential,47.4292821,8.5458609
Glatttalstrasse,secondary,47.4272915,8.5462927
Birchstrasse,secondary,47.4276773,8.5467889
Glatttalstrasse,tertiary,47.4274364,8.5460706
Birchstrasse,secondary,47.4274318,8.5461449
Glatttalstrasse,tertiary,47.427601,8.5459436
Glatttalstrasse,secondary,47.4240563,8.5490918
Glatttalstrasse,tertiary,47.427443,8.5461902
Bleicherweg,residential,47.3662623,8.532724
Asternweg,residential,47.4045762,8.5448416
Malvenstrasse,residential,47.4049214,8.5442396
Berninaplatz,tertiary,47.4032141,8.5477503
Berninaplatz,tertiary,47.4033959,8.5481399
Milchbuckstrasse,residential,47.3950307,8.5406492
Herzogenmühlestrasse,residential,47.4048696,8.5727697
Schwamendingerplatz,residential,47.4041611,8.5724377
Herzogenmühlestrasse,residential,47.4042856,8.5723794
Saatlenstrasse,residential,47.4043082,8.5722141
Rotbuchstrasse,tertiary,47.3932791,8.5300912
Nordbrücke,tertiary,47.3934551,8.5295403
Rotbuchstrasse,tertiary,47.3932353,8.5303337
Allmendstrasse,primary,47.3461056,8.5198047
Allmendstrasse,primary,47.3503803,8.5249972
Bernerstrasse,primary,47.3968045,8.4782435
Hönggerstrasse,tertiary,47.392169,8.5245904
Max-Högger-Strasse,secondary,47.3936691,8.4904184
Bahnhaldenstrasse,residential,47.4191032,8.5441484
Hohlstrasse,primary,47.3830906,8.5142021
Hardbrücke,secondary,47.3828946,8.5148176
Manessestrasse,primary,47.3693692,8.5257662
Manessestrasse,primary,47.3680154,8.5238587
Aemmerliweg,residential,47.4140142,8.5722176
Aemmerliweg,residential,47.4143445,8.5726382
Am Glattbogen,residential,47.4120405,8.5644264
Amazonenstrasse,residential,47.4064708,8.5773161
Amazonenweg,residential,47.4063992,8.5771763
Wechselwiesenstrasse,residential,47.4069545,8.5777916
Auhofstrasse,residential,47.4064469,8.5690711
Aprikosenstrasse,residential,47.4061574,8.5702588
Central,tertiary,47.3767533,8.5442038
Central,tertiary,47.3768911,8.5433237
Beckenhofstrasse,residential,47.3832876,8.541791
Granitweg,residential,47.3858741,8.5427057
Caspar-Wüst-Strasse,residential,47.4308742,8.5424574
Rudolfstrasse,residential,47.3571251,8.5576286
Otto-Schütz-Weg,residential,47.4149372,8.5410671
Zweierstrasse,tertiary,47.3721812,8.5227965
Birmensdorferstrasse,tertiary,47.3710687,8.5236169
Kehlhofstrasse,tertiary,47.3688921,8.519425
Kehlhofstrasse,secondary,47.369514,8.5189318
Kehlhofstrasse,secondary,47.3699779,8.5186585
Birmensdorferstrasse,secondary_link,47.3677991,8.4949386
Birmensdorferstrasse,secondary,47.3682207,8.495883
Birmensdorferstrasse,secondary,47.3676854,8.4952701
Birmensdorferstrasse,secondary,47.3682426,8.4954364
Birmensdorferstrasse,secondary,47.367746,8.4956376
Kilchbergstrasse,residential,47.3383177,8.5356566
Feuerweg,residential,47.416673,8.5062035
Winterthurerstrasse,primary,47.3935178,8.5450541
Im Sankt Blasienhof,residential,47.4260088,8.5065672
Margrit-Rainer-Strasse,residential,47.4158728,8.5388106
Emil-Rütti-Weg,residential,47.415274,8.53795
Rossbergstrasse,residential,47.3529425,8.5274545
Muggenbühlstrasse,residential,47.3518129,8.527118
Bellariastrasse,residential,47.3485553,8.5294432
Meisenweg,residential,47.3417283,8.5279689
Balberstrasse,residential,47.3366901,8.5265448
Simmlersteig,residential,47.343951,8.5312189
Hesenlooweg,residential,47.3388597,8.5239921
Eggweg,residential,47.3407499,8.5320229
Badstrasse,residential,47.3518394,8.5595094
Horneggstrasse,residential,47.3523002,8.5589329
Nussgasse,residential,47.3526066,8.5588548
Nebelbachstrasse,residential,47.3529342,8.5583373
Säntisstrasse,residential,47.3545055,8.5566458
Korneliusstrasse,residential,47.3547528,8.5556083
Helenastrasse,residential,47.3552715,8.5559542
Gasstrasse,residential,47.3555812,8.5561776
Gasstrasse,residential,47.3552922,8.5555313
Baurstrasse,residential,47.3555169,8.5535959
Baurstrasse,residential,47.3559343,8.5547663
Feilengasse,residential,47.3567743,8.5556727
Tuggenerstrasse,residential,47.3579325,8.5551887
Inselhofstrasse,residential,47.3575242,8.5566217
Inselhofstrasse,residential,47.3576731,8.5573402
Inselhofstrasse,residential,47.3575222,8.5568281
Gletscherstrasse,residential,47.3568635,8.5575205
Leimgasse,residential,47.3565141,8.5571633
Mantelgasse,residential,47.3563404,8.5574685
Ceresstrasse,residential,47.3557191,8.5571104
Ceresstrasse,residential,47.3561749,8.5582261
Geranienstrasse,residential,47.3556252,8.558554
Paulstrasse,residential,47.3534952,8.5576705
Utoquai,primary,47.3668318,8.5444828
Bellerivestrasse,primary,47.3483913,8.5625257
Trichtenhausenstrasse,tertiary,47.3537214,8.6016464
Witikonerstrasse,secondary,47.358283,8.5860162
Witikonerstrasse,secondary,47.359237,8.5922238
Buchzelgstrasse,residential,47.3600539,8.5902623
Vorderberg,tertiary,47.3760221,8.5593372
Hadlaubstrasse,residential,47.3852223,8.5526779
Dreiwiesenstrasse,tertiary,47.3812227,8.5718349
Schaffhauserstrasse,primary,47.4116501,8.546705
Friesstrasse,primary,47.4142179,8.5466597
Talacker,residential,47.3721947,8.5349259
Sihlstrasse,tertiary,47.3731125,8.5362847
Sihlstrasse,tertiary,47.3726698,8.5350598
Nüschelerstrasse,residential,47.3712892,8.5373475
Nüschelerstrasse,residential,47.3722595,8.536135
Pelikanstrasse,residential,47.3716076,8.5365402
Pelikanstrasse,residential,47.3712079,8.5359144
Albisstrasse,secondary,47.3422744,8.5308316
Kalchbühlstrasse,residential,47.3375923,8.5325666
Albisstrasse,secondary,47.3393636,8.5300294
Albisstrasse,secondary,47.3355033,8.5300065
Nidelbadstrasse,residential,47.3315461,8.5358453
Widmerstrasse,residential,47.3354719,8.5313442
Haldenstrasse,residential,47.3634166,8.5177512
Uetlibergstrasse,secondary,47.3633559,8.5197186
Aubruggstrasse,tertiary,47.4162759,8.5654537
Aubruggstrasse,tertiary,47.410562,8.572355
Wallisellenstrasse,tertiary,47.4108309,8.5655515
Winterthurerstrasse,primary,47.4039227,8.5722033
Wehntalerstrasse,primary,47.4041173,8.5339264
Käferholzstrasse,residential,47.4115772,8.5234324
Althoosstrasse,residential,47.4108668,8.5230309
Zehntenhausstrasse,tertiary,47.4211723,8.5073998
Ueberlandstrasse,primary,47.4071866,8.5859933
Rieterstrasse,residential,47.3541442,8.5261111
Brunaustrasse,tertiary,47.3540535,8.5254848
Bergstrasse,secondary,47.3727968,8.5620307
Pfingstweidstrasse,primary,47.392048,8.5039028
Hardstrasse,tertiary,47.3865489,8.51863
Albisriederstrasse,secondary,47.3769114,8.4906584
Hohlstrasse,tertiary,47.3868758,8.502309
Schönleinstrasse,residential,47.3736542,8.5516939
Schönleinstrasse,residential,47.3734252,8.5513599
Zürichholzstrasse,residential,47.4043011,8.5425642
Zürichholzstrasse,residential,47.4040558,8.5432617
Ringstrasse,residential,47.4017508,8.5446367
Lindenbachstrasse,residential,47.3893185,8.5369753
Rothstrasse,residential,47.39318,8.535374
Kirchenackerweg,residential,47.4077045,8.551723
Martinstrasse,residential,47.4074388,8.5603869
Heideggerweg,residential,47.4073817,8.5629003
Gagliardiweg,residential,47.4068385,8.5494855
Gubelstrasse,residential,47.4078371,8.5456139
Letzistrasse,residential,47.3913287,8.5459218
Zielweg,residential,47.3582964,8.498145
Schweighofstrasse,secondary,47.3615766,8.5056083
Schimmelstrasse,primary_link,47.3710848,8.5240991
Witikonerstrasse,secondary,47.3619779,8.6079247
Uetlibergstrasse,residential,47.3522946,8.5068459
Stettbachstrasse,residential,47.4032146,8.5729994
Heizenholz,residential,47.4098456,8.4880655
Witikonerstrasse,secondary,47.3640555,8.5667594
Sempacherstrasse,residential,47.3637892,8.5666311
Zollbrücke,tertiary,47.3794912,8.5375302
Zollbrücke,tertiary,47.3795855,8.5375842
Gutstrasse,secondary,47.3740535,8.5028746
Stolzestrasse,residential,47.3878459,8.5454749
Langmauerstrasse,residential,47.3938443,8.5447387
Culmannstrasse,residential,47.3832072,8.5472454
Culmannstrasse,residential,47.3811882,8.5474539
Stapferstrasse,residential,47.3837206,8.5463332
Culmannstrasse,residential,47.3829339,8.5477107
Stolzestrasse,residential,47.3867552,8.5460976
Sonneggstrasse,residential,47.378972,8.5472224
Culmannstrasse,residential,47.3795975,8.5471777
Fliederstrasse,residential,47.381138,8.5467918
Brunnenhofstrasse,residential,47.4005909,8.5344669
Winterthurerstrasse,primary,47.3957778,8.5452573
Bucheggstrasse,tertiary,47.3989165,8.5420894
Hardturmstrasse,primary,47.3918054,8.5185157
Talstrasse,tertiary,47.372042,8.5342128
Talstrasse,tertiary,47.3700845,8.5363041
Talstrasse,tertiary,47.3683523,8.53863
Rudolf-Brun-Brücke,tertiary,47.3743686,8.5429325
Bahnhofquai,tertiary,47.3758302,8.5418934
Bahnhofquai,tertiary,47.3763779,8.5418364
Bahnhofquai,tertiary,47.3781808,8.541774
Oberdorfstrasse,residential,47.3680566,8.546069
Birchstrasse,secondary,47.410612,8.5380645
Winterthurerstrasse,primary,47.386656,8.5476426
Winterthurerstrasse,primary,47.3961116,8.5455458
Winterthurerstrasse,primary,47.3907159,8.5454469
Winterthurerstrasse,primary,47.393561,8.5449324
Schweizergasse,residential,47.3764402,8.5369161
Badenerstrasse,tertiary,47.3750405,8.5190767
Badenerstrasse,tertiary,47.3751125,8.5187802
Mutschellenstrasse,tertiary,47.3502757,8.5277978
Scheuchzerstrasse,residential,47.392847,8.5420575
Röslistrasse,residential,47.388599,8.5419756
Weisshau,residential,47.4179545,8.5416432
Margrit-Rainer-Strasse,residential,47.4159478,8.5373899
Birchstrasse,residential,47.415669,8.5381134
Zehntenhausstrasse,tertiary,47.420092,8.5067375
Zehntenhausstrasse,tertiary,47.4210646,8.5073584
Wehntalerstrasse,primary,47.4160751,8.5121424
Binzmühlestrasse,tertiary,47.4146416,8.5201403
Klebestrasse,residential,47.3260549,8.5133393
Ohne Namen,residential,47.4247259,8.5117375
Eisfeldstrasse,residential,47.4148919,8.5496246
Stauffacherstrasse,tertiary,47.3785989,8.5195938
Wallisellenstrasse,tertiary,47.4105642,8.5501405
Ohne Namen,residential,47.3933751,8.5259653
Nordstrasse,residential,47.3918992,8.531816
Höfliweg,residential,47.3692994,8.5085989
Brahmsstrasse,residential,47.3780209,8.5073792
Bahnhofquai,tertiary,47.377339,8.5419645
Borrweg,residential,47.3615596,8.5066254
Mattengasse,residential,47.3833796,8.5316814
Mattengasse,residential,47.3825719,8.5306628
Johannesgasse,residential,47.3835071,8.5307599
Marstallweg,residential,47.3828606,8.5331775
Reishauerstrasse,residential,47.3824051,8.5337764
Ginsterstrasse,residential,47.375962,8.4917702
Püntstrasse,tertiary,47.3745601,8.4846511
Triemlistrasse,tertiary,47.3706039,8.489732
Hagenbuchrain,residential,47.3711268,8.4842805
Rossackerstrasse,residential,47.369991,8.4882554
Goldackerweg,residential,47.3708163,8.4869064
Bergwiesen,residential,47.3677993,8.4910129
Ohne Namen,residential,47.3668751,8.4927274
Goldackerweg,residential,47.3713195,8.4875982
Triemlistrasse,residential,47.3740545,8.4836352
Lyrenweg,residential,47.3756515,8.4810259
Friedhofstrasse,residential,47.3829788,8.4744199
Hädrichstrasse,residential,47.3787552,8.4905281
Im Schaber,residential,47.3743888,8.4812672
Im Schaber,residential,47.3754894,8.4808493
Im Schaber,residential,47.3754007,8.480465
Birmensdorferstrasse,secondary,47.3673501,8.4903688
Heinrichstrasse,residential,47.3831154,8.5320244
Heinrichstrasse,residential,47.3836433,8.5313109
Steffenstrasse,residential,47.4179242,8.5522659
Mattengasse,residential,47.3829634,8.5310175
Mattengasse,residential,47.3830418,8.531141
Mattengasse,residential,47.3831079,8.5312489
Winterthurerstrasse,primary,47.4001914,8.5479518
Ohne Namen,tertiary_link,47.4003168,8.5488459
Ohne Namen,primary,47.4004643,8.5483702
Winterthurerstrasse,primary_link,47.3995683,8.5484055
Ohne Namen,tertiary_link,47.3998944,8.5487564
Ohne Namen,primary,47.4007242,8.5489615
Winterthurerstrasse,primary,47.4004139,8.548165
Hirschwiesenstrasse,primary_link,47.3997964,8.5465942
Ohne Namen,primary,47.3990395,8.5475835
Viktoriastrasse,residential,47.4015678,8.5505001
Bülachstrasse,tertiary,47.4008122,8.5485983
Ohne Namen,primary,47.4001464,8.548738
Wehntalerstrasse,primary,47.3986175,8.5392073
Bucheggstrasse,primary,47.3987311,8.5397315
Wehntalerstrasse,tertiary,47.3973545,8.5404003
Schaffhauserstrasse,tertiary,47.3969423,8.541071
Bucheggstrasse,primary,47.398973,8.5412601
Schaffhauserstrasse,tertiary,47.3964968,8.5406183
Schaffhauserstrasse,primary,47.3993686,8.542645
Ohne Namen,primary_link,47.3522402,8.5251265
Ottikerstrasse,residential,47.3855988,8.542998
Arbenzstrasse,residential,47.3586547,8.5558338
Allmendstrasse,primary,47.3572432,8.5217763
Allmendstrasse,primary,47.3556378,8.52297
Allmendstrasse,primary,47.3505636,8.5236139
Rothstrasse,tertiary,47.3935892,8.5379071
Hardbrücke,primary,47.3891403,8.5208913
Pfingstweidstrasse,primary,47.3903134,8.509841
Kornhausbrücke,tertiary,47.3859968,8.533553
Limmatplatz,tertiary,47.3848604,8.5312206
Stauffacherbrücke,tertiary,47.3712399,8.53049
Adolf-Lüchinger-Strasse,residential,47.3551124,8.5092731
Allmendstrasse,primary,47.3574562,8.5218965
Allmendstrasse,primary,47.3566407,8.5221434
In Büngerten,residential,47.4205726,8.5038665
Hurdäckerstrasse,residential,47.4153542,8.4740929
Bombachsteig,residential,47.4035342,8.4896434
Ohne Namen,primary,47.3830488,8.5157358
Tobelsteig,residential,47.4176665,8.504989
Wildenstrasse,residential,47.4074471,8.4892822
Bauherrenstrasse,residential,47.4002551,8.5000707
Finkenrain,residential,47.4120609,8.5237394
Schürliweg,residential,47.4179525,8.5024138
Holderbachweg,residential,47.4178151,8.5032879
Hurdäckerweg,residential,47.4167056,8.4778042
Allmendstrasse,primary,47.3520952,8.5255528
Kirchenackerweg,residential,47.4094176,8.5537443
Gutstrasse,secondary,47.3736911,8.5030584
Hugostrasse,residential,47.4083643,8.5478242
Salerstrasse,residential,47.4080562,8.5484231
Salerstrasse,residential,47.4087419,8.5486317
Hortensienstrasse,residential,47.405677,8.5526136
Apfelbaumstrasse,residential,47.4055525,8.555489
Apfelbaumstrasse,residential,47.4048009,8.5550589
Herbstweg,residential,47.4059145,8.5572658
Brüggliäcker,residential,47.4074709,8.5614777
Schörlistrasse,residential,47.4078974,8.5617038
Aubruggweg,residential,47.4121981,8.5677693
Roswiesenstrasse,residential,47.4029232,8.5763783
Stettbachstrasse,residential,47.3975972,8.5865882
Stettbacherrain,residential,47.3974476,8.5879356
Sunnige Hof,residential,47.3985157,8.5866771
Cordelia-Guggenheim-Weg,residential,47.4153649,8.5608728
Heidi-Abel-Weg,residential,47.4150889,8.5592344
Neudorfstrasse,residential,47.4112082,8.5490379
Kleinbühlstrasse,residential,47.4160593,8.5504208
Im Holzerhurd,residential,47.4237709,8.496861
Affolternstrasse,tertiary,47.431543,8.5163022
Plattenstrasse,residential,47.3723869,8.5545108
Steinwiesstrasse,residential,47.3715019,8.5573624
Holzmatt,residential,47.4133516,8.5262975
Hirschgartnerweg,residential,47.4010472,8.5464976
Georg-Kempf-Strasse,residential,47.421389,8.4989959
Georg-Kempf-Strasse,residential,47.4214439,8.4975606
Am Bach,residential,47.4246657,8.5059407
Hermetschloobrücke,secondary,47.3944383,8.4729821
Hausäcker,residential,47.3900431,8.4772017
Rehalpstrasse,residential,47.3522229,8.5815301
Böszelgstrasse,residential,47.3953029,8.5891124
Hubenstrasse,residential,47.4031251,8.5595744
Weststrasse,residential,47.3711038,8.521617
Manessestrasse,primary,47.3686738,8.5249132
Manessestrasse,primary,47.3693741,8.5256742
Seebahnstrasse,primary,47.3721002,8.5219714
Seebahnstrasse,primary,47.375318,8.5185774
Pfingstweidstrasse,primary,47.3893506,8.5132815
Hardbrücke,primary,47.3860405,8.5180365
Bernerstrasse Nord,primary,47.3937686,8.4938751
Bernerstrasse Nord,primary,47.3939304,8.4920059
Bleulerstrasse,residential,47.3511046,8.5688342
Siegfriedstrasse,residential,47.3549153,8.5576833
Dahliastrasse,residential,47.3570988,8.5540414
Alderstrasse,residential,47.3566928,8.5543872
Alte Feldeggstrasse,residential,47.3597007,8.5502641
Russenweg,residential,47.3566881,8.572839
Quarzstrasse,residential,47.3560281,8.5855148
Möcklistrasse,residential,47.3581778,8.5959721
Kreuzbühlstrasse,secondary,47.3660455,8.5490706
Staudenweg,residential,47.3574785,8.5077802
Im Rossweidli,residential,47.3576672,8.5059702
Friesenberghalde,residential,47.3616058,8.501456
Döltschihalde,residential,47.3636676,8.4987778
Döltschihalde,residential,47.3640628,8.497612
Hanfrose,residential,47.3666989,8.5088153
Sallenbachstrasse,residential,47.3694284,8.5002358
In den Rütenen,residential,47.3663106,8.4925011
Sädlenweg,residential,47.3669842,8.4889501
Emil-Klöti-Strasse,tertiary,47.399574,8.5202546
Haldenstrasse,residential,47.3705356,8.5110405
Küngenmatt,residential,47.3683737,8.5050501
Burgweg,residential,47.3593886,8.5591416
Ottilienstrasse,residential,47.3718768,8.5172235
Idaplatz,residential,47.3741344,8.514497
Idaplatz,residential,47.3741023,8.5149472
Thomasweg,residential,47.3752544,8.5144131
Sihlfeldstrasse,residential,47.3747011,8.5169199
Flurstrasse,residential,47.3784749,8.4883683
Rütiwiesweg,residential,47.3777923,8.4936859
Saumstrasse,residential,47.3727174,8.5106488
Würzwies,residential,47.3975828,8.4930181
Sustenweg,residential,47.3874632,8.4782493
Wehntalerstrasse,primary,47.4192579,8.5060424
Wehntalerstrasse,primary,47.4198472,8.5044718
Monikastrasse,residential,47.3842567,8.48653
Jakob-Fügli-Strasse,residential,47.3890016,8.4845168
Töpferstrasse,residential,47.3597033,8.5157634
Kanalstrasse,residential,47.3539327,8.5241442
Kanalstrasse,residential,47.3548028,8.524093
Kanalstrasse,residential,47.354313,8.5240846
Breitenlooweg,residential,47.3790834,8.4838387
In der Breiti,residential,47.3769482,8.4839039
Regensdorferstrasse,tertiary,47.4039372,8.4963323
Gsteigstrasse,residential,47.4054169,8.5035337
Gsteigstrasse,residential,47.4050512,8.5038784
Drehergasse,residential,47.363342,8.5544669
Rückgasse,residential,47.3608828,8.5526861
Riesbachstrasse,residential,47.3584925,8.5551239
Karlstrasse,residential,47.3553655,8.5573338
Münchsteig,residential,47.3561578,8.5598933
Flühgasse,residential,47.3493036,8.5645483
Resedastrasse,residential,47.34971,8.5637818
Hardstrasse,tertiary,47.3889499,8.5206289
Döltschiweg,residential,47.3661831,8.5047349
Burstwiesenstrasse,residential,47.3701238,8.5048081
Bertastrasse,residential,47.3726118,8.5112672
Rotachstrasse,residential,47.3709282,8.5148775
Nussbaumstrasse,residential,47.3714433,8.5142694
Mainaustrasse,residential,47.3601761,8.548234
Blumenweg,residential,47.3587433,8.5517434
Zweierstrasse,residential,47.3686723,8.5172408
Berneggweg,residential,47.3665159,8.5171672
Schützenrain,residential,47.3724595,8.4855487
Schweigmatt,residential,47.366225,8.5017272
Hegianwandweg,residential,47.3561541,8.5094461
Im Rossweidli,residential,47.3606147,8.5030484
Im Rossweidli,residential,47.3591584,8.5044932
Sihlrainstrasse,residential,47.3538365,8.5255716
Schürwies,residential,47.345591,8.5299045
Hintermeisterhof,residential,47.3368395,8.5239177
Moosacker,residential,47.3999543,8.5895466
Luchswiesenweg,residential,47.4013804,8.5849608
Engelbertstrasse,residential,47.3987561,8.5894416
Trichtenhausenstrasse,tertiary,47.3525036,8.6019685
Trichtenhausenstrasse,tertiary,47.350754,8.6019859
Segetenweg,residential,47.3554452,8.5931633
Burenweg,residential,47.3569658,8.5795889
Burenweg,residential,47.3571177,8.5800706
Waserstrasse,residential,47.3583519,8.5822802
Allmendstrasse,primary,47.34836,8.5215486
Owenweg,residential,47.3382652,8.5291191
Owenweg,residential,47.3382454,8.5278956
Winterthurerstrasse,primary,47.4040847,8.5631114
Obere Waidstrasse,residential,47.3986414,8.530853
Bellerivestrasse,primary,47.356976,8.551055
Höschgasse,secondary,47.3573287,8.5532075
Bellerivestrasse,primary,47.3590129,8.5495705
Klausstrasse,residential,47.3589029,8.548869
Bellerivestrasse,primary,47.360486,8.5485295
Hohlstrasse,primary,47.3802863,8.5202748
Lommisweg,residential,47.3900184,8.4858828
Dachslernstrasse,residential,47.3898893,8.4771461
Bergliweg,residential,47.3895118,8.4698252
Dunkelhölzlistrasse,residential,47.3891553,8.468536
Talbächliweg,residential,47.3894049,8.4675328
Hätzlergasse,residential,47.3899,8.468395
Malojaweg,residential,47.3870669,8.481525
Neue Hard,primary,47.3862094,8.5213385
Nürenbergstrasse,residential,47.3921059,8.5324665
Rotbuchstrasse,tertiary,47.3913455,8.5363657
Rötelstrasse,residential,47.3892491,8.5389481
Schindlerstrasse,residential,47.3894005,8.538956
Schaffhauserstrasse,tertiary,47.3908724,8.538792
Kronenstrasse,residential,47.3875877,8.5381433
Lindenbachstrasse,residential,47.3882807,8.5380665
Steinhausweg,residential,47.3832788,8.5429837
Schindlerstrasse,residential,47.3884924,8.5366217
Riedtlistrasse,tertiary,47.3892593,8.5414929
Gladbachstrasse,tertiary,47.3810467,8.5533329
Krattenturmstrasse,residential,47.3891832,8.5525744
Hinterbergstrasse,residential,47.3853501,8.5590997
Heubeeriweg,residential,47.3818285,8.5649776
Goldackerweg,residential,47.3705576,8.4865138
Rämistrasse,primary,47.3696258,8.5484726
General-Guisan-Quai,secondary,47.3662059,8.5403614
Bürkliplatz,tertiary,47.3663163,8.5406709
Kapfsteig,residential,47.3626874,8.5735623
Kapfstrasse,residential,47.3613318,8.5713535
Hitzigweg,residential,47.3669214,8.5686475
Hitzigweg,residential,47.3659711,8.5691593
Sonnenbergstrasse,residential,47.3718801,8.5699177
Titlisstrasse,residential,47.3694322,8.5643865
Heuelstrasse,residential,47.3709942,8.5655633
Rütistrasse,residential,47.3707421,8.5633419
Pilatusstrasse,residential,47.3720003,8.5709154
Pilatusstrasse,residential,47.373048,8.5678058
Waldhausstrasse,residential,47.3738609,8.5685498
Kurhausstrasse,residential,47.3729375,8.5711831
Leimbachstrasse,primary,47.3349044,8.5188038
Effingerstrasse,residential,47.3534673,8.526682
Bühleggweg,residential,47.4156036,8.5487746
Dohlenweg,residential,47.4158076,8.5479165
Pfarrweg,residential,47.4262763,8.5083447
Stöckengasse,residential,47.4220257,8.5083875
Katzenseestrasse,residential,47.4265314,8.50603
Schlehdornweg,residential,47.4087108,8.5260548
Scheuchzerstrasse,residential,47.3838808,8.5452347
Scheuchzerstrasse,residential,47.3888058,8.5439785
Nelkenstrasse,residential,47.3819062,8.5463189
Narzissenstrasse,residential,47.3825152,8.5460628
Sonneggstrasse,residential,47.3825052,8.5443203
Universitätstrasse,primary,47.3779271,8.5481039
Frauenklinikstrasse,residential,47.3779106,8.5510955
Mutschellenstrasse,tertiary,47.3459717,8.529188
Treichlerstrasse,residential,47.3702982,8.5580861
Birmensdorferstrasse,secondary,47.3702278,8.5132539
Birmensdorferstrasse,secondary,47.3701347,8.5124512
Meierwiesenstrasse,secondary,47.3946206,8.490735
Ohne Namen,residential,47.3966852,8.4827249
Bändlistrasse,tertiary,47.3948807,8.4904183
Berninaplatz,tertiary,47.4035184,8.5478984
Cäsar-Ritz-Strasse,residential,47.4248813,8.4972927
Im Wiesenbeetli,residential,47.4203268,8.5041065
Möhrlistrasse,residential,47.3942789,8.5460015
Bernerstrasse Nord,primary,47.3969874,8.4805953
Hagenholzstrasse,tertiary,47.4149374,8.560764
Schaffhauserstrasse,primary,47.4112281,8.5468412
Rigistrasse,residential,47.3855202,8.5508234
Florhofgasse,residential,47.3721389,8.5486456
Hirschengraben,tertiary,47.3720539,8.5476161
Oberer Heuelsteig,residential,47.3690488,8.5694487
Bolleystrasse,residential,47.3803697,8.5499949
Büchnerstrasse,residential,47.3829007,8.5519994
Schaffhauserstrasse,primary,47.4216902,8.5501695
Käferholzstrasse,residential,47.4010193,8.5312867
Rötelstrasse,residential,47.3990305,8.5319958
Allmendstrasse,secondary_link,47.3570985,8.5220554
Berninaplatz,primary,47.403601,8.5482629
Schaffhauserstrasse,primary,47.4027971,8.5468955
Freiestrasse,residential,47.3677912,8.5576311
Englischviertelstrasse,residential,47.3657605,8.5586499
Eidmattstrasse,residential,47.3647927,8.5590041
Hegarstrasse,residential,47.3643245,8.5564627
Hegarstrasse,residential,47.3647144,8.5561743
Eidmattstrasse,residential,47.3641789,8.5568589
Apollostrasse,residential,47.3650979,8.5564029
Hegarstrasse,residential,47.3650046,8.5558866
Freiestrasse,residential,47.3640954,8.5617618
Streulistrasse,residential,47.3662836,8.5610658
Jupiterstrasse,residential,47.3647359,8.5630951
Streulistrasse,residential,47.3642519,8.5635208
Streulistrasse,residential,47.3651316,8.5623167
Jupiterstrasse,residential,47.3645978,8.5627363
Jupiterstrasse,residential,47.3643536,8.5620977
Jupiterstrasse,residential,47.3632593,8.5607697
Jupiterstrasse,residential,47.3639078,8.5612166
Heliosstrasse,residential,47.3632891,8.5603787
Minervastrasse,residential,47.3628719,8.5598116
Eidmattstrasse,residential,47.3658288,8.5625205
Eidmattstrasse,residential,47.3656754,8.56199
Carmenstrasse,residential,47.368054,8.5629795
Hölderlinstrasse,residential,47.366461,8.5641458
Carmenstrasse,residential,47.3669727,8.5640127
Samariterstrasse,residential,47.3681146,8.5616029
Katzenschwanzstrasse,tertiary,47.3644714,8.5987436
Tobelhofstrasse,secondary,47.3768337,8.5698059
Tobelhofstrasse,secondary,47.3796905,8.5769282
Ulmbergtunnel,primary,47.3674094,8.5304026
Bleicherweg,secondary,47.3658574,8.5322796
Alfred-Escher-Strasse,residential,47.3657357,8.5323242
Cäcilienstrasse,residential,47.3699695,8.553472
Wolfbachstrasse,residential,47.3701986,8.5522441
Schreinerstrasse,residential,47.376599,8.5227771
Wengistrasse,residential,47.3750966,8.5231182
Börsenstrasse,residential,47.3680828,8.5414502
Brandschenkestrasse,residential,47.3700536,8.5342468
Neptunstrasse,residential,47.3673936,8.5556331
Englischviertelstrasse,residential,47.3686414,8.5554382
Neptunstrasse,residential,47.3669352,8.5561718
Neptunstrasse,residential,47.3680144,8.5549123
Trichtenhausenstrasse,tertiary,47.3511457,8.6015447
Berghaldenstrasse,residential,47.3574608,8.5935076
Trichtenhausenstrasse,tertiary,47.3576631,8.5969282
Kienastenwiesweg,residential,47.3554916,8.6013642
Trichtenhausenstrasse,tertiary,47.3550254,8.6009643
Trichtenhausenstrasse,tertiary,47.355254,8.6006288
Berghaldenstrasse,residential,47.356938,8.5961182
Hofwiesenstrasse,tertiary,47.4103696,8.5420172
Im Tannegg,residential,47.3619163,8.5041562
Bucheggstrasse,tertiary,47.39781,8.5336695
Zollikerstrasse,residential,47.3467957,8.5672109
Seefeldstrasse,residential,47.3502872,8.5618407
Flühgasse,residential,47.3489577,8.56375
Mühlebachstrasse,residential,47.3563465,8.5589237
Arosastrasse,residential,47.3533331,8.5604483
Mühlebachstrasse,residential,47.3548657,8.560204
Weineggstrasse,residential,47.358514,8.5650435
Weineggstrasse,residential,47.360045,8.5617603
Eichacker,residential,47.4000635,8.5840896
Zollikerstrasse,tertiary,47.3567012,8.560188
Lindenstrasse,residential,47.3573242,8.5506349
Feldeggstrasse,residential,47.3594844,8.5480505
Utoquai,primary,47.3615566,8.5478227
Heinrichstrasse,residential,47.3843749,8.5303645
Quellenstrasse,residential,47.3841787,8.5274541
Hafnerstrasse,residential,47.3812269,8.535544
Josefstrasse,residential,47.3828679,8.531055
Hafnerstrasse,residential,47.3807994,8.5348475
Fabrikstrasse,residential,47.3859003,8.527339
Quellenstrasse,residential,47.3861348,8.5288369
Quellenstrasse,residential,47.3852429,8.5282119
Ackerstrasse,residential,47.382643,8.5320244
Ackerstrasse,residential,47.3839485,8.5340993
Fabrikstrasse,residential,47.3866724,8.5281136
Hafnerstrasse,residential,47.3822251,8.5371379
Feldstrasse,residential,47.375627,8.5210008
Anwandstrasse,residential,47.3776572,8.5203831
Kanzleistrasse,residential,47.3751772,8.5254865
Zentralstrasse,residential,47.3707165,8.5206251
Stationsstrasse,residential,47.3713712,8.5174201
Bremgartnerstrasse,residential,47.3709383,8.5181627
Erikastrasse,residential,47.3711842,8.5191151
Keltenstrasse,secondary,47.375574,8.5637815
Hofstrasse,residential,47.3742157,8.5621305
Schneckenmannstrasse,secondary,47.3753491,8.560805
Susenbergstrasse,residential,47.3773022,8.5670119
Flobotstrasse,residential,47.3799866,8.5693832
Mommsenstrasse,residential,47.3784784,8.5583467
Hinterbergstrasse,residential,47.3790709,8.5552121
Voltastrasse,residential,47.3804811,8.5552447
Hinterbergstrasse,residential,47.3829001,8.5572665
Hinterbergstrasse,residential,47.3821944,8.5569875
Hinterbergstrasse,residential,47.3817963,8.5568844
Hinterbergstrasse,residential,47.3815468,8.5568124
Dreiwiesenstrasse,tertiary,47.3797656,8.5736587
Allmendstrasse,primary,47.3388635,8.519082
Quittenstrasse,residential,47.4148529,8.5149696
Riedhofstrasse,residential,47.4061138,8.4893688
Imbisbühlstrasse,residential,47.4066177,8.4826668
Nansenstrasse,residential,47.4108236,8.5448224
Hadlaubstrasse,residential,47.3911802,8.5508963
Krattenturmstrasse,residential,47.3923834,8.5513238
General-Wille-Strasse,secondary,47.3633937,8.5339765
St. Jakobstrasse,residential,47.3745125,8.5290615
Köschenrütistrasse,residential,47.4274436,8.5367014
Horensteinstrasse,residential,47.4271157,8.5065101
Zehntenhausstrasse,tertiary,47.4252576,8.5090829
Schauenbergstrasse,tertiary,47.41781,8.5065213
Holderbachweg,residential,47.4179207,8.5049345
Wallisellenstrasse,tertiary,47.4109213,8.570574
Aubruggstrasse,tertiary,47.410783,8.5717021
Falkenstrasse,secondary,47.3649807,8.5476613
Roswiesenstrasse,residential,47.4043872,8.5768707
Luegislandstrasse,residential,47.4067293,8.5805435
Trichtenhausenstrasse,tertiary,47.3507034,8.6019749
Brunaustrasse,tertiary,47.3530181,8.5248506
Brunaustrasse,tertiary_link,47.3528451,8.5249968
Kanzleistrasse,residential,47.3734771,8.5278434
Morgartenstrasse,residential,47.3715499,8.5268982
Schöntalstrasse,residential,47.3710004,8.5261437
Kanzleistrasse,residential,47.3776187,8.5187501
Kanzleistrasse,residential,47.3774541,8.519211
Kanzleistrasse,residential,47.3775341,8.5189672
Schweizergasse,residential,47.3762327,8.5373882
Limmatplatz,tertiary,47.3844244,8.531794
Limmatplatz,tertiary,47.3845861,8.5313104
Limmatplatz,tertiary,47.3847573,8.5320898
Ohne Namen,primary,47.4000733,8.5486286
Schöneichstrasse,residential,47.4042674,8.5571454
Winterthurerstrasse,primary,47.3945497,8.545155
Irchelstrasse,tertiary,47.3959716,8.5453887
Schaffhauserplatz,tertiary,47.3916788,8.5389341
Weinbergstrasse,tertiary,47.3908998,8.5392264
Weinbergstrasse,tertiary,47.3907023,8.5396481
Rotbuchstrasse,tertiary,47.3913644,8.5387271
Schaffhauserstrasse,tertiary,47.3912834,8.5389279
Bahnhofplatz,tertiary,47.3775791,8.5386163
Schürbungert,residential,47.4027597,8.5407571
Weinbergstrasse,tertiary,47.3912708,8.5387678
Schwamendingenstrasse,tertiary,47.4047805,8.5565832
Schwamendingenstrasse,primary,47.4045646,8.5579493
Schwamendingenstrasse,primary_link,47.4042929,8.561034
Schwamendingenstrasse,primary,47.404443,8.5590092
Breitensteinstrasse,tertiary,47.3938246,8.5180074
Winzerhalde,residential,47.3997181,8.4930297
Winzerhalde,residential,47.399966,8.4937365
Ohne Namen,primary,47.3990819,8.541037
Ohne Namen,primary,47.398963,8.5408847
Oetenbachgasse,residential,47.37399,8.540491
Saumackerstrasse,residential,47.3857527,8.4877496
Saumackerstrasse,residential,47.3874721,8.4883671
Untermoosstrasse,residential,47.3787364,8.4815255
Bachwiesenstrasse,residential,47.3759269,8.484531
Saatlenstrasse,residential,47.4077089,8.5657209
Am Wasser,tertiary,47.3949693,8.5119573
Bahnhofbrücke,tertiary,47.3769609,8.5427138
Bahnhofbrücke,tertiary,47.3767539,8.5432371
Hardhof,residential,47.3968273,8.4957562
Hardhof,residential,47.3963978,8.4957296
Zürichbergstrasse,residential,47.3845747,8.5770267
Rolf-Balsiger-Strasse,residential,47.3833353,8.5757165
Klosterweg,residential,47.386663,8.5753668
Zürichbergstrasse,residential,47.3849935,8.5776113
Zürichbergstrasse,residential,47.3856156,8.5784487
Carmenstrasse,residential,47.3688939,8.5621633
Carmenstrasse,residential,47.3691099,8.5619536
Neunbrunnenstrasse,residential,47.4161047,8.5313616
Ruedi-Walter-Strasse,residential,47.415636,8.5417296
Werdgässchen,residential,47.3716055,8.5278833
Jungholzstrasse,residential,47.4140303,8.5442189
Eggbühlstrasse,residential,47.416246,8.5431742
Jungholzstrasse,residential,47.4157642,8.5441956
Jungholzstrasse,residential,47.4149599,8.5442448
Stauffacherstrasse,tertiary,47.3730174,8.5291585
Elefantenweg,residential,47.3592895,8.5760369
Staubstrasse,residential,47.3471416,8.5312792
Seefeldstrasse,residential,47.3648163,8.548238
Oetlisbergstrasse,residential,47.3585423,8.5980364
Im Hau,residential,47.3643517,8.6009293
Klusplatz,secondary,47.3642718,8.5665961
Püntstrasse,tertiary,47.3747312,8.4848297
Seestrasse,tertiary,47.3647295,8.5314754
Quaibrücke,secondary,47.3665994,8.5421195
Bürkliplatz,secondary,47.3663689,8.5411939
Bürkliplatz,secondary,47.3666861,8.5416924
General-Guisan-Quai,secondary,47.36603,8.5401003
Lehfrauenweg,residential,47.3593501,8.5899406
Freiestrasse,tertiary,47.3608469,8.5661545
Hammerstrasse,residential,47.3594222,8.5680937
Fröbelstrasse,residential,47.3606877,8.5674978
Kartausstrasse,residential,47.3569868,8.5671589
Hammerstrasse,residential,47.3592917,8.5690963
Mittagweg,residential,47.3598039,8.5669023
Schützengasse,residential,47.3767424,8.5382022
Winterthurerstrasse,primary,47.4042586,8.5733644
Europabrücke,secondary,47.3932984,8.4930185
Europabrücke,tertiary,47.3919546,8.492412
Regensdorferstrasse,tertiary,47.403746,8.496791
Singlistrasse,residential,47.4037956,8.4941857
Singlistrasse,residential,47.404118,8.4937908
Salvatorstrasse,residential,47.4057997,8.5519478
Rehalpstrasse,residential,47.3513658,8.5843573
Giacomettistrasse,residential,47.4035093,8.5044344
Giacomettistrasse,residential,47.4029779,8.5047607
Badenerstrasse,tertiary,47.3823002,8.5016176
Altstetterstrasse,tertiary,47.3865893,8.4860092
Badenerstrasse,tertiary,47.3878773,8.4860369
Badenerstrasse,tertiary,47.3880702,8.484787
Badenerstrasse,tertiary,47.3866711,8.4911781
In Büngerten,residential,47.4202898,8.5055401
Seebacherstrasse,tertiary,47.4160083,8.5219216
Althoossteig,residential,47.4106252,8.524291
Kinkelstrasse,residential,47.3861818,8.5402477
Mühlebachstrasse,residential,47.3648706,8.5504298
Chüpliweg,residential,47.3468706,8.5667672
Balgriststrasse,residential,47.3541182,8.5769422
Hubenstrasse,residential,47.4016673,8.5675854
Im Rehsprung,residential,47.3986176,8.5298021
Quaibrücke,secondary,47.3671524,8.544218
Albulastrasse,residential,47.388678,8.4922157
Huttenstrasse,residential,47.3801349,8.5515547
Rothstrasse,residential,47.3935111,8.5367494
Badenerstrasse,tertiary,47.379802,8.5070641
Badenerstrasse,tertiary,47.3796301,8.50698
Badenerstrasse,tertiary,47.3754493,8.5174953
Badenerstrasse,tertiary,47.3778758,8.5110803
Rossackerstrasse,residential,47.3685059,8.490545
Soodstrasse,primary,47.3316831,8.5170205
Soodstrasse,primary,47.3326778,8.5180625
Bahnhofquai,tertiary,47.3768836,8.5420934
Utoquai,primary,47.3666464,8.5446757
Maneggpromenade,residential,47.332424,8.5142267
Maneggpromenade,residential,47.3300644,8.5131337
Manessestrasse,primary,47.3693216,8.5258294
Weststrasse,residential,47.3697495,8.5235218
Weststrasse,residential,47.3739326,8.5181366
Sihlfeldstrasse,residential,47.3752528,8.5167607
Manessestrasse,primary,47.3692828,8.5268029
Kalkbreitestrasse,tertiary,47.3736464,8.5198284
Gartenhofstrasse,residential,47.3721751,8.525672
Gerhardstrasse,residential,47.3704488,8.5231977
Manessestrasse,primary,47.3694234,8.5259393
Seebahnstrasse,primary,47.3738197,8.5195201
Kalkbreitestrasse,tertiary,47.3734297,8.5193644
Weststrasse,residential,47.3729873,8.5192942
Werdstrasse,residential,47.3710928,8.5254611
Zweierstrasse,tertiary,47.3719667,8.5223036
Schimmelstrasse,primary,47.369614,8.5257148
Binzmühlestrasse,tertiary,47.4147305,8.5198101
Sihlfeldstrasse,residential,47.3806094,8.5156581
Hohlstrasse,primary,47.3815818,8.5171426
Hegibachplatz,secondary,47.3618586,8.5602405
Seilergraben,tertiary,47.3767154,8.544581
Hegibachplatz,secondary,47.3616967,8.5605588
Hegibachplatz,secondary,47.3616036,8.5609289
Grüngasse,residential,47.3727019,8.5260082
Eggbühlstrasse,residential,47.4163275,8.5418139
Otto-Schütz-Weg,residential,47.4150037,8.5399035
Guldinerweg,residential,47.3767701,8.4927625
Schimmelstrasse,primary,47.3709729,8.5238781
Morgentalstrasse,residential,47.3441158,8.5298556
Hügelstrasse,residential,47.3580362,8.5262594
Badenerstrasse,tertiary,47.3765746,8.5141274
Aemtlerstrasse,tertiary,47.3737354,8.5133244
Zypressenstrasse,residential,47.3768749,8.5121513
Oetlisbergstrasse,residential,47.3591137,8.5965616
Europabrücke,secondary,47.3937283,8.4930662
Tüffenwies,residential,47.3972306,8.4899072
Bändlistrasse,tertiary,47.3956738,8.4873171
Europabrücke,secondary,47.3961774,8.4940798
Badenerstrasse,tertiary,47.3906658,8.4791638
Hohlstrasse,tertiary,47.3913652,8.4834036
Buchzelgstrasse,residential,47.3597695,8.5924252
Buchzelgstrasse,residential,47.359785,8.5873286
Buchholzstrasse,residential,47.3609541,8.588924
Schaffhauserstrasse,tertiary,47.3924978,8.5390252
Schaffhauserstrasse,primary,47.4174936,8.5459974
Brahmsstrasse,residential,47.3785201,8.5001195
Asylstrasse,secondary,47.3650528,8.565147
St. Jakobstrasse,residential,47.3748703,8.5295746
Lutherstrasse,residential,47.3746952,8.5284229
Badenerstrasse,tertiary,47.3735836,8.5270243
Hottingerstrasse,secondary,47.3694435,8.5543717
Hottingerstrasse,secondary,47.3692804,8.5555355
Hottingerstrasse,secondary,47.3693047,8.5569289
Letziweg,residential,47.3930915,8.551664
Brown-Boveri-Strasse,residential,47.4149158,8.5365025
Brown-Boveri-Strasse,residential,47.4156706,8.5366001
Rämistrasse,primary,47.3689667,8.5478546
Rämistrasse,primary,47.3680386,8.5465198
Rämistrasse,primary,47.3682855,8.5470409
Röntgenstrasse,residential,47.3827438,8.5281204
Röntgenstrasse,residential,47.3843847,8.527062
Landoltstrasse,residential,47.3829489,8.5513059
Vogelsangstrasse,residential,47.3830815,8.5493263
Schmelzbergstrasse,residential,47.3800217,8.5536878
Allenmoosstrasse,residential,47.4061497,8.5489384
Allenmoosstrasse,residential,47.4057706,8.548125
Regensbergstrasse,residential,47.4050266,8.5529405
Friedheimstrasse,residential,47.4046326,8.5503421
Magdalenenstrasse,residential,47.4068763,8.5525054
Seebahnstrasse,primary,47.3783618,8.5192335
Im Mittelleimbach,residential,47.3244758,8.5145152
Häderlihof,residential,47.3981342,8.5403471
Hürststrasse,residential,47.4136709,8.5270818
Clausiusstrasse,residential,47.3790413,8.5461695
Clausiusstrasse,residential,47.3785003,8.546509
Winterthurerstrasse,primary_link,47.3990498,8.5477906
Bucheggstrasse,primary_link,47.398528,8.5382974
Frohburgstrasse,residential,47.3970719,8.5524957
Frohburgstrasse,residential,47.3910638,8.5497404
Frohburgstrasse,residential,47.3997009,8.553701
Ohne Namen,residential,47.3807638,8.5520254
Birmensdorferstrasse,secondary,47.3676784,8.4948298
Wiesenstrasse,residential,47.3622819,8.5522184
Arbenzstrasse,residential,47.3593527,8.5557989
Mühlebachstrasse,residential,47.3612593,8.5546351
Wagnergasse,residential,47.3643096,8.5537586
Dienerstrasse,residential,47.3775046,8.5289132
Signaustrasse,residential,47.3628028,8.5557961
Signaustrasse,residential,47.3631032,8.5566136
Neumünsterallee,residential,47.3626936,8.5565285
Billrothstrasse,residential,47.3621784,8.5576045
Brauerstrasse,residential,47.3793503,8.5241035
Hohlstrasse,residential,47.3784812,8.5236183
Brauerstrasse,residential,47.3798903,8.5219498
Kernstrasse,residential,47.3772189,8.5251964
Dienerstrasse,residential,47.37959,8.5249152
Sihlhallenstrasse,residential,47.379582,8.5272497
Minervastrasse,residential,47.3691352,8.5529243
Gemeindestrasse,residential,47.3686564,8.552113
Dienerstrasse,residential,47.3791804,8.5256883
Moosstrasse,residential,47.3354061,8.5288751
Albisriederstrasse,secondary,47.372906,8.4754153
Schweighofstrasse,secondary,47.3581061,8.5087073
Schweighofstrasse,secondary,47.3566177,8.5099894
Schweighofstrasse,secondary,47.3556388,8.5105935
Seebahnstrasse,primary,47.37245,8.5214526
Langstrasse,tertiary,47.3749459,8.5246227
Wengistrasse,residential,47.3747427,8.5239193
Möhrlistrasse,residential,47.3904543,8.5465805
Goldauerstrasse,residential,47.3861946,8.5502085
Kinkelstrasse,residential,47.3893425,8.5466258
Letzistrasse,residential,47.3911063,8.5455235
Röntgenstrasse,residential,47.3856993,8.5268153
Stüssistrasse,residential,47.3930663,8.5404529
Geerenweg,residential,47.3930576,8.4908953
Limmattalstrasse,secondary,47.4047101,8.4833262
Neue Hard,primary,47.3870897,8.5192349
Aargauerstrasse,tertiary,47.3924954,8.5028059
Aargauerstrasse,secondary,47.3929746,8.4894439
Pfingstweidstrasse,primary,47.3872605,8.5190717
Ausstellungsstrasse,residential,47.3832868,8.534419
Ausstellungsstrasse,residential,47.3817176,8.536951
Friedhofstrasse,residential,47.3840741,8.4763328
Friedhofstrasse,residential,47.3857191,8.4800235
Saumackerstrasse,residential,47.3878138,8.4885008
Eugen-Huber-Strasse,residential,47.3866959,8.479294
Baslerstrasse,residential,47.38882,8.4894877
Badenerstrasse,tertiary,47.3870205,8.489687
Loogartenstrasse,residential,47.3890017,8.4725949
Rautistrasse,tertiary,47.3841958,8.4805339
Dachslernstrasse,residential,47.3926323,8.4709397
Saumackerstrasse,residential,47.3872101,8.4882631
Aubrigstrasse,residential,47.3678797,8.5299813
Freigutstrasse,residential,47.368346,8.5309394
Bergstrasse,secondary,47.3651952,8.5659805
Freigutstrasse,residential,47.367226,8.5322957
Brandschenkestrasse,tertiary,47.3694383,8.5332533
Brandschenkestrasse,tertiary,47.3690671,8.5322567
Stockerstrasse,tertiary,47.3685245,8.5342486
Röntgenplatz,residential,47.3854142,8.5268492
Brunnenhofweg,residential,47.4009415,8.5353199
Ulmenweg,residential,47.4052917,8.5403125
Ohmstrasse,residential,47.4114219,8.5456657
Franklinstrasse,tertiary,47.4087576,8.5463349
Oerlikonerstrasse,residential,47.406833,8.5470775
Tramstrasse,primary,47.4090696,8.5477125
Stüssistrasse,residential,47.394324,8.5407726
Kinkelstrasse,residential,47.3865018,8.5411308
Lehenstrasse,residential,47.3962944,8.5204256
Winterthurerstrasse,primary,47.4039198,8.5691678
Olgastrasse,residential,47.3674155,8.5481428
Ohne Namen,tertiary,47.400873,8.5487922
Winterthurerstrasse,primary,47.4041914,8.5614913
Stöckenackerstrasse,residential,47.4237868,8.5111406
Zehntenhausstrasse,tertiary,47.4221058,8.5078317
Wehntalerstrasse,primary,47.4140594,8.5193177
Wehntalerstrasse,primary,47.4124825,8.5234124
Ueberlandstrasse,primary_link,47.4069973,8.5859583
Ueberlandstrasse,primary,47.4071316,8.5858379
Jacob-Burckhardt-Strasse,residential,47.4006246,8.5060972
Rousseaustrasse,tertiary,47.386155,8.5354708
Wasserwerkstrasse,tertiary,47.3843334,8.5383235
Wasserwerkstrasse,tertiary,47.3864049,8.5348697
Rousseaustrasse,tertiary,47.3862282,8.5351577
Rousseaustrasse,tertiary,47.3864494,8.5353577
Wasserwerkstrasse,tertiary,47.3853161,8.5367382
Wasserwerkstrasse,tertiary,47.3833948,8.5397858
Wasserwerkstrasse,tertiary,47.3830423,8.5403617
Wasserwerkstrasse,tertiary,47.3827467,8.5406749
Wasserwerkstrasse,tertiary,47.3863618,8.5350048
Neumühlequai,tertiary,47.3831273,8.5401866
Wasserwerkstrasse,tertiary,47.3854543,8.5364982
Schaffhauserstrasse,primary,47.4022068,8.5461871
Ohne Namen,primary,47.3996664,8.5481805
Schaffhauserstrasse,tertiary,47.3980119,8.5417559
Albisriederstrasse,secondary,47.3775466,8.4989683
Albisriederstrasse,secondary,47.3775002,8.4987208
Bucheggplatz,tertiary,47.3985635,8.532635
Albisriederstrasse,secondary,47.3773646,8.4991072
Bucheggplatz,tertiary,47.3988172,8.5332793
Bucheggplatz,tertiary,47.3980414,8.5341245
Nordstrasse,tertiary,47.3941935,8.5273834
Nordstrasse,tertiary,47.3944457,8.52672
Nordstrasse,tertiary,47.3944804,8.5264473
Rosengartenbrücke,tertiary,47.3943258,8.526533
Rosengartenbrücke,tertiary,47.3942911,8.5267518
Rosengartenbrücke,tertiary,47.394236,8.5256089
Nordstrasse,tertiary,47.3944119,8.5267331
Rosengartenbrücke,tertiary,47.3944018,8.5263003
Rosengartenstrasse,primary,47.3949495,8.5257922
Rosengartenbrücke,tertiary,47.3943322,8.5266472
Nordstrasse,tertiary,47.3944383,8.5266669
Nordstrasse,tertiary,47.3943633,8.5267846
Rosengartenbrücke,tertiary,47.3949323,8.5247783
Nordstrasse,tertiary,47.3948375,8.5251804
Albert-Näf-Platz,residential,47.4103933,8.546155
Ilgenstrasse,residential,47.3694624,8.5590676
Asylstrasse,secondary,47.3681089,8.5599349
Ohne Namen,residential,47.3693405,8.5616395
Asylstrasse,secondary,47.3681089,8.5599349
Albisriederstrasse,secondary,47.375372,8.4849846
Püntstrasse,tertiary,47.3749685,8.4850727
Ohne Namen,primary_link,47.389624,8.5120572
Lindenhofstrasse,residential,47.3744925,8.5415965
Uraniastrasse,tertiary,47.3744504,8.5409959
Uraniastrasse,tertiary,47.374465,8.5405506
Schaffhauserstrasse,tertiary,47.3958106,8.5401566
Riedtlistrasse,tertiary,47.387631,8.5443285
Riedtlistrasse,tertiary,47.3882669,8.5431783
Winterthurerstrasse,primary,47.3949556,8.5450855
Winterthurerstrasse,primary,47.393988,8.5448571
Riedtlistrasse,tertiary,47.3889865,8.5419432
Kronenstrasse,residential,47.3870602,8.5362918
Sihlquai,tertiary,47.3799746,8.5376955
Riedgrabenweg,residential,47.4074148,8.5587321
Drahtzugstrasse,secondary,47.3615104,8.5607604
Hegibachplatz,secondary,47.3619437,8.5605825
Hegibachstrasse,tertiary,47.3628029,8.5626244
Forchstrasse,secondary,47.36453,8.5550295
Hegibachstrasse,tertiary,47.3620265,8.5607112
Forchstrasse,secondary,47.3644621,8.5550586
Goldregenweg,residential,47.4077246,8.5319993
Holunderweg,residential,47.4093812,8.5351694
Buchmattweg,residential,47.3965186,8.5397655
Kolbenhofstrasse,residential,47.3526746,8.5025262
Winkelriedstrasse,residential,47.3834082,8.5484271
Goldauerstrasse,residential,47.3864521,8.5501774
Goldauerstrasse,residential,47.3863831,8.5501943
Häldeliweg,residential,47.3784379,8.555645
Mantelgasse,residential,47.3565303,8.5581653
Lettenholzstrasse,residential,47.3399319,8.5299197
Thurgauerstrasse,secondary,47.4100091,8.5498633
Butzenstrasse,secondary,47.3371352,8.5195211
Gerechtigkeitsgasse,residential,47.3699613,8.5322018
Flössergasse,residential,47.3694955,8.5320591
Baslerstrasse,residential,47.3882065,8.4911567
Obsthaldenstrasse,residential,47.4141714,8.516487
Obsthaldenstrasse,residential,47.4149362,8.513766
Im Hagenbrünneli,residential,47.4153491,8.5127583
Obsthaldenstrasse,residential,47.4145613,8.5149506
Binzmühlestrasse,tertiary,47.4144497,8.5191575
Badenerstrasse,tertiary,47.3925978,8.4759273
Eglistrasse,residential,47.3838277,8.5107793
Knüslistrasse,residential,47.3846345,8.5092578
Flurstrasse,residential,47.3792827,8.4897239
Walchebrücke,tertiary,47.3785611,8.5415054
Fellenbergstrasse,residential,47.374235,8.502507
Bellerivestrasse,primary,47.3506452,8.5601627
Bellerivestrasse,primary,47.3524978,8.557657
Dufourstrasse,secondary,47.3475577,8.5629594
Bellerivestrasse,primary,47.3504452,8.5604556
Bellerivestrasse,primary,47.3509064,8.559988
Bellerivestrasse,primary,47.3502761,8.560633
Bellerivestrasse,primary,47.3514799,8.5591588
Dufourstrasse,secondary,47.3478807,8.5626942
Bellerivestrasse,primary,47.3498359,8.5609885
Bellerivestrasse,primary,47.3474385,8.5633018
Seeblickstrasse,residential,47.3370054,8.5351486
Schwingerstrasse,residential,47.3872849,8.5381803
Walchestrasse,residential,47.3803478,8.5422636
Walchestrasse,residential,47.3812709,8.5415869
Am Wasser,tertiary,47.3957786,8.5065818
Am Wasser,tertiary,47.3992774,8.4981318
Am Wasser,tertiary,47.3978683,8.5020151
Am Wasser,tertiary,47.3987353,8.4999959
Meierwiesenstrasse,tertiary,47.3973915,8.4937997
Sihlquai,tertiary,47.3803885,8.5379159
Käferholzstrasse,residential,47.4100365,8.5246171
Allmendstrasse,primary,47.340235,8.5191066
Leimbachstrasse,tertiary,47.3293098,8.5139466
Butzenstrasse,secondary,47.3370869,8.5208354
Leimbachstrasse,tertiary,47.3317962,8.5165873
Butzenstrasse,secondary,47.3370081,8.5206926
Luggwegstrasse,tertiary,47.3894593,8.4917245
Widumweg,residential,47.4033551,8.4943988
Wieslergasse,residential,47.4034097,8.4962948
Wieslergasse,residential,47.4028864,8.4960067
Nötzlistrasse,residential,47.4047046,8.502826
Beethovenstrasse,residential,47.3673394,8.5359046
Glärnischstrasse,residential,47.3680873,8.5374633
Beethovenstrasse,residential,47.3677079,8.5356373
Ringstrasse,residential,47.4059349,8.538657
Oerlikonerstrasse,residential,47.4003402,8.5431799
Oerlikonerstrasse,residential,47.4046222,8.5461884
Ringstrasse,residential,47.4046913,8.5404174
Oerlikonerstrasse,residential,47.4000826,8.5429938
Oerlikonerstrasse,residential,47.4026532,8.5449216
Allenmoosstrasse,residential,47.4046545,8.5414339
Allenmoosstrasse,residential,47.4036813,8.5390106
Ringstrasse,residential,47.4052335,8.5396747
Oerlikonerstrasse,residential,47.4014885,8.5440548
Ringstrasse,residential,47.403071,8.5422502
Schaffhauserstrasse,primary,47.4008724,8.5444316
Altenhofstrasse,residential,47.3539606,8.5597112
Dufourstrasse,secondary,47.3467052,8.5644773
Bellerivestrasse,primary,47.3473308,8.5636341
Birchstrasse,residential,47.4183131,8.5383628
Probsteistrasse,residential,47.3976588,8.5842044
Frohbühlstrasse,residential,47.4279713,8.5515754
Frohbühlstrasse,residential,47.4298244,8.5565862
Mattackerstrasse,residential,47.4237354,8.5503584
Hertensteinstrasse,residential,47.4258424,8.5438774
Künzlistrasse,residential,47.4078382,8.5315944
Notzenschürlistrasse,residential,47.4105087,8.4881564
Hohenklingenstrasse,residential,47.402026,8.4920559
Emil-Klöti-Strasse,tertiary,47.4009439,8.510142
Emil-Klöti-Strasse,tertiary,47.4040692,8.5060538
Fronwaldstrasse,residential,47.4151611,8.5186263
Fronwaldstrasse,residential,47.4151493,8.5185179
Riedenhaldenstrasse,residential,47.4149282,8.5185449
Ohne Namen,residential,47.4150536,8.5186772
Ohne Namen,residential,47.4149283,8.5188666
Riedenhaldenstrasse,residential,47.4150171,8.5184282
Thurgauerstrasse,secondary_link,47.4095012,8.5498135
Dörflistrasse,primary,47.409897,8.5489858
Dörflistrasse,primary,47.408784,8.5501092
Thurgauerstrasse,secondary,47.412679,8.550681
Siewerdtstrasse,residential,47.4122304,8.5545736
Limmattalstrasse,tertiary,47.4036919,8.4867356
Limmattalstrasse,tertiary,47.4027465,8.4917325
Limmattalstrasse,tertiary,47.4031987,8.4893773
Winzerstrasse,secondary,47.4036651,8.4858925
Winzerstrasse,tertiary,47.403582,8.4859787
Limmattalstrasse,secondary,47.4041233,8.4851608
Milchbuckstrasse,residential,47.3940439,8.5421937
Dörflistrasse,primary,47.4105296,8.5479426
Bahnhofquai,tertiary,47.3775718,8.5412828
Walchestrasse,tertiary,47.3787788,8.5424241
Bahnhofplatz,tertiary,47.3771024,8.5407928
Walchestrasse,tertiary,47.3788285,8.5427937
Ohne Namen,secondary_link,47.3569907,8.5349278
Drahtzugstrasse,residential,47.3597336,8.5651788
Dübendorfstrasse,tertiary,47.3983667,8.5915942
Wuhrstrasse,residential,47.3674013,8.5210728
Wuhrstrasse,residential,47.3683769,8.5200875
Bellerivestrasse,primary,47.350178,8.5606342
Winterthurerstrasse,primary,47.4042652,8.5741539
Herzogenmühlestrasse,residential,47.4072541,8.5726778
Stettbachstrasse,residential,47.4031097,8.575159
Schanzengasse,residential,47.3683221,8.5505
Helen-Keller-Strasse,residential,47.4012044,8.5930577
Gemeindestrasse,residential,47.3690836,8.5536648
Merkurstrasse,residential,47.3675895,8.5552287
Hofstrasse,residential,47.3737332,8.5616437
Im Sträler,residential,47.3716442,8.4995178
Manesseplatz,secondary_link,47.3650366,8.5215339
Zürichbergstrasse,residential,47.3871262,8.5806439
Alfred-Escher-Strasse,primary,47.365849,8.5322658
Alfred-Escher-Strasse,primary,47.3650983,8.5325628
FIFA-Strasse,residential,47.3808073,8.5734145
Schanzengasse,residential,47.3668912,8.5491061
Witellikerstrasse,secondary,47.3534425,8.5762206
Ohne Namen,secondary_link,47.3535586,8.5761124
Albisstrasse,secondary,47.3416462,8.5305509
Leimbachstrasse,tertiary,47.3247796,8.5154157
Leimbachstrasse,tertiary,47.3230109,8.5145377
Nidelbadstrasse,residential,47.3329584,8.5347867
Widmerstrasse,residential,47.3363932,8.5329504
Studackerstrasse,residential,47.3387558,8.5303238
Frohalpstrasse,residential,47.3399673,8.5247261
Speerstrasse,residential,47.3405318,8.5282593
Heilighüsli,residential,47.3576534,8.5857318
Thurgauerstrasse,secondary,47.4143355,8.5509282
Thurgauerstrasse,secondary,47.4190553,8.5553522
Bärenbohlstrasse,tertiary,47.4274701,8.511305
Käshaldenstrasse,tertiary,47.4321943,8.529497
Käshaldenstrasse,tertiary,47.430275,8.5365135
Leimgrübelstrasse,tertiary,47.4286581,8.5437094
Birchstrasse,secondary,47.4295233,8.5492032
Birchstrasse,secondary,47.4288233,8.5482219
Bärenbohlstrasse,tertiary,47.4278661,8.5117211
Hoffeld,residential,47.4060291,8.5345898
Klusdörfli,residential,47.3648086,8.5688957
Minervastrasse,residential,47.3671233,8.5549419
Zeltweg,secondary,47.3665738,8.5534668
Künzlistrasse,residential,47.4066499,8.5328083
Zelgstrasse,residential,47.367289,8.5225553
In Gassen,residential,47.3703838,8.5397978
Gubelstrasse,residential,47.4091528,8.541624
Regensbergstrasse,tertiary,47.4099725,8.5355001
Regensbergstrasse,tertiary,47.4097883,8.5365408
Wehntalerstrasse,primary,47.4074895,8.5303415
Wehntalerstrasse,primary,47.4011866,8.5367466
Wehntalerstrasse,primary,47.3990074,8.5388328
Hofwiesenstrasse,tertiary,47.399319,8.5330718
Bucheggstrasse,tertiary,47.3981841,8.53496
Hofwiesenstrasse,tertiary,47.3975902,8.5335248
Bärenbohlstrasse,tertiary,47.4305696,8.5145083
Bärenbohlstrasse,tertiary,47.4297686,8.5125356
Förrlibuckstrasse,residential,47.3937765,8.5056892
Bernerstrasse Süd,primary_link,47.3934692,8.500899
Witikonerstrasse,secondary,47.3626878,8.6150706
Forchstrasse,secondary,47.3602325,8.5682497
Gattikerstrasse,residential,47.3609924,8.567036
Dunantstrasse,residential,47.378335,8.5622926
Orellistrasse,residential,47.3815425,8.5714491
Zürichbergstrasse,residential,47.375618,8.5594768
Zürichbergstrasse,residential,47.3793202,8.5642819
Zürichbergstrasse,residential,47.3741202,8.5555052
Zürichbergstrasse,residential,47.3803061,8.5667709
Zürichbergstrasse,residential,47.3771995,8.5612743
Zürichbergstrasse,residential,47.3782264,8.5630176
Zürichbergstrasse,residential,47.3748061,8.5577321
Zürichbergstrasse,residential,47.3809344,8.5691332
Hardstrasse,tertiary,47.3887745,8.5207109
Schiffbaustrasse,residential,47.3886339,8.518707
Förrlibuckstrasse,residential,47.3931346,8.5063368
Förrlibuckstrasse,residential,47.3925402,8.5072035
Ohne Namen,tertiary_link,47.3649702,8.5313892
Dübendorfstrasse,tertiary,47.403726,8.5749932
Friedrichstrasse,residential,47.4048285,8.5694226
Hohmoos,residential,47.3969158,8.5942725
Hohmoos,residential,47.3970071,8.5930966
Hohmoos,residential,47.3982612,8.5915233
Katzenschwanzstrasse,tertiary,47.3650561,8.5987281
Klosterweg,residential,47.3865052,8.575446
Klosterweg,residential,47.3871353,8.5750531
Tobelhofstrasse,secondary,47.3779889,8.5744745
Winterthurerstrasse,primary,47.4069147,8.5856474
Scheffelstrasse,residential,47.3947008,8.5296945
Etzelstrasse,residential,47.3445217,8.5305621
Etzelstrasse,residential,47.3476498,8.5305911
Etzelstrasse,residential,47.3448528,8.5311002
Gablerstrasse,residential,47.3585186,8.5272777
Steinhaldenstrasse,residential,47.3595966,8.5276436
Central,tertiary,47.3770313,8.5441598
Limmatquai,tertiary,47.3761652,8.5436656
Künstlergasse,residential,47.3737502,8.547785
Winterthurerstrasse,primary,47.4037065,8.5713338
Brunaustrasse,tertiary,47.3533676,8.5251485
Brunaustrasse,tertiary,47.3532643,8.5250946
Brunaustrasse,tertiary,47.3531527,8.5250351
Ahornstrasse,residential,47.404043,8.5675551
Allmendstrasse,primary,47.3439131,8.5194667
Ohne Namen,primary_link,47.3443876,8.519356
Wirzenweid,residential,47.3566915,8.5824621
Walchebrücke,tertiary,47.3785659,8.5421201
Bertastrasse,residential,47.3750005,8.5154801
Mühlegasse,tertiary,47.374333,8.5432863
Häringstrasse,residential,47.3750102,8.5451019
Zähringerstrasse,residential,47.3753689,8.5446203
Löwenstrasse,tertiary,47.3757613,8.5373158
Friesenbergstrasse,tertiary,47.3700654,8.5140923
Schrennengasse,residential,47.3696134,8.5158599
Schoeckstrasse,primary_link,47.3664464,8.5451635
Emil-Klöti-Strasse,tertiary,47.3997897,8.5188534
Dörflistrasse,primary,47.4041822,8.5489567
Löwenstrasse,residential,47.3729599,8.5345546
Löwenstrasse,residential,47.3737207,8.535109
Binzmühlestrasse,secondary,47.4138949,8.5446674
Dörflistrasse,primary,47.4096256,8.5494493
Schaffhauserstrasse,primary,47.4126678,8.5462794
Schwamendingenstrasse,primary,47.4043454,8.5605995
Thurgauerstrasse,secondary,47.4100563,8.5500906
Thurgauerstrasse,secondary_link,47.4094548,8.5496672
Winterthurerstrasse,primary,47.4041421,8.5623372
Albulastrasse,residential,47.3879453,8.4942366
Mürtschenstrasse,residential,47.3873261,8.4947636
Limmatquai,residential,47.3730603,8.5428929
Albisriederplatz,secondary,47.3783763,8.5099726
Hardstrasse,secondary,47.3785091,8.5104596
Hardstrasse,secondary,47.3784338,8.5106465
Felsenrainstrasse,residential,47.4181894,8.5437034
Badenerstrasse,tertiary,47.3754266,8.5172534
Universitätstrasse,primary,47.3849823,8.5483369
Universitätstrasse,primary,47.3857045,8.5485556
Gladbachstrasse,tertiary,47.3824929,8.5514032
Zollbrücke,tertiary,47.379091,8.5384372
Zollbrücke,tertiary,47.3792718,8.5379735
Zollbrücke,tertiary,47.3794104,8.5379807
Hirschengraben,residential,47.3730528,8.5473786
Seilergraben,tertiary,47.3756505,8.5452414
Im Bergdörfli,residential,47.3380349,8.5243031
Bucheggstrasse,primary,47.3990844,8.5423717
Schaffhauserstrasse,tertiary,47.3989347,8.5422089
Hofwiesenstrasse,tertiary,47.4034598,8.536402
Hofwiesenstrasse,tertiary,47.4018646,8.5350008
Neunbrunnenstrasse,residential,47.4170617,8.5400995
Limmattalstrasse,tertiary,47.4027654,8.4917325
Lindenstrasse,residential,47.3576056,8.551684
Kraftstrasse,tertiary,47.3769454,8.5596988
Haumesserstrasse,residential,47.3476184,8.5317877
Bahnhofbrücke,tertiary,47.3770302,8.5421198
Limmatquai,tertiary,47.3761754,8.5435145
Lindenhofstrasse,residential,47.3747478,8.5412033
Waisenhausstrasse,residential,47.3759769,8.5409432
Waisenhausstrasse,residential,47.376533,8.5407202
Werdmühleplatz,residential,47.3747349,8.5399594
Werdmühlestrasse,residential,47.3750128,8.5396975
Werdmühlestrasse,residential,47.3754385,8.5404941
Hirschengraben,tertiary,47.3727806,8.5473491
Bärengasse,residential,47.3704349,8.5382984
Kasernenstrasse,residential,47.3772908,8.5356711
Sihlporte,tertiary,47.3725761,8.5344875
Gartenstrasse,residential,47.3687525,8.5346861
Bleicherweg,residential,47.3678128,8.5349676
Gartenstrasse,residential,47.3681479,8.532866
Gartenstrasse,residential,47.3684289,8.5336997
Birmensdorferstrasse,secondary,47.3706208,8.5173138
Seebahnstrasse,primary,47.3733856,8.5200691
Seebahnstrasse,primary,47.3726911,8.5210809
Seebahnstrasse,primary,47.3760549,8.5184139
Seebahnstrasse,primary,47.3796145,8.5203975
Stauffacherstrasse,residential,47.3791834,8.5178787
Erikastrasse,residential,47.3711407,8.5189893
Kanzleistrasse,residential,47.3764056,8.5219169
Seebahnstrasse,primary,47.3771374,8.518496
Heimstrasse,tertiary,47.3710346,8.5481317
Untere Zäune,residential,47.3710011,8.5469113
Limmatquai,primary,47.3675628,8.5451591
Theaterstrasse,primary,47.3669257,8.5457557
Utoquai,primary,47.368331,8.5438564
Utoquai,primary,47.3685952,8.5438341
Münsterbrücke,residential,47.369942,8.5425069
Münsterbrücke,residential,47.3700278,8.5431433
Stadthausquai,residential,47.3670366,8.541785
Stadthausquai,residential,47.3694563,8.5418143
Limmatquai,residential,47.370913,8.5430856
Utoquai,residential,47.3687286,8.5436641
Weinbergstrasse,tertiary,47.3878281,8.5409652
Bodenacker,residential,47.4247556,8.5094898
Fronwaldweg,residential,47.4239917,8.5099896
Stöckenackerstrasse,residential,47.4244372,8.5115297
Talstrasse,tertiary,47.3664818,8.5403721
Talstrasse,tertiary,47.3666753,8.540273
Feldblumenstrasse,residential,47.3851339,8.4818527
Girhaldenstrasse,residential,47.3873976,8.4771247
Glättlistrasse,residential,47.3888526,8.4759781
Kelchweg,residential,47.3894831,8.4800555
Schneebelistrasse,residential,47.3845302,8.4838356
Zwischenbächen,residential,47.3814799,8.4787791
Baumackerstrasse,residential,47.4095966,8.5423059
Bleicherweg,residential,47.3686421,8.5374093
Bleicherweg,residential,47.3688628,8.5377554
Zweierstrasse,secondary,47.3713571,8.5208814
Steinwiesstrasse,residential,47.3691106,8.5504446
Zürichbergstrasse,residential,47.3734393,8.5529597
Loorenrain,residential,47.3637218,8.5947964
Loorenstrasse,residential,47.3617486,8.5935179
Ackersteinstrasse,residential,47.4017857,8.4992177
Bombachhalde,residential,47.4051242,8.480056
Bombachsteig,residential,47.4038849,8.489199
Bombachstrasse,residential,47.4049034,8.4868002
Hohenklingenstrasse,residential,47.4026834,8.4908808
Imbisbühlstrasse,residential,47.4047754,8.4887587
In der Schüpf,residential,47.4020835,8.4937123
Lachenacker,residential,47.4058112,8.4902098
Lachenzelgstrasse,residential,47.4045813,8.4913277
Limmattalstrasse,tertiary,47.4021088,8.4969807
Michelstrasse,residential,47.4051206,8.4957784
Regensdorferstrasse,tertiary,47.4038537,8.4965469
Regensdorferstrasse,tertiary,47.4107558,8.4859983
Regensdorferstrasse,tertiary,47.4026243,8.4988347
Singlistrasse,residential,47.4045527,8.4939425
Vorhaldenstrasse,residential,47.4011499,8.493033
Widumweg,residential,47.4027234,8.4939824
Wieslergasse,residential,47.403794,8.4964665
Albisriederstrasse,secondary,47.3738022,8.4817363
Birmensdorferstrasse,secondary,47.3699207,8.4786427
Birmensdorferstrasse,secondary,47.3687653,8.4832121
Engimattstrasse,residential,47.3604736,8.5246088
Neugutstrasse,residential,47.3590443,8.5255216
Rieterplatz,residential,47.3565648,8.526595
Rieterplatz,residential,47.3563005,8.5265797
Rieterstrasse,residential,47.360952,8.5255895
Schulhausstrasse,residential,47.3611758,8.5321799
Waffenplatzstrasse,tertiary,47.355027,8.5268593
Katharinenweg,residential,47.3609232,8.5285096
Schulhausstrasse,residential,47.3613696,8.5301656
Steinhaldenstrasse,residential,47.3580858,8.5280294
Bircher-Benner-Platz,secondary,47.3754968,8.563952
Hofstrasse,secondary,47.3758426,8.5657632
Hofstrasse,residential,47.3753523,8.5636108
Schneckenmannstrasse,secondary,47.3754643,8.5626258
Pfingstweidstrasse,primary,47.3897037,8.5115456
Bürkliplatz,secondary_link,47.3666111,8.5418731
Haldenstrasse,residential,47.3660218,8.5158565
Haldenstrasse,residential,47.3666815,8.5154599
Burstwiesenstrasse,residential,47.3706029,8.5081036
Altenhofstrasse,residential,47.3542623,8.5601671
Arosastrasse,residential,47.3521474,8.5605895
Dufourstrasse,residential,47.3643494,8.5472795
Holbeinstrasse,residential,47.3641257,8.5495969
Hornbachstrasse,residential,47.3547945,8.553803
Höschgasse,secondary,47.3585913,8.5570032
Klarastrasse,residential,47.3640907,8.5503036
Klarastrasse,residential,47.3637475,8.5506273
Mühlebachstrasse,residential,47.3581466,8.5575471
Münchhaldenstrasse,residential,47.3548437,8.5587273
Seehofstrasse,residential,47.3640086,8.547082
Seehofstrasse,residential,47.3644199,8.5485047
Seerosenstrasse,residential,47.3631756,8.5476584
Zimmergasse,residential,47.363172,8.55077
Falkenstrasse,secondary,47.3647108,8.5473468
Schulhausstrasse,residential,47.3608509,8.530429
Schulhausstrasse,residential,47.360395,8.5261918
Zypressenstrasse,residential,47.3791583,8.5154306
Zypressenstrasse,residential,47.380423,8.5172162
Spindelstrasse,residential,47.3394009,8.5179415
Zwyssigstrasse,residential,47.3839837,8.4852604
Badenerstrasse,secondary,47.3938068,8.4722419
Badenerstrasse,secondary,47.3939315,8.4722941
Ohne Namen,secondary,47.3937602,8.4725423
Micafilstrasse,residential,47.3925845,8.4782948
In der Looren,residential,47.3644204,8.5953812
Zweierstrasse,secondary,47.3704779,8.5189546
Gladbachstrasse,tertiary,47.3830568,8.5502643
Seestrasse,primary,47.3346299,8.5420589
Gemeindestrasse,residential,47.3692243,8.5545239
Altstetterstrasse,tertiary,47.3883903,8.4867042
Europabrücke,tertiary,47.3900637,8.4918185
Rehalpstrasse,residential,47.3512677,8.5841502
Aargauerstrasse,secondary,47.392204,8.49395
Aargauerstrasse,secondary,47.3926355,8.4905668
Bändlistrasse,tertiary,47.3975488,8.4817622
Grünauring,residential,47.3964506,8.4859173
Vulkanstrasse,residential,47.3929957,8.4851111
Ilgenstrasse,residential,47.3686055,8.5598734
Rütistrasse,residential,47.3699931,8.5621552
Sennhauserweg,residential,47.3698195,8.5608315
Anwandstrasse,residential,47.3761539,8.5245552
Anwandstrasse,residential,47.377061,8.5219428
Neunbrunnenstrasse,residential,47.4161825,8.5318209
Herzogenmühlestrasse,residential,47.4052101,8.5728754
Opfikonstrasse,residential,47.4151991,8.570077
Opfikonstrasse,residential,47.4135751,8.5721109
Hofstrasse,residential,47.3718355,8.5593399
Inselhofstrasse,residential,47.3575247,8.5567008
Bremgartnerstrasse,residential,47.3724848,8.5209301
Weststrasse,residential,47.3722465,8.5202063
Borrweg,residential,47.360799,8.5052665
Friesenbergstrasse,residential,47.3604699,8.5010167
Friesenbergstrasse,residential,47.3592574,8.4985478
Schweighofstrasse,secondary,47.3647893,8.5027166
Zielweg,residential,47.358627,8.49771
Waffenplatzstrasse,tertiary,47.3617181,8.5263495
Badenerstrasse,tertiary,47.3870168,8.4899833
Luggwegstrasse,tertiary,47.3872853,8.4906815
Technoparkstrasse,residential,47.3892263,8.516106
Schmelzbergstrasse,residential,47.3770342,8.5489464
Tannenstrasse,tertiary,47.3770679,8.5469542
Berninastrasse,residential,47.4040768,8.5456086
Berninastrasse,residential,47.4052549,8.5413291
Bederstrasse,secondary,47.3618861,8.5263617
Gladbachstrasse,tertiary,47.3835485,8.549293
Gladbachstrasse,tertiary,47.3835177,8.5493218
Vogelsangstrasse,tertiary,47.3844017,8.5484402
Waffenplatzstrasse,tertiary,47.3618179,8.5264806
Binzmühlestrasse,tertiary,47.4147002,8.5198183
Binzmühlestrasse,tertiary,47.4148065,8.519536
Stiglenstrasse,residential,47.4268016,8.5549056
Erismannstrasse,residential,47.3801398,8.5194812
Hohlstrasse,tertiary,47.3828247,8.5154691
Hohlstrasse,primary,47.3808285,8.5188887
Hohlstrasse,primary,47.3823868,8.5157041
Hohlstrasse,tertiary,47.3831368,8.5142049
Hohlstrasse,tertiary,47.3830914,8.5149138
Hohlstrasse,primary,47.3830047,8.5148626
Besenrainstrasse,residential,47.3444682,8.5274191
Schwertstrasse,residential,47.4001055,8.5047957
Kornhausbrücke,tertiary,47.3851338,8.5323725
Uetlibergstrasse,residential,47.3520664,8.5054781
Gartenstrasse,residential,47.3677703,8.53179
Gartenstrasse,residential,47.3679286,8.532217
Josefstrasse,residential,47.3815193,8.5330259
Gasometerstrasse,residential,47.3851617,8.5301225
Herdernstrasse,tertiary,47.3839146,8.506952
Hohlstrasse,tertiary,47.3850073,8.5086205
Albisstrasse,secondary,47.3404057,8.530094
Albisstrasse,secondary,47.3333201,8.5299265
Erligatterweg,residential,47.332918,8.5328843
Mythenquai,secondary,47.3619434,8.5353066
General-Guisan-Quai,secondary,47.3628271,8.5352364
General-Guisan-Quai,secondary,47.3638368,8.5356886
Tödistrasse,residential,47.366361,8.5345745
Steinstrasse,tertiary,47.3664189,8.5207915
Schaffhauserstrasse,primary,47.3993301,8.5423725
Lavaterstrasse,residential,47.3634835,8.5321164
Jungholzstrasse,residential,47.4133929,8.5441863
Kapfsteig,residential,47.3605324,8.5700147
Sempacherstrasse,residential,47.3598706,8.5695684
Im Laubegg,residential,47.3584653,8.5161503
Ohne Namen,secondary_link,47.3281662,8.5295945
Rebbergstrasse,residential,47.3982804,8.5118871
Wehntalerstrasse,primary,47.4142989,8.5183434
Wehntalerstrasse,primary,47.413381,8.5211764
Bucheggstrasse,primary,47.3985796,8.5393384
Bucheggstrasse,primary,47.3990125,8.5421519
Bucheggstrasse,primary,47.3987397,8.5402326
Ueberlandstrasse,primary,47.403655,8.5561134
Ohne Namen,primary,47.400081,8.5469269
Birchstrasse,secondary,47.4100455,8.537956
Birchstrasse,secondary,47.4091649,8.537475
Regensbergstrasse,tertiary,47.4096471,8.537291
Birchstrasse,secondary,47.4065003,8.5359226
Bernerstrasse,primary,47.3980194,8.4742716
Bernerstrasse,primary,47.3986586,8.4718708
Manessestrasse,primary,47.3691055,8.5277167
Seebahnstrasse,primary,47.3747453,8.5188409
Kappelistrasse,residential,47.3536705,8.531519
Rautistrasse,tertiary,47.3829913,8.4853818
Eugen-Huber-Strasse,residential,47.3846968,8.4861217
Neugutstrasse,residential,47.3592089,8.5273263
Waffenplatzstrasse,tertiary,47.3602014,8.5267019
Birchstrasse,residential,47.414046,8.5379123
Ellen-Widmann-Weg,residential,47.4147554,8.5392901
Am Wasser,tertiary,47.3952117,8.5093568
Affolternstrasse,tertiary,47.4235908,8.4894828
Naglerwiesenstrasse,residential,47.412507,8.4836587
Regensdorferstrasse,tertiary,47.4129481,8.4836892
Limmattalstrasse,secondary,47.4040973,8.4853734
Limmattalstrasse,tertiary,47.4039005,8.4856307
Limmattalstrasse,tertiary,47.4037788,8.4859737
Limmattalstrasse,tertiary,47.4036597,8.4865401
Limmattalstrasse,secondary,47.4038745,8.4858432
Winzerstrasse,tertiary,47.403752,8.4857918
Hardeggstrasse,residential,47.3964242,8.5032653
Thurgauerstrasse,secondary,47.4109421,8.5503618
Haldenbachstrasse,residential,47.3806484,8.5488238
Turbinenstrasse,residential,47.3870642,8.514757
Hirschwiesenstrasse,primary,47.3995658,8.542697
Tramstrasse,residential,47.4088329,8.5574919
Ohmstrasse,residential,47.4103102,8.5460437
Duttweilerbrücke,tertiary_link,47.3852093,8.5087493
General-Guisan-Quai,secondary,47.3651262,8.5382936
General-Guisan-Quai,secondary,47.3647433,8.537528
General-Guisan-Quai,secondary,47.364417,8.5368746
Sihlhölzlistrasse,tertiary,47.3686049,8.528842
Stauffacherquai,tertiary,47.370185,8.5293716
Tunnelstrasse,primary,47.3687724,8.528743
Neumühlequai,tertiary,47.3792363,8.5422887
Ohne Namen,primary,47.3516339,8.5255944
Bucheggstrasse,tertiary,47.3980451,8.5358989
Grossmannstrasse,residential,47.3978283,8.5036583
Riedgrabenweg,residential,47.4125589,8.5587017
Schaffhauserstrasse,primary,47.3999096,8.5431468
Ohne Namen,primary,47.3998656,8.544573
Gladbachstrasse,tertiary,47.3788627,8.5564958
Seilergraben,tertiary,47.3735083,8.5468289
Ohne Namen,primary,47.4000839,8.5455086
Hirschwiesenstrasse,primary,47.3996562,8.5431072
Schaffhauserstrasse,tertiary,47.3985771,8.5421044
Schaffhauserstrasse,tertiary,47.3967115,8.540929
Schaffhauserstrasse,tertiary,47.3957567,8.540308
Schaffhauserstrasse,tertiary,47.3935533,8.539264
Schaffhauserstrasse,tertiary,47.3932264,8.539179
Schaffhauserstrasse,tertiary,47.3973957,8.5412121
Schaffhauserstrasse,tertiary,47.3962925,8.5406582
Riedgrabenweg,residential,47.405031,8.5584247
Limmattalstrasse,tertiary,47.4038487,8.4861949
Vorhaldenstrasse,residential,47.4009341,8.4940727
Winzerstrasse,secondary,47.400734,8.4923564
Badenerstrasse,tertiary,47.386437,8.4913882
Badenerstrasse,tertiary,47.383121,8.4995427
Badenerstrasse,tertiary,47.3868562,8.4902192
Badenerstrasse,tertiary,47.385063,8.494945
Winzerstrasse,secondary,47.4038244,8.4856049
Emil-Klöti-Strasse,tertiary,47.4103821,8.5053388
Emil-Klöti-Strasse,tertiary,47.4063824,8.5040204
Glaubtenstrasse,tertiary,47.4138141,8.518661
Aargauerstrasse,tertiary,47.392191,8.4984174
Pfingstweidbrücke,primary,47.3937836,8.4991628
Ohne Namen,tertiary,47.3925968,8.5024849
Duttweilerbrücke,tertiary_link,47.3896635,8.5114833
Pfingstweidstrasse,primary_link,47.3936218,8.5019788
Langstrasse,tertiary,47.3798982,8.5278461
Mühlackerstrasse,residential,47.4242383,8.5026351
Ueberlandstrasse,tertiary,47.4048966,8.5571947
Franklinstrasse,tertiary,47.4091346,8.5451936
Aegertenstrasse,residential,47.3689416,8.5230538
Aegertenstrasse,residential,47.3685104,8.5235289
Hardturmstrasse,residential,47.3931038,8.5112303
Herostrasse,residential,47.3933203,8.4867756
Leonhard-Ragaz-Weg,residential,47.3708675,8.5085636
Badenerstrasse,tertiary,47.3927536,8.4751464
Fritschistrasse,residential,47.3766563,8.5136646
Schaufelbergerstrasse,tertiary,47.3693966,8.5015059
Central,tertiary,47.3770242,8.5439994
Stampfenbachstrasse,tertiary,47.3790181,8.5433222
Schwamendingenstrasse,tertiary,47.4060768,8.5529039
Merkurstrasse,secondary,47.3660306,8.5528426
Zeltweg,tertiary,47.3666848,8.5535217
Hardgutstrasse,residential,47.3832907,8.5014406
Katzenbachstrasse,residential,47.4240357,8.5437643
Kirchenfeld,residential,47.4224801,8.5461635
Katzenbachstrasse,residential,47.4213012,8.5493861
Katzenbachstrasse,residential,47.4245267,8.5425564
Katzenbachstrasse,residential,47.4217512,8.5485382
Winterthurerstrasse,primary,47.4038819,8.5655224
Ahornstrasse,residential,47.4031969,8.5674339
Bocklerstrasse,residential,47.4029663,8.5693863
Winterthurerstrasse,primary,47.4037807,8.5706585
Therese-Giehse-Strasse,residential,47.4127095,8.5418033
Röschibachstrasse,residential,47.3933664,8.5266694
Badenerstrasse,tertiary,47.389429,8.4820411
Luggwegstrasse,tertiary,47.3879549,8.4909296
Luggwegstrasse,tertiary,47.386843,8.4905155
Saumackerstrasse,residential,47.3882717,8.48868
Badenerstrasse,tertiary,47.3871886,8.4888511
Schlossgasse,secondary,47.3692674,8.5199629
Zürichbergstrasse,residential,47.3846739,8.5772234
Zürichbergstrasse,residential,47.3843038,8.5757584
Grünauring,residential,47.3966659,8.48641
Zielweg,residential,47.3587789,8.4975395
Bleulerstrasse,residential,47.3478001,8.5712836
Im Walder,residential,47.3475891,8.5745193
Neumünsterstrasse,secondary,47.3615253,8.5598493
Neumünsterstrasse,secondary,47.360946,8.5581585
Ankerstrasse,residential,47.37464,8.5255394
Grüngasse,residential,47.3740242,8.5244217
Birmensdorferstrasse,secondary,47.3702773,8.5144056
Birmensdorferstrasse,secondary,47.3702877,8.5134703
Birmensdorferstrasse,secondary,47.3703672,8.5138136
Goldbrunnenstrasse,tertiary,47.3699992,8.5135157
Goldbrunnenstrasse,residential,47.3703369,8.5130931
Kalkbreitestrasse,tertiary,47.370488,8.5140601
Ohne Namen,secondary_link,47.3703295,8.5142926
Sihlfeldstrasse,residential,47.3733027,8.5173178
Thurgauerstrasse,secondary,47.4135213,8.5506611
Allmendstrasse,secondary_link,47.3574005,8.521484
Giesshübelstrasse,secondary,47.3578623,8.5205437
Giesshübelstrasse,primary,47.3598044,8.5226695
Giesshübelstrasse,secondary,47.3577662,8.5205927
Giesshübelstrasse,secondary,47.3581152,8.519786
Giesshübelstrasse,primary,47.3579527,8.5218666
Giesshübelstrasse,primary,47.3585881,8.5219436
Allmendstrasse,secondary_link,47.3576729,8.5215518
Allmendstrasse,secondary_link,47.3573957,8.5218221
Frankentalerstrasse,secondary,47.4134186,8.4803214
Geeringstrasse,residential,47.414459,8.4805141
Freyastrasse,residential,47.3721517,8.5240929
Freyastrasse,residential,47.3716913,8.5245861
Bahnhofquai,tertiary,47.3778286,8.5419183
Ankerstrasse,residential,47.3725797,8.5238823
Morgartenstrasse,residential,47.3712503,8.5293361
Hofwiesenstrasse,residential,47.4106738,8.542696
Franklinstrasse,tertiary,47.4103375,8.5422926
Franklinstrasse,tertiary,47.4102889,8.5421843
Birmensdorferstrasse,secondary,47.3681475,8.4950552
Triemlistrasse,tertiary,47.3680079,8.4946791
Triemlistrasse,tertiary,47.3681474,8.4948724
Winzerstrasse,secondary,47.4035889,8.4858667
Buchholzstrasse,residential,47.3602481,8.5866819
General-Wille-Strasse,tertiary,47.3635608,8.5327411
Schaffhauserstrasse,primary,47.4196321,8.5481973
Limmatquai,residential,47.3695303,8.5434509
Giesshübelstrasse,secondary,47.3587232,8.5172789
Badenerstrasse,tertiary,47.3774676,8.5121353
Bertastrasse,residential,47.3755489,8.5163792
Forchstrasse,secondary,47.3521857,8.5781801
Bertastrasse,residential,47.3711321,8.5101049
Gutstrasse,secondary,47.3701315,8.5097987
Zurlindenstrasse,tertiary,47.3699584,8.5200047
Manessestrasse,primary,47.3629834,8.522242
Schlossgasse,tertiary,47.3697018,8.5201511
Ohne Namen,residential,47.3625332,8.5170642
Gessnerbrücke,tertiary,47.3764216,8.5349283
Kasernenstrasse,tertiary,47.3765208,8.5346605
Leonhardstrasse,tertiary,47.3793409,8.5444615
Weinbergstrasse,tertiary,47.3849764,8.5424919
Bleicherweg,residential,47.3691745,8.5381978
Talacker,residential,47.3695547,8.5384909
Albisriederstrasse,secondary,47.3782347,8.5097221
Gloriastrasse,tertiary,47.3760509,8.5569854
Hottingerstrasse,secondary,47.3701231,8.5510431
Gloriastrasse,tertiary,47.3765723,8.5530016
Hofwiesenstrasse,tertiary,47.4074739,8.5384136
Schärenmoosstrasse,residential,47.419539,8.5558523
Hegibachplatz,secondary,47.3618158,8.5609595
Oetenbachgasse,residential,47.3739727,8.5395856
Naphtastrasse,residential,47.3867646,8.516097
Giblenstrasse,residential,47.4107489,8.485404
Spiserstrasse,residential,47.379139,8.4938484
Forchstrasse,secondary,47.3509968,8.5804295
Wydäckerring,residential,47.371133,8.4934114
Wydäckerring,residential,47.3701001,8.4945775
In der Breiti,residential,47.3773056,8.4846484
Panweg,residential,47.3817723,8.5478699
Hegianwandweg,residential,47.3575114,8.5136521
Hegianwandweg,residential,47.35693,8.511994
Frauentalweg,residential,47.3553697,8.512766
Bachtobelstrasse,residential,47.360149,8.5140888
Arbentalstrasse,residential,47.3559664,8.5117213
Limmatstrasse,residential,47.3812397,8.5361924
Schlossgasse,secondary,47.3696331,8.5202641
Kalkbreitestrasse,tertiary,47.3704917,8.5141858
Eisfeldstrasse,residential,47.4150018,8.546085
Friesstrasse,primary,47.41521,8.5465886
Ueberlandstrasse,primary,47.4060276,8.5899418
Dübendorfstrasse,tertiary,47.3970033,8.5948954
Stettbachstrasse,residential,47.4009863,8.5801626
Walchestrasse,residential,47.3823312,8.5409417
Zelgstrasse,residential,47.3678493,8.521906
Zelgstrasse,residential,47.3683564,8.5213505
Hegianwandweg,residential,47.3558683,8.5085253
Wolframplatz,residential,47.3620057,8.522191
Wolframplatz,residential,47.3620519,8.5217287
Mythenquai,secondary,47.3597761,8.5354531
Mythenquai,secondary,47.3608335,8.5353823
Forchstrasse,secondary,47.3580532,8.5716941
Forchstrasse,secondary,47.3591227,8.570205
Regensbergstrasse,residential,47.4055975,8.5501052
St. Peterstrasse,residential,47.3711242,8.5393154
St. Peterstrasse,residential,47.3710365,8.5382768
Bahnhofstrasse,residential,47.3713128,8.5386921
Bahnhofstrasse,residential,47.3708872,8.5388527
Bahnhofstrasse,residential,47.3725182,8.5383082
Bahnhofstrasse,residential,47.3730326,8.5382801
Soldanellastrasse,residential,47.3832407,8.4981058
Fellenbergstrasse,residential,47.3757116,8.4885641
Birchstrasse,residential,47.4263308,8.5437726
Vogtsrain,residential,47.4034092,8.5005419
Dialogweg,residential,47.4141597,8.5596011
Hirschwiesenstrasse,tertiary,47.3995053,8.5426693
Hirschwiesentunnel,primary,47.3994524,8.5429855
Albisstrasse,secondary,47.3447249,8.5332278
Albisstrasse,secondary,47.344753,8.5331396
Seestrasse,tertiary,47.3451376,8.533529
Buchrainstrasse,tertiary,47.3735364,8.6043823
Duttweilerstrasse,primary,47.3906857,8.5128687
Pfingstweidstrasse,primary,47.3897038,8.5119262
Wolframplatz,residential,47.361588,8.5216018
Seestrasse,tertiary,47.3642219,8.5313342
Heinrichstrasse,residential,47.3870326,8.5263872
Heinrichstrasse,residential,47.3865665,8.5273602
Hegianwandweg,residential,47.3553479,8.5074694
Hegianwandweg,residential,47.3557868,8.5085663
Adolf-Lüchinger-Strasse,residential,47.3557845,8.5083544
Adolf-Lüchinger-Strasse,residential,47.3558706,8.5087372
Binzmühlestrasse,tertiary,47.4138851,8.5474902
Binzmühlestrasse,tertiary,47.4138383,8.5469602
Birmensdorferstrasse,secondary,47.3695505,8.4668993
Birmensdorferstrasse,secondary,47.3708369,8.4729847
Birmensdorferstrasse,secondary,47.3706087,8.4699157
Birmensdorferstrasse,secondary,47.3700412,8.4682421
Loorenstrasse,residential,47.3638815,8.5916974
Schulstrasse,residential,47.4088876,8.5443767
Forchstrasse,secondary,47.3508276,8.5836426
Im Tiergarten,residential,47.3654293,8.5123283
Im Tiergarten,residential,47.3663325,8.5126026
Schanzengasse,residential,47.3679165,8.5499528
Promenadengasse,residential,47.3687673,8.5495424
Südstrasse,residential,47.3495255,8.5682308
Südstrasse,residential,47.3490291,8.5687126
Glaubtenstrasse,tertiary,47.4126455,8.5141126
Brandschenkestrasse,tertiary,47.3687971,8.5315386
Manessestrasse,primary,47.369363,8.5269827
Manessestrasse,primary,47.3686335,8.52452
Schimmelstrasse,primary,47.3706674,8.5244783
Baslerstrasse,residential,47.3861102,8.4976763
Baslerstrasse,residential,47.3862465,8.4972123
Baslerstrasse,residential,47.3865874,8.4960629
Baslerstrasse,residential,47.3884421,8.4905149
Baslerstrasse,residential,47.3856379,8.4992863
Baslerstrasse,residential,47.3876964,8.492572
Badenerstrasse,tertiary,47.3764846,8.5145477
Badenerstrasse,tertiary,47.3743034,8.5246104
Badenerstrasse,tertiary,47.3752216,8.5182393
Badenerstrasse,tertiary,47.3742469,8.5245796
Badenerstrasse,tertiary,47.3756149,8.5164647
Badenerstrasse,tertiary,47.3746256,8.5210125
Badenerstrasse,tertiary,47.3740705,8.5256598
Badenerstrasse,tertiary,47.374025,8.5256289
Hohlstrasse,tertiary,47.3798313,8.5210169
Hohlstrasse,tertiary,47.3799361,8.5207912
Hohlstrasse,tertiary,47.3797221,8.5212916
Seebahnstrasse,primary,47.3729559,8.520684
Frankentalerstrasse,secondary,47.4064073,8.4810337
Frankentalerstrasse,secondary,47.4075252,8.4787834
Frankentalerstrasse,secondary,47.4139072,8.4822307
Frankentalerstrasse,secondary,47.4070586,8.480423
Frankentalerstrasse,secondary,47.4118218,8.4789306
Frankentalerstrasse,secondary_link,47.41396,8.4832214
Frankentalerstrasse,secondary,47.4096716,8.4793835
Frankentalerstrasse,secondary,47.4142092,8.4831943
Regensdorferstrasse,secondary,47.4152522,8.4834126
Regensdorferstrasse,secondary,47.4193216,8.4828211
Regensdorferstrasse,tertiary,47.4137034,8.4835953
Regensdorferstrasse,tertiary,47.4140955,8.4835559
Zürcherstrasse,secondary,47.4053538,8.4761716
Am Wasser,tertiary,47.3994511,8.4972087
Europabrücke,secondary,47.3990683,8.4951511
Meierwiesenstrasse,tertiary,47.3984892,8.4945142
Winzerstrasse,secondary,47.3999326,8.4948706
Winzerstrasse,secondary,47.4029107,8.4868085
Winzerstrasse,secondary,47.4017806,8.4891083
Hohlstrasse,tertiary,47.3820313,8.5161874
Hohlstrasse,primary,47.3806997,8.5188467
Lindenhofstrasse,residential,47.3749014,8.5406371
Lindenhofstrasse,residential,47.3751954,8.5409053
Agnesstrasse,residential,47.3773168,8.5155399
Hardstrasse,tertiary,47.3881483,8.5199367
Hardstrasse,tertiary,47.3911595,8.5226965
Hardstrasse,tertiary,47.3907059,8.5220398
Hardstrasse,tertiary,47.3867245,8.5186561
Hardturmstrasse,tertiary,47.3909246,8.5219204
Hardturmstrasse,tertiary,47.3909169,8.5213909
Hardstrasse,tertiary,47.3906304,8.5220924
Hardstrasse,tertiary,47.3903395,8.5219107
Zöllystrasse,tertiary,47.3908277,8.5231267
Sihlquai,tertiary,47.3902951,8.5254825
Sihlquai,tertiary,47.3901298,8.5256636
Hardstrasse,tertiary,47.3908711,8.5221007
Escher-Wyss-Platz,tertiary,47.391138,8.5228047
Sihlquai,tertiary,47.3910136,8.5230527
Sihlquai,tertiary,47.3907987,8.524013
Wipkingerplatz,tertiary,47.3923398,8.5242242
Hardturmstrasse,primary,47.3914167,8.5199007
Wipkingerplatz,tertiary,47.3923795,8.5237319
Hardstrasse,tertiary,47.3909594,8.522495
Hardstrasse,tertiary,47.390797,8.5221363
Hardstrasse,tertiary,47.3895971,8.5214203
Würzgrabenstrasse,secondary,47.3932638,8.4944559
Würzgrabenstrasse,secondary,47.3925957,8.4946344
Würzgrabenstrasse,secondary,47.3933068,8.4931823
Pfingstweidstrasse,primary,47.3880964,8.5173596
Pfingstweidstrasse,primary,47.3872117,8.5189769
Sihlquai,tertiary,47.3900823,8.5258084
Pfingstweidstrasse,primary,47.3871381,8.5191316
Walchestrasse,tertiary,47.3792104,8.5426715
Bahnhofquai,tertiary,47.3785324,8.5413894
Bahnhofquai,tertiary,47.3784011,8.5414136
Limmattalstrasse,secondary,47.405199,8.4780647
Wehntalerstrasse,primary,47.426131,8.4933353
Wehntalerstrasse,primary,47.4272507,8.4912051
Wehntalerstrasse,primary,47.4256446,8.4941273
Wehntalerstrasse,primary,47.4239177,8.4970649
Ohne Namen,primary_link,47.4258584,8.4936955
Börsenstrasse,residential,47.3679851,8.5405439
Poststrasse,residential,47.3696907,8.5400473
Hardstrasse,tertiary,47.391064,8.5223895
Utoquai,primary,47.367058,8.544319
Utoquai,secondary_link,47.3671117,8.5442229
Heinrichstrasse,residential,47.3889644,8.5224451
Hardstrasse,tertiary,47.3897295,8.5214591
Escher-Wyss-Platz,tertiary,47.3911078,8.5228158
Badenerstrasse,tertiary,47.3745882,8.5209925
Sihlporte,tertiary,47.3726308,8.5345393
Stauffacherstrasse,tertiary,47.3742934,8.5281984
Stauffacherstrasse,tertiary,47.3736039,8.5288791
Winterthurerstrasse,primary,47.4041629,8.5728185
Erismannstrasse,residential,47.3797798,8.5191109
Hohlstrasse,primary_link,47.3811115,8.5179892
Escher-Wyss-Platz,tertiary,47.3910444,8.5228737
Käshaldenstrasse,tertiary,47.4300589,8.5393833
Brunnwiesenstrasse,residential,47.4001435,8.5055432
Brunnwiesenstrasse,residential,47.3998888,8.5061368
Horngasse,residential,47.3350616,8.5423135
Winterthurerstrasse,primary,47.3968703,8.5459598
Segantinistrasse,residential,47.4070869,8.4926808
Altstetterstrasse,tertiary,47.3841509,8.4845032
Rautistrasse,tertiary,47.3832888,8.48435
Regensdorferstrasse,secondary,47.414638,8.4833622
Frankentalerstrasse,secondary,47.414204,8.4830675
Regensdorferstrasse,secondary,47.4150185,8.4834382
Rautistrasse,tertiary,47.3826589,8.4865696
Rautistrasse,tertiary,47.3823985,8.4875853
Luggwegstrasse,tertiary,47.3846541,8.4893609
Luggwegstrasse,tertiary,47.3840543,8.4890329
Luggwegstrasse,tertiary,47.3857878,8.4899587
Utoquai,primary,47.3633433,8.5467342
Allmendstrasse,secondary_link,47.3576188,8.5216388
Allmendstrasse,primary,47.3574413,8.5216522
Giesshübelstrasse,secondary,47.3575673,8.521633
Giesshübelstrasse,secondary,47.3577152,8.521802
Hardstrasse,secondary,47.3791434,8.5112118
Ankerstrasse,residential,47.3764942,8.5282846
Stauffacherstrasse,tertiary,47.3757129,8.5266826
Hardstrasse,tertiary,47.3900278,8.5216579
Hardturmstrasse,tertiary,47.3909844,8.5213936
Hardturmstrasse,tertiary,47.3911647,8.5206567
Hardturmstrasse,tertiary,47.3910918,8.5209441
Hardturmstrasse,tertiary,47.3913078,8.5202262
Werdhölzlistrasse,residential,47.3915089,8.4814472
Stampfenbrunnenstrasse,residential,47.3877035,8.4795274
Gallusstrasse,residential,47.3858239,8.5396233
Nansenstrasse,residential,47.4109887,8.5453752
Buchzelgstrasse,residential,47.3600858,8.5914107
Mutschellenstrasse,tertiary,47.3541541,8.5269356
Albisriederstrasse,secondary,47.3757664,8.4882786
Albisriederstrasse,secondary,47.3758392,8.4882008
Albisriederstrasse,secondary,47.3756537,8.4877364
Albisriederstrasse,secondary,47.375472,8.4862564
Fellenbergstrasse,residential,47.3748837,8.4931504
Asylstrasse,secondary,47.3646445,8.5661786
Langwiesstrasse,residential,47.4109959,8.5365065
Birchstrasse,residential,47.4134174,8.5378377
Bellerivestrasse,primary,47.3542724,8.5531995
Pfingstweidstrasse,primary_link,47.3937581,8.5018761
Wipkingerplatz,tertiary,47.392801,8.5227658
Seebahnstrasse,primary,47.3741847,8.5191618
Schaffhauserstrasse,primary,47.3996708,8.5428796
Bederstrasse,secondary,47.3605166,8.5241584
Edenstrasse,residential,47.3600142,8.5224743
Flössergasse,residential,47.3698417,8.531563
Freigutstrasse,residential,47.3686646,8.5305401
Pelikanstrasse,residential,47.3706048,8.5350527
Bahnhofstrasse,tertiary,47.374212,8.5385908
Fraumünsterstrasse,residential,47.367998,8.5411259
Fraumünsterstrasse,residential,47.3694656,8.5406806
Limmatquai,residential,47.3700343,8.5433523
Löwenstrasse,residential,47.3743156,8.5356735
Löwenstrasse,residential,47.3749925,8.5363494
Münsterhof,residential,47.369889,8.5419847
Oetenbachgasse,residential,47.3743925,8.5415532
Sihlstrasse,tertiary,47.3738251,8.5377077
Stadthausquai,residential,47.3698351,8.5418771
Steinmühleplatz,residential,47.373829,8.5368866
Steinmühleplatz,residential,47.3739956,8.5365633
Uraniastrasse,tertiary,47.3744307,8.5416169
Rudolf-Brun-Brücke,tertiary,47.3743966,8.5423666
Usteristrasse,tertiary,47.3757125,8.5369682
Bullingerstrasse,residential,47.3817775,8.5095175
Uraniastrasse,tertiary,47.3743941,8.5368787
Ebelstrasse,residential,47.3751053,8.5663329
Titlisstrasse,residential,47.3708864,8.5648292
Rötelstrasse,tertiary,47.3941617,8.5332959
Pfingstweidstrasse,primary,47.3890584,8.5148611
Pfingstweidstrasse,primary,47.3882503,8.5167527
Pfingstweidstrasse,primary,47.3894602,8.5132176
Pfingstweidstrasse,primary,47.3889155,8.5150401
Pfingstweidstrasse,primary,47.3885796,8.5162794
Hirschengraben,tertiary,47.3727806,8.5473882
Zollstrasse,residential,47.3812257,8.5314875
Zollstrasse,residential,47.3815833,8.5303373
Vulkanstrasse,residential,47.396974,8.4700422
Zimmergasse,residential,47.3623503,8.551351
Binzmühlestrasse,tertiary,47.4147163,8.5195751
Wasserwerkstrasse,tertiary,47.3861257,8.5353953
Rousseaustrasse,tertiary,47.3863713,8.5354158
Tuggenerstrasse,residential,47.3578375,8.5552458
Tuggenerstrasse,residential,47.3575417,8.5551984
Regensbergstrasse,tertiary,47.4109087,8.5303334
Hainerweg,residential,47.3622728,8.5581516
Ueberlandstrasse,secondary,47.4052614,8.5930983
Ueberlandstrasse,secondary,47.4045319,8.595273
Neue Winterthurerstrasse,primary,47.4060725,8.5909633
Ueberlandstrasse,primary,47.4065368,8.5887325
Mantelgasse,residential,47.3563676,8.5575895
Pfingstweidstrasse,primary,47.3908988,8.507898
Neufrankengasse,tertiary,47.3807802,8.5253682
Dreispitz,residential,47.4090834,8.5663988
Wehntalerstrasse,primary,47.4208414,8.5023589
Engimattstrasse,residential,47.3582746,8.525346
Eggbühlstrasse,residential,47.416285,8.5444527
Birchstrasse,residential,47.4175062,8.5383457
Herbstweg,residential,47.4071418,8.5641606
Technoparkstrasse,residential,47.3887334,8.5157757
Burriweg,residential,47.4092129,8.5623941
Rosengartenstrasse,tertiary,47.3927434,8.5239882
Rötelstrasse,tertiary,47.3973752,8.5325009
Rosengartenstrasse,tertiary,47.3930819,8.5243463
Rosengartenstrasse,tertiary,47.3934582,8.5245784
Bucheggstrasse,primary,47.3965693,8.5289065
Utoquai,secondary_link,47.3667641,8.5446829
Rämistrasse,secondary,47.3674945,8.5451506
Bucheggstrasse,primary,47.397354,8.5314746
Bucheggstrasse,tertiary,47.3975187,8.531773
Rötelstrasse,tertiary,47.3978616,8.5324906
Bucheggstrasse,primary,47.3969927,8.5302228
Scheffelstrasse,residential,47.3961604,8.5300983
Wibichstrasse,residential,47.3962883,8.5311139
Rosengartenstrasse,primary,47.3955983,8.5266644
Rosengartenstrasse,tertiary,47.3945569,8.525549
Rosengartenstrasse,primary,47.3943032,8.525307
Geibelstrasse,residential,47.3949772,8.5289824
Rosengartenstrasse,residential,47.3960268,8.5275095
Tièchestrasse,tertiary,47.3980356,8.5322857
Tièchestrasse,tertiary,47.3981106,8.5322261
Bucheggstrasse,tertiary,47.398268,8.53427
Bucheggstrasse,tertiary,47.3976019,8.5327724
Bucheggplatz,tertiary,47.3979016,8.5326197
Hofwiesenstrasse,tertiary,47.4001206,8.5338335
Hofwiesenstrasse,tertiary,47.3990478,8.5332921
Bucheggplatz,tertiary,47.3982474,8.5342084
Burenweg,residential,47.3565915,8.5805841
Bellerivestrasse,primary,47.3463074,8.5645397
Bucheggstrasse,tertiary,47.3973419,8.5319033
Bucheggstrasse,tertiary,47.3971938,8.5308295
Nordstrasse,tertiary,47.3936752,8.5288664
Forchstrasse,secondary,47.3510543,8.5804295
Bernerstrasse Nord,primary_link,47.3938207,8.5012874
Hardbrücke,primary,47.3933356,8.5246763
Hardbrücke,primary,47.3849144,8.5167846
Hardbrücke,primary,47.3837607,8.5157977
Bucheggstrasse,tertiary,47.3978662,8.5339276
Allmannstrasse,residential,47.4168737,8.5509991
Allmannstrasse,residential,47.4158973,8.549731
Eisfeldstrasse,residential,47.4152151,8.5475819
Grubenackerstrasse,residential,47.4181823,8.5529216
Kosakenweg,residential,47.4166065,8.5490396
Hofwiesenstrasse,tertiary,47.4097702,8.5409581
Hofwiesenstrasse,tertiary,47.4011794,8.5344122
Brunaubrücke,primary,47.3531462,8.5244984
Bucheggstrasse,tertiary,47.3978572,8.5324182
Rötelstrasse,tertiary,47.3965518,8.5323668
Schweighofstrasse,secondary,47.3545734,8.5111763
Bucheggplatz,tertiary,47.3977339,8.5328855
Rötelstrasse,residential,47.3987389,8.532607
Hohlstrasse,primary,47.381605,8.5169172
Feldstrasse,tertiary,47.3788483,8.5233027
Bahnhofplatz,tertiary,47.377112,8.5393641
Heimplatz,tertiary,47.3703103,8.5486529
Hegibachplatz,secondary,47.361559,8.5613909
Hohlstrasse,tertiary,47.3823548,8.5158563
Albisriederplatz,secondary,47.3781101,8.5102427
Albisriederplatz,secondary,47.3781318,8.510636
Albisriederplatz,secondary,47.3783641,8.510429
Zurlindenstrasse,residential,47.377533,8.509835
Hardstrasse,secondary,47.381031,8.5130709
Nordstrasse,tertiary,47.3946174,8.5259417
Rosengartenstrasse,primary,47.3938098,8.5249578
Hardbrücke,primary,47.3837566,8.515654
Rosengartenstrasse,primary,47.3948754,8.5257397
Bederstrasse,secondary,47.3613321,8.5255664
Heinrichstrasse,residential,47.3882709,8.5238569
Heinrichstrasse,residential,47.3878171,8.5247808
Neue Winterthurerstrasse,primary,47.4057592,8.5911166
Neue Winterthurerstrasse,primary,47.4068165,8.5918613
Klosbachstrasse,tertiary,47.3668478,8.5583944
Witikonerstrasse,secondary,47.3615519,8.5731606
Witikonerstrasse,secondary,47.3610886,8.5711632
Witikonerstrasse,secondary,47.3615666,8.5700009
Witikonerstrasse,secondary,47.3584677,8.5835119
Gotthelfstrasse,residential,47.368633,8.5208231
Teufwiesenstrasse,residential,47.425618,8.5112783
Birmensdorferstrasse,residential,47.366229,8.4970567
Birmensdorferstrasse,residential,47.3662101,8.4967602
Paul-Clairmont-Strasse,residential,47.3666056,8.4983375
Paul-Clairmont-Strasse,residential,47.3652431,8.5015854
Schweighofstrasse,secondary,47.366839,8.5019529
Hohlstrasse,tertiary,47.3910194,8.4884286
Riedtlistrasse,tertiary,47.3869293,8.5468059
Schoeckstrasse,primary,47.3665578,8.54546
Utoquai,primary,47.3662791,8.5449814
Theaterstrasse,primary,47.3668122,8.5457938
Theaterstrasse,primary_link,47.3674124,8.5452903
Tièchestrasse,tertiary,47.3978421,8.5301284
Alfred-Escher-Strasse,primary,47.3652286,8.5326097
Allmendstrasse,primary,47.3527606,8.52487
Giesshübelstrasse,primary,47.35786,8.5216032
Seestrasse,tertiary,47.3650012,8.531548
Quaibrücke,secondary,47.3669374,8.544173
Bürkliplatz,secondary,47.3664529,8.5407869
Limmatstrasse,residential,47.3807696,8.5368281
Bernerstrasse Nord,primary,47.3943517,8.4892822
Hardturmstrasse,residential,47.3938733,8.5055705
Püntstrasse,tertiary,47.3741752,8.4842557
Bahnhofquai,tertiary,47.3781554,8.5414347
Ohne Namen,tertiary,47.3765379,8.5348189
Feldstrasse,tertiary,47.379199,8.5236745
Militärstrasse,tertiary,47.3786027,8.5297899
Bleicherweg,residential,47.3694251,8.5384705
Albisriederplatz,secondary,47.3782458,8.5106649
Talacker,residential,47.3698577,8.5380598
Hohlstrasse,tertiary,47.3855896,8.50668
Hohlstrasse,tertiary,47.385203,8.5079883
Hohlstrasse,tertiary,47.3840493,8.5112941
Hohlstrasse,tertiary,47.3832106,8.5135856
Bernerstrasse Süd,primary,47.3949044,8.4855219
Bernerstrasse Süd,primary_link,47.3936244,8.5014102
Bernerstrasse Nord,primary_link,47.3936647,8.5013277
Wipkingerplatz,tertiary_link,47.3927367,8.5232598
Wipkingerbrücke,tertiary,47.3912476,8.5231118
Klosbachstrasse,residential,47.3684377,8.5617564
Katzenschwanzstrasse,tertiary,47.3694719,8.6007121
Hardbrücke,primary,47.3908021,8.5226443
Hardbrücke,primary,47.3842051,8.516207
Hardbrücke,primary,47.3863984,8.518381
Hardbrücke,primary,47.3850461,8.5170281
Sihlhölzlistrasse,tertiary,47.3689318,8.5290866
Erikastrasse,residential,47.3720182,8.5212633
Weststrasse,residential,47.3716262,8.520973
Hardbrücke,primary,47.3917722,8.5235738
Hardbrücke,primary,47.3927286,8.5243269
Schaffhauserplatz,tertiary,47.3916291,8.5385342
Kasernenstrasse,tertiary,47.3761581,8.5343353
Buchholzrain,residential,47.4275579,8.5444462
Hohlstrasse,primary,47.3800013,8.5207097
Gubelstrasse,residential,47.4084933,8.5436955
Gubelhangstrasse,residential,47.4085147,8.542397
Leonhardstrasse,tertiary,47.3789987,8.5451332
Leonhardstrasse,tertiary,47.3793461,8.5446777
Leonhardstrasse,tertiary,47.3795644,8.544383
Weinbergstrasse,tertiary,47.3795733,8.5442119
Weinbergstrasse,tertiary,47.3813729,8.5438265
Bucheggstrasse,primary,47.3965888,8.5286994
Lehensteig,residential,47.3944493,8.524845
Rosengartenstrasse,primary,47.3961721,8.5271564
Bucheggstrasse,primary,47.3980369,8.5350052
Tièchestrasse,tertiary,47.3980066,8.5317617
Rosengartenstrasse,primary,47.394112,8.5250734
Bucheggstrasse,tertiary,47.3970575,8.5308041
Ohne Namen,primary,47.3977784,8.5334503
Neumühlequai,tertiary,47.3799978,8.5419013
Kornhausstrasse,tertiary,47.3895816,8.5363231
Neumühlequai,tertiary,47.3813846,8.5409333
Moussonstrasse,residential,47.3761199,8.5549995
Brunnenhofstrasse,residential,47.4008183,8.5355017
Brunnenhofstrasse,residential,47.4006716,8.5351463
Seebahnstrasse,primary,47.3711127,8.5233884
Geeringstrasse,residential,47.4148476,8.4757355
Pfingstweidstrasse,primary,47.388306,8.5169153
Pfingstweidstrasse,primary,47.3899104,8.5111856
Pfingstweidstrasse,primary,47.3901119,8.5105112
Pfingstweidstrasse,primary,47.3905154,8.5091801
Pfingstweidstrasse,primary,47.3911681,8.5069835
Pfingstweidstrasse,primary,47.3913572,8.5063461
Pfingstweidstrasse,primary,47.3916945,8.5052156
Pfingstweidstrasse,primary,47.3922635,8.503515
Pfingstweidstrasse,primary,47.391943,8.50438
Neue Hard,primary,47.3867714,8.5199625
Neue Hard,primary,47.386168,8.5212465
Neue Hard,primary,47.3865462,8.5206981
Neue Hard,primary,47.3868814,8.5199332
Hofwiesenstrasse,tertiary,47.3989496,8.5334315
Bucheggplatz,tertiary,47.3982746,8.5324182
Rosengartenstrasse,primary,47.3953947,8.5262563
Opfikonweg,residential,47.4166077,8.5673529
Neue Winterthurerstrasse,primary,47.4063405,8.5913646
Neue Winterthurerstrasse,secondary,47.4057768,8.5910502
Neue Winterthurerstrasse,secondary,47.4061559,8.5912443
Ueberlandstrasse,secondary,47.4058156,8.5911175
Ueberlandstrasse,secondary,47.4049186,8.593916
Ueberlandstrasse,secondary,47.4045839,8.595517
Aubruggstrasse,tertiary,47.4117728,8.5699095
Aubruggstrasse,tertiary,47.4147232,8.5663241
Hagenholzstrasse,tertiary,47.415489,8.5629955
Hagenholzstrasse,tertiary,47.4157623,8.563664
Ueberlandstrasse,secondary,47.4076147,8.584182
Ueberlandstrasse,primary_link,47.4070541,8.5858137
Ueberlandstrasse,tertiary,47.409197,8.5778899
Ueberlandstrasse,primary,47.407161,8.5865341
Ueberlandstrasse,primary,47.4069545,8.5862841
Wipkingerbrücke,tertiary,47.391143,8.522918
Alemannensteig,residential,47.3685669,8.5139708
Haldenstrasse,residential,47.3648099,8.5167477
Imfeldstrasse,residential,47.3920445,8.5301152
Vogelsangstrasse,tertiary,47.3842123,8.5484763
Forchstrasse,secondary,47.3580867,8.5717445
Nordbrücke,tertiary,47.3933801,8.5297644
Nordbrücke,tertiary,47.3933296,8.5299107
Alfred-Escher-Strasse,primary,47.3630723,8.5336488
Seestrasse,tertiary,47.3651924,8.5315891
General-Wille-Strasse,secondary,47.3633924,8.5346197
Seestrasse,secondary,47.3655167,8.5319874
Spirgartenstrasse,residential,47.3865524,8.4830038
Badenerstrasse,tertiary,47.3877734,8.4861394
Spirgartenstrasse,residential,47.3875424,8.4846347
Burenweg,residential,47.3581919,8.5797722
Hohlstrasse,tertiary,47.3886019,8.496453
Hohlstrasse,tertiary,47.3890187,8.4950523
Gloriastrasse,tertiary,47.3747118,8.54976
Dufourstrasse,residential,47.3634366,8.5479964
Falkenstrasse,secondary,47.3644329,8.5466347
Geroldstrasse,primary,47.3856236,8.5202391
Geroldstrasse,tertiary,47.385757,8.5195816
Geroldstrasse,tertiary,47.3861639,8.5185647
Geroldrampe,primary,47.385882,8.5193882
Geroldrampe,primary,47.3858549,8.5189175
Geroldrampe,primary,47.3860914,8.5185767
Hardbrücke,primary,47.3861835,8.5182801
Wehntalerstrasse,primary,47.4265636,8.4923828
Wehntalerstrasse,primary,47.4260644,8.493235
Wehntalerstrasse,primary,47.4256354,8.4940433
Wehntalerstrasse,primary,47.4274195,8.4911603
Wehntalerstrasse,primary,47.4288317,8.4886775
Witikonerstrasse,secondary,47.3583104,8.5848837
Witikonerstrasse,secondary,47.3582488,8.5877404
Witikonerstrasse,secondary,47.359781,8.5941362
Loorenstrasse,tertiary,47.3588609,8.595209
Witikonerstrasse,secondary,47.3602693,8.596359
Witikonerstrasse,secondary,47.3604881,8.5971314
Witikonerstrasse,secondary,47.3608912,8.5991889
Gessnerallee,tertiary,47.3761102,8.5359808
Nordstrasse,tertiary,47.3941767,8.5273396
Nordstrasse,tertiary,47.3939965,8.5279023
Wehntalerstrasse,tertiary,47.397002,8.5407706
Binzmühlestrasse,secondary,47.4129688,8.5379905
Zöllystrasse,tertiary,47.3904699,8.5243235
Moussonstrasse,residential,47.3756659,8.554537
Badenerstrasse,residential,47.3735066,8.5310025
Hardstrasse,secondary,47.379851,8.5119049
Regensbergstrasse,tertiary,47.4118858,8.5249034
Wehntalerstrasse,primary,47.4118533,8.5249093
Haldenbachstrasse,residential,47.3801863,8.5476835
Thurgauerstrasse,secondary,47.411418,8.5501863
Schulstrasse,residential,47.4104126,8.5435779
Schulstrasse,residential,47.4106942,8.5434164
Thurgauerstrasse,secondary,47.4126792,8.5504507
Röntgenstrasse,residential,47.3863654,8.5268525
Baumackerstrasse,residential,47.4086712,8.5448239
Franklinstrasse,tertiary,47.4087684,8.5460733
Feldeggstrasse,residential,47.3600852,8.5508529
Zürichbergstrasse,residential,47.373638,8.5537462
Gutstrasse,secondary,47.3700185,8.509789
Birmensdorferstrasse,secondary,47.3690471,8.5025807
Gutstrasse,secondary,47.3720153,8.5062254
Herman-Greulich-Strasse,residential,47.3790192,8.5208286
Seilergraben,tertiary,47.3743116,8.5461649
Rautistrasse,tertiary,47.3835034,8.4836956
Frauenklinikstrasse,residential,47.3788876,8.5495367
Frauenklinikstrasse,residential,47.378968,8.5496706
Frauenklinikstrasse,residential,47.3790573,8.5498196
Frauenklinikstrasse,residential,47.3787078,8.5504752
Talwiesenstrasse,residential,47.3697755,8.5103257
Regensbergbrücke,tertiary,47.4090446,8.5393175
Ausstellungsstrasse,residential,47.3814399,8.5373268
Ausstellungsstrasse,residential,47.3812205,8.5376279
Sihlquai,tertiary,47.3811051,8.5381279
Hafnerstrasse,residential,47.3816911,8.536285
Limmatstrasse,residential,47.3826902,8.5342337
Langstrasse,tertiary,47.3836124,8.5306871
Wasserwerkstrasse,tertiary,47.3858011,8.5359238
Usteribrücke,tertiary,47.3759802,8.535924
Universitätstrasse,primary,47.3802282,8.5481839
Rämistrasse,primary,47.3773643,8.5484808
Ohne Namen,primary_link,47.3844866,8.5483725
Sonneggstrasse,residential,47.3780732,8.5480104
Universitätstrasse,primary,47.3802282,8.5481064
Universitätstrasse,primary,47.37764,8.5483557
Winterthurerstrasse,primary,47.3876832,8.5470558
Winterthurerstrasse,primary,47.3907159,8.5454735
Enzenbühlstrasse,residential,47.3505428,8.578613
Enzenbühlstrasse,residential,47.3486535,8.5716136
Rehalpstrasse,residential,47.3530004,8.5777051
Rehalpstrasse,residential,47.3528274,8.5792169
Südstrasse,tertiary,47.3525798,8.5653937
Frohburgstrasse,residential,47.3929559,8.5507683
Jungstrasse,residential,47.414878,8.545138
Bergheimstrasse,residential,47.3605611,8.572362
Hardstrasse,tertiary,47.3880066,8.5199527
Glatttalstrasse,tertiary,47.4275694,8.5460401
Allmendstrasse,primary,47.3538599,8.5238655
Allmendstrasse,primary,47.3567646,8.5222884
Winterthurerstrasse,primary,47.4038188,8.5581226
Bernerstrasse Süd,primary,47.3933631,8.4972751
Ohne Namen,primary,47.3938764,8.4905918
Bernerstrasse Nord,primary,47.3953057,8.4855716
Bernerstrasse,primary,47.3957804,8.4820154
Bernerstrasse,primary,47.3974466,8.4760218
Ohne Namen,primary,47.3933665,8.4946608
Tunnelstrasse,secondary,47.3667485,8.5316
Tunnelstrasse,secondary,47.3666499,8.5314097
Mühlackerstrasse,residential,47.4255839,8.496691
Neunbrunnenstrasse,residential,47.4162267,8.5323348
Schaffhauserstrasse,primary,47.4237105,8.5519542
Schaffhauserstrasse,primary,47.4256087,8.5539236
Seminarstrasse,residential,47.3918838,8.538047
Seminarstrasse,residential,47.3920154,8.5377037
Seminarstrasse,residential,47.3918658,8.538361
Franklinstrasse,tertiary,47.4100464,8.5429721
Franklinstrasse,tertiary,47.4095556,8.5441747
Ottenweg,residential,47.3635925,8.5537991
Wasserwerkstrasse,tertiary,47.3867543,8.5343973
Bülachstrasse,tertiary,47.4021509,8.5480395
Bülachstrasse,tertiary,47.4007026,8.548328
Birchstrasse,secondary,47.4280365,8.5475143
Käferholzstrasse,residential,47.4066029,8.5273144
Maschinenstrasse,residential,47.3876086,8.51602
Lettenstrasse,residential,47.3900382,8.5317996
Witikonerstrasse,secondary,47.3600595,8.5797424
Witikonerstrasse,secondary,47.3602709,8.5792051
Witikonerstrasse,secondary,47.3614293,8.5765483
Witikonerstrasse,secondary,47.3592343,8.5816469
Witikonerstrasse,secondary,47.3624587,8.575948
Witikonerstrasse,secondary,47.3635948,8.574988
Witikonerstrasse,secondary,47.3607402,8.578079
Witikonerstrasse,secondary,47.3612742,8.5768355
Guggachstrasse,residential,47.3979016,8.5355647
Bucheggplatz,tertiary,47.3988422,8.5335631
Bucheggstrasse,tertiary,47.3981905,8.5354403
Bucheggstrasse,tertiary,47.3977528,8.5333723
Krähbühlstrasse,tertiary,47.3807508,8.5711925
Kraftstrasse,tertiary,47.3770176,8.5595971
Gladbachstrasse,tertiary,47.3778146,8.5581837
Bergstrasse,secondary,47.3660598,8.5654361
Wasserwerkstrasse,tertiary,47.3861696,8.535165
Rousseaustrasse,tertiary,47.3862927,8.5353184
Gasometerstrasse,residential,47.3836178,8.528511
Zollstrasse,residential,47.3817328,8.5298232
Lehenstrasse,residential,47.3961417,8.5269038
Central,tertiary,47.3763093,8.5436508
Central,tertiary,47.3763812,8.5438305
Wasserwerkstrasse,tertiary,47.3851499,8.5370553
Rothstrasse,tertiary,47.3936316,8.5384562
Bucheggstrasse,primary,47.3972445,8.5313286
Wehntalerstrasse,primary,47.4031179,8.5348686
Schimmelstrasse,primary,47.3699601,8.5253115
Rousseaustrasse,tertiary,47.3862147,8.5353684
Rousseaustrasse,tertiary,47.3861264,8.5353002
Ohne Namen,tertiary_link,47.4006341,8.5487076
Hofhölzliweg,residential,47.4102984,8.5268048
Wehntalerstrasse,primary,47.4304086,8.4859403
Seestrasse,primary,47.3386195,8.5390496
Rautistrasse,tertiary,47.3871182,8.4727361
Rautistrasse,tertiary,47.3851102,8.4764733
Meinradstrasse,residential,47.388402,8.5383734
Schaffhauserstrasse,tertiary,47.3881315,8.5392945
Hardbrücke,primary,47.3868486,8.5188134
Seebahnstrasse,primary,47.3716208,8.52266
Bachmannweg,residential,47.4215638,8.5056756
Schönauring,residential,47.4275236,8.5379653
Wasserwerkstrasse,tertiary,47.3825399,8.5408613
Wasserwerkstrasse,tertiary,47.3823495,8.5411357
Europabrücke,secondary,47.3937286,8.4931778
Albisriederstrasse,secondary,47.3784292,8.4938661
General-Wille-Strasse,secondary,47.3635058,8.5347617
Binzmühlestrasse,secondary,47.4138487,8.5454858
Bahnhofplatz,tertiary,47.3769312,8.5412716
Ohne Namen,primary_link,47.3845607,8.5483089
Riedenhaldenstrasse,residential,47.4209648,8.5075387
Asylstrasse,secondary,47.3661876,8.5623076
Asylstrasse,secondary,47.3683677,8.5591973
Rautistrasse,tertiary,47.3888148,8.4700714
Rautistrasse,tertiary,47.3889217,8.4700939
Schweighofstrasse,secondary,47.3622139,8.5049318
Bahnhofstrasse,residential,47.3695462,8.5394047
Albisriederplatz,secondary,47.3782601,8.5098827
Albisriederplatz,secondary,47.3781927,8.5099067
Albisriederstrasse,secondary,47.3781685,8.5097461
Limmatstrasse,tertiary,47.3867441,8.5287536
Limmatstrasse,tertiary,47.3867441,8.5287536
Klosbachstrasse,tertiary,47.3671279,8.5590194
Klosbachstrasse,residential,47.3680878,8.5610013
Gloriastrasse,tertiary,47.3750345,8.5522974
Zürichbergstrasse,residential,47.3815381,8.5710929
Zürichbergstrasse,residential,47.3817811,8.5717722
Letzistrasse,residential,47.3912104,8.5457063
Batteriesteig,residential,47.3878104,8.5538941
Wehntalerstrasse,primary,47.4269391,8.4919868
Friesstrasse,primary_link,47.4131591,8.5462256
Schaffhauserstrasse,primary,47.4127582,8.5464797
Rosengartenstrasse,residential,47.3960964,8.5273651
Geroldrampe,primary,47.3863063,8.518656
Weineggstrasse,residential,47.359872,8.561808
Frohburgstrasse,residential,47.3937906,8.5512677
Frohburgstrasse,residential,47.3945783,8.5515943
In der Hub,residential,47.3965605,8.5527368
Frohburgstrasse,residential,47.3923686,8.5503683
Milchbuckstrasse,residential,47.3938254,8.5456484
Krattenturmstrasse,residential,47.3929267,8.5510048
Hofwiesenstrasse,tertiary,47.3936968,8.5376119
Ohne Namen,residential,47.4012996,8.5344417
Ohne Namen,residential,47.400671,8.5339884
Hofwiesenstrasse,tertiary,47.3934843,8.5375886
Hofwiesenstrasse,tertiary,47.3936883,8.5374796
Zollstrasse,residential,47.3807244,8.5331593
Baumackerstrasse,residential,47.4088707,8.544345
Höfliweg,residential,47.3680894,8.5108391
Höfliweg,residential,47.3687696,8.5092363
Im Tiergarten,residential,47.3665544,8.5122127
Döltschiweg,residential,47.3645949,8.5022396
Margaretenweg,residential,47.3649,8.5030387
Bühlstrasse,residential,47.365065,8.5129815
Bühlstrasse,residential,47.3658047,8.5136305
Sihlfeldstrasse,residential,47.3740578,8.5171103
Meinrad-Lienert-Strasse,residential,47.3743026,8.5189201
Gertrudstrasse,residential,47.374303,8.5167274
Zeppelinstrasse,residential,47.3944403,8.5384399
Seminarstrasse,residential,47.3965597,8.5337272
Anna-Heer-Strasse,residential,47.4010888,8.5427227
Dreikönigstrasse,residential,47.3658359,8.532983
Bederstrasse,secondary,47.3650814,8.5316351
Seestrasse,tertiary,47.3650178,8.5316967
Bederstrasse,secondary,47.3649233,8.5311459
Bederstrasse,secondary,47.365014,8.5311452
Seestrasse,tertiary,47.3647122,8.5316457
Bederstrasse,secondary,47.3650104,8.5314029
Bederstrasse,secondary,47.3651905,8.5314208
Seestrasse,secondary,47.3655608,8.5319153
Bleicherweg,residential,47.3663385,8.5327066
Edisonstrasse,residential,47.4107366,8.5446594
Winterthurerstrasse,primary,47.4013585,8.5513934
Karl-Stauffer-Strasse,residential,47.356642,8.5715945
Buchenweg,residential,47.3572511,8.5704657
Schulhausstrasse,residential,47.361037,8.5313767
Russenweg,residential,47.355076,8.5742308
Gartenhofstrasse,residential,47.3726473,8.5252785
Zweierstrasse,tertiary,47.3723416,8.52329
August-Forel-Strasse,residential,47.3532823,8.5722198
Rehalpstrasse,residential,47.3511952,8.5842376
Rehalpstrasse,residential,47.3515394,8.5833772
Forchstrasse,secondary,47.3510758,8.582582
Im Trichtisal,residential,47.354648,8.6028791
Mythenquai,secondary,47.3567537,8.5349649
In der Ey,residential,47.3695709,8.4918439
Nürenbergstrasse,residential,47.3929167,8.5340742
Seminarstrasse,residential,47.3927794,8.5367518
Leimbachstrasse,tertiary,47.3232193,8.5147688
Soodstrasse,primary,47.3238737,8.5187984
Schaffhauserstrasse,primary,47.4199718,8.548377
Schaffhauserstrasse,primary,47.4176705,8.5460661
Ohne Namen,primary_link,47.4194129,8.5477882
Schaffhauserstrasse,primary,47.4195738,8.5478762
Bahnhaldenstrasse,residential,47.4190055,8.5454154
Seebacherstrasse,tertiary,47.4215924,8.5385646
Seebacherstrasse,tertiary,47.4216347,8.5385403
Schwandenholzstrasse,residential,47.4223973,8.5365908
Seebacherstrasse,tertiary,47.4214817,8.5380397
Seebacherstrasse,tertiary,47.4214444,8.5380649
Birchstrasse,residential,47.4213694,8.5383883
Birchstrasse,residential,47.421375,8.5384515
Schützenrain,residential,47.3712892,8.4854057
Weinbergstrasse,tertiary,47.3793731,8.5442764
Weinbergstrasse,tertiary,47.3789313,8.5443167
Weinbergstrasse,tertiary,47.3795475,8.544306
Kolbenhofstrasse,residential,47.3521256,8.5041866
Frauentalweg,residential,47.354152,8.5091495
Frauentalweg,residential,47.3538625,8.5081489
Bachtobelstrasse,residential,47.3567873,8.5070575
Friesenbergstrasse,residential,47.3623832,8.5044895
Döltschiweg,residential,47.3635906,8.5002781
Triemlihalde,residential,47.3650669,8.4930532
Rebeggstrasse,residential,47.3582016,8.4970838
Rebeggstrasse,residential,47.3584451,8.4972029
Ohne Namen,residential,47.3584478,8.4975119
Aubruggstrasse,tertiary,47.4113808,8.570563
Wallisellenstrasse,tertiary,47.4108368,8.5702561
Wallisellenstrasse,tertiary,47.410421,8.569494
Aubruggstrasse,tertiary,47.4115648,8.5703862
Aubruggstrasse,tertiary,47.4113514,8.5708015
Aubruggstrasse,tertiary,47.4105834,8.5725754
Ueberlandstrasse,tertiary,47.4104864,8.5727383
Aubruggstrasse,tertiary,47.4115763,8.5702733
Stampfenbachstrasse,tertiary,47.3841309,8.5403003
Stampfenbachstrasse,tertiary,47.3841309,8.5402835
Berninastrasse,residential,47.403085,8.5492477
Borrweg,residential,47.3601904,8.5040903
Olivengasse,residential,47.3637351,8.5575372
Klosbachstrasse,tertiary,47.3648981,8.5548057
Klosbachstrasse,tertiary,47.3649282,8.5547069
Forchstrasse,secondary,47.3562211,8.5736672
Rossackerstrasse,residential,47.3689886,8.4895068
Rossackerstrasse,residential,47.3683126,8.4925001
Schützenrain,residential,47.3717841,8.4856737
Sädlenweg,residential,47.3674076,8.4881302
Sädlenweg,residential,47.3676138,8.4876356
Hagenbuchrain,residential,47.3690606,8.4856075
Bachtobelstrasse,residential,47.3588442,8.5106624
Dangelstrasse,residential,47.3344631,8.5289432
Agnesstrasse,residential,47.3777973,8.5144685
Wuhrstrasse,residential,47.3679321,8.5205332
Untergraben,residential,47.3601658,8.5124853
Eichbühlstrasse,residential,47.3834747,8.5092835
Eichbühlstrasse,residential,47.3842042,8.5075732
Tuchmacherstrasse,residential,47.3415251,8.5207175
Spindelstrasse,residential,47.3390766,8.5194368
Hegibachstrasse,residential,47.3649289,8.5668934
Forchstrasse,secondary,47.3603116,8.567115
Minervastrasse,residential,47.3658113,8.55626
Hegarstrasse,residential,47.3652761,8.5555654
Apollostrasse,residential,47.3647626,8.5557568
Streulistrasse,residential,47.3636744,8.5643816
Sonnenbergstrasse,residential,47.3661065,8.5665633
Kurhausstrasse,residential,47.3722659,8.574611
Kurhausstrasse,residential,47.3726626,8.575105
Heuelstrasse,residential,47.3702366,8.5663477
Heuelstrasse,residential,47.3707879,8.5660821
Aurorastrasse,residential,47.3673543,8.5687594
Hitzigweg,residential,47.3665288,8.5690156
Hitzigweg,residential,47.3664428,8.569356
Aurorastrasse,residential,47.3677998,8.5683241
Aurorastrasse,residential,47.3727354,8.5672477
Titlisstrasse,residential,47.3709349,8.5640776
Titlisstrasse,residential,47.3701055,8.5649115
Künstlergasse,residential,47.3746232,8.5476941
Künstlergasse,residential,47.3750949,8.5474464
Häldeliweg,residential,47.3772486,8.5550081
Aubruggstrasse,tertiary,47.4111296,8.5709566
Am Glattbogen,residential,47.412043,8.5665405
Am Glattbogen,residential,47.4113655,8.5675613
Herzogenmühlestrasse,tertiary_link,47.410659,8.5721921
Herzogenmühlestrasse,residential,47.4093843,8.572276
Forchstrasse,secondary,47.3591299,8.5699945
Forchstrasse,secondary,47.3602541,8.5673574
Forchstrasse,secondary,47.3603218,8.5676328
Fröbelstrasse,residential,47.3598537,8.5677721
Forchstrasse,secondary,47.3600057,8.5688561
Forchstrasse,secondary,47.3600807,8.5683215
Mutschellenstrasse,tertiary,47.3448782,8.5297234
Wolframplatz,residential,47.3617155,8.5215253
Wolframplatz,residential,47.361829,8.5212818
Ohne Namen,secondary_link,47.3583453,8.5712898
Flüelastrasse,residential,47.3838473,8.4970446
Flüelastrasse,residential,47.3831349,8.4963536
Gloriastrasse,tertiary,47.3745762,8.54982
Gloriastrasse,tertiary,47.3750066,8.5523139
Knüslistrasse,residential,47.3843471,8.5090111
Eichbühlstrasse,residential,47.3839681,8.5081253
Baslerstrasse,residential,47.3836814,8.5050473
Herdernstrasse,tertiary,47.3849156,8.508203
Rämistrasse,primary,47.3729511,8.550338
Rämistrasse,primary,47.3729239,8.5502618
Rämistrasse,primary,47.3723294,8.550501
Rämistrasse,primary,47.3723566,8.5506095
Rämistrasse,primary,47.3749442,8.5494685
Rämistrasse,primary,47.3759774,8.5489149
Rämistrasse,primary,47.3767698,8.548733
Tellstrasse,residential,47.3788249,8.5289821
Neufrankengasse,tertiary,47.3805667,8.5269858
Brauerstrasse,residential,47.3797437,8.5233538
Engelstrasse,residential,47.3769534,8.524012
Anwandstrasse,residential,47.3766117,8.5231834
Kanzleistrasse,residential,47.3756262,8.5241767
Gartenhofstrasse,residential,47.3731626,8.5246023
Hardgutstrasse,residential,47.3841002,8.5024806
Karl-Schmid-Strasse,tertiary,47.3757619,8.5491018
Sempacherstrasse,residential,47.3638817,8.5667827
Brüderhofweg,residential,47.3989136,8.5402638
Langmauerstrasse,residential,47.3936987,8.5445548
Zürichbergstrasse,secondary,47.3765195,8.5601048
Kreuzbühlstrasse,secondary,47.3653149,8.5527805
Hegibachplatz,secondary,47.3617965,8.5602542
Hegibachplatz,secondary,47.3619647,8.5603827
Hegibachplatz,secondary,47.3615057,8.5612797
Friedhofstrasse,residential,47.3848197,8.478072
Ohmstrasse,residential,47.4115932,8.5455984
Saatlenstrasse,residential,47.4110541,8.5632664
Luchswiesenstrasse,residential,47.406396,8.5847409
Helen-Keller-Strasse,residential,47.4003398,8.592411
Altwiesenstrasse,residential,47.3985629,8.5915048
Hohmoos,residential,47.3977541,8.5919324
Riedgrabenweg,residential,47.4110199,8.5587586
Thurgauerstrasse,secondary,47.4199032,8.5561516
Thurgauerstrasse,secondary,47.4146943,8.5514659
Thurgauerstrasse,secondary,47.4140866,8.5508353
Thurgauerstrasse,secondary,47.412226,8.5505895
Thurgauerstrasse,secondary,47.4116442,8.5504971
Neudorfstrasse,residential,47.4113763,8.5484626
Ahornstrasse,residential,47.4025439,8.5674124
Klosbachstrasse,tertiary,47.3676657,8.5601265
Asylstrasse,secondary,47.3670718,8.5612501
Asylstrasse,secondary,47.3653393,8.5642324
Seestrasse,secondary,47.3449992,8.5334674
Albisstrasse,secondary,47.3427662,8.5308342
Asylstrasse,secondary,47.3653617,8.5642932
Jupiterstrasse,secondary,47.3652686,8.5644995
Selnaustrasse,tertiary,47.3705562,8.5320995
Selnaustrasse,tertiary,47.3706664,8.5319899
Jägergasse,residential,47.3774143,8.5320394
Mühlackerstrasse,residential,47.4227532,8.5076668
Fronwaldweg,residential,47.4248104,8.5087629
Horensteinstrasse,residential,47.4258781,8.5086994
Wolfswinkel,residential,47.425609,8.5096596
Schaffhauserstrasse,primary,47.4216902,8.5501695
Schaffhauserstrasse,primary,47.4213522,8.5498553
Schärenmoosstrasse,residential,47.4210795,8.549898
Schaffhauserstrasse,primary,47.4214786,8.5499821
Ohmstrasse,residential,47.4117555,8.5455506
Schaffhauserstrasse,primary,47.4192525,8.5477516
Schaffhauserstrasse,primary_link,47.4196281,8.5480151
Schaffhauserstrasse,primary_link,47.4195895,8.5480898
Zehntenhausstrasse,tertiary,47.4192795,8.5064944
Hardstrasse,tertiary,47.3877498,8.5197578
Hardstrasse,tertiary,47.3871585,8.5191908
Albisriederstrasse,secondary,47.3729669,8.4797441
Etzelstrasse,residential,47.3462835,8.5310188
Hügelstrasse,residential,47.3575348,8.5254801
Engimattstrasse,residential,47.3595238,8.5249878
Schulhausstrasse,residential,47.3603368,8.5253787
Schaffhauserstrasse,tertiary,47.397402,8.5413695
Talacker,residential,47.3717026,8.5355483
Mutschellenstrasse,tertiary,47.3511824,8.5275096
Mutschellenstrasse,tertiary,47.3485354,8.5280391
Albisriederstrasse,secondary,47.3776944,8.5072781
Albisriederstrasse,secondary,47.3777226,8.5072781
Sihlstrasse,tertiary,47.3729141,8.5336606
Sihlporte,tertiary,47.3725331,8.534546
Sihlstrasse,tertiary,47.3726843,8.5340578
Sihlstrasse,tertiary,47.3728059,8.5336299
Ohne Namen,tertiary,47.3733654,8.5317044
Ohne Namen,tertiary,47.3733758,8.5316389
Ohne Namen,tertiary,47.3733682,8.5315341
Werdstrasse,tertiary,47.373147,8.5312191
Kasernenstrasse,tertiary,47.3736079,8.5318686
Ohne Namen,tertiary,47.373339,8.5315781
Sihlbrücke,tertiary,47.3732078,8.532203
Sihlbrücke,tertiary,47.3732878,8.5322509
Sihlbrücke,tertiary,47.3733011,8.5317954
Sihlstrasse,tertiary,47.3731253,8.5328779
Sihlstrasse,tertiary,47.3730807,8.5326982
Sihlbrücke,tertiary,47.3733795,8.5318809
Werdstrasse,tertiary,47.3729584,8.53114
Kasernenstrasse,tertiary,47.3736981,8.5318324
Kasernenstrasse,tertiary,47.375647,8.5335537
Enzenbühlstrasse,residential,47.3500982,8.5772222
Lagerstrasse,tertiary,47.3787114,8.5313542
Schweizergasse,residential,47.3761316,8.5376642
Schweizergasse,residential,47.3757609,8.5391898
Aubruggstrasse,tertiary,47.4107981,8.5719166
Aubruggstrasse,tertiary,47.4112341,8.5709851
Albisstrasse,secondary,47.3372979,8.530057
Albisstrasse,secondary,47.3383234,8.5300505
Albisstrasse,secondary,47.3409768,8.5302831
Albisstrasse,secondary,47.3409768,8.5303263
Albisstrasse,secondary,47.3413702,8.5304701
Albisstrasse,secondary,47.3415079,8.5305673
Albisstrasse,secondary,47.3433122,8.5304157
Albisstrasse,secondary,47.3433122,8.5304157
Mutschellenstrasse,tertiary,47.3471287,8.5285228
Mutschellenstrasse,tertiary,47.3442115,8.5299512
Muggenbühlstrasse,residential,47.3517223,8.5267759
Alte Kalchbühlstrasse,residential,47.3402758,8.5302441
Seestrasse,tertiary,47.3452267,8.533446
Auf der Egg,residential,47.3411241,8.5326176
Eggweg,residential,47.3408313,8.5315471
Eggweg,residential,47.3407278,8.5326122
Central,tertiary,47.3767796,8.5433183
Stampfenbachstrasse,tertiary,47.3827414,8.5413166
Klebestrasse,residential,47.3248403,8.513435
Risweg,residential,47.3241651,8.5063005
Grossackerstrasse,residential,47.3243716,8.5053844
Badenerstrasse,tertiary,47.3854601,8.4942011
Badenerstrasse,tertiary,47.3849417,8.4957403
Nordstrasse,residential,47.3886174,8.535827
Mühlackerstrasse,residential,47.4257255,8.4973713
Hohlstrasse,tertiary,47.3895442,8.4932782
Dörflistrasse,primary,47.4093985,8.549839
Schaffhauserstrasse,primary,47.4072054,8.5474805
Tramstrasse,primary,47.4087295,8.5493796
Schaffhauserstrasse,primary,47.4086693,8.5465337
Saatlenstrasse,residential,47.4053387,8.5702702
Herzogenmühlestrasse,residential,47.4043642,8.5724924
Luegislandstrasse,residential,47.4081338,8.5700198
Frohburgstrasse,residential,47.4041983,8.5619485
Winterthurerstrasse,primary,47.4038635,8.5681763
Winterthurerstrasse,primary,47.4038821,8.5698013
Dübendorfstrasse,tertiary,47.4015311,8.5818082
Dübendorfstrasse,tertiary,47.4031786,8.5762823
Oerlikonerstrasse,residential,47.4075643,8.5467414
Forchstrasse,secondary,47.3544437,8.5751735
Forchstrasse,secondary,47.3510832,8.5822113
Mühlegasse,tertiary,47.374485,8.5453607
Mühlegasse,tertiary,47.37424,8.5440301
Vetterliweg,residential,47.3828216,8.4822432
Buchlernstrasse,residential,47.3823445,8.4773522
Stampfenbrunnenstrasse,residential,47.3843603,8.4764165
Stampfenbrunnenstrasse,residential,47.3848257,8.4771384
Dachslernstrasse,residential,47.3926624,8.4703679
Alter Zürichweg,residential,47.3916292,8.4645716
Im Stückler,residential,47.3908764,8.4762651
Bucheggstrasse,primary,47.3986798,8.5392567
Meierwiesenstrasse,tertiary,47.3961348,8.4925916
Meierwiesenstrasse,secondary,47.394437,8.4904996
Bändlistrasse,tertiary,47.3950965,8.4895904
Hardbrücke,primary,47.3858567,8.5176974
Meierwiesenstrasse,tertiary,47.3979604,8.4940433
Rämistrasse,primary,47.3696947,8.54839
Rötelstrasse,residential,47.3988007,8.532244
Scheffelstrasse,residential,47.3955817,8.5299377
Rötelstrasse,tertiary,47.3958684,8.5321792
Rotbuchstrasse,tertiary,47.3917954,8.5342911
Rotbuchstrasse,tertiary,47.3913461,8.5381835
Rötelstrasse,tertiary,47.3961563,8.5322578
Rotbuchstrasse,tertiary,47.3913531,8.5357458
Kornhausstrasse,tertiary,47.3911507,8.536238
Heimplatz,tertiary,47.3701234,8.5488568
Rämistrasse,primary,47.3703419,8.5490202
Rämistrasse,primary,47.3677407,8.5456724
Scheuchzerstrasse,residential,47.3907215,8.5432388
Röslistrasse,residential,47.3899541,8.5437684
Rämistrasse,primary,47.3691972,8.5480057
Winzerstrasse,secondary,47.4001545,8.4942669
Limmatplatz,tertiary,47.3843634,8.5312818
Wallisellenstrasse,tertiary,47.4106392,8.5685044
Wallisellenstrasse,tertiary,47.4106814,8.552203
Herbstweg,residential,47.4079225,8.5653624
Tulpenstrasse,residential,47.4057209,8.5682301
Saatlenstrasse,residential,47.4092027,8.564452
Winterthurerstrasse,primary,47.4040825,8.5597938
Binzmühlestrasse,tertiary,47.4140643,8.5492742
Wallisellenstrasse,tertiary,47.4106527,8.551662
Thurgauerstrasse,secondary,47.4140582,8.5511061
Thurgauerstrasse,secondary,47.4143926,8.5512749
Binzmühlestrasse,tertiary,47.4139252,8.5478997
Binzmühlestrasse,tertiary,47.4139963,8.5486035
Am Wettingertobel,residential,47.4019022,8.4971262
Bauherrenstrasse,residential,47.4019126,8.4977541
Limmattalstrasse,tertiary,47.4020649,8.4985333
Gsteigstrasse,tertiary,47.4028636,8.5007781
Binzmühlestrasse,secondary,47.4140095,8.5421908
Binzmühlestrasse,secondary,47.413575,8.5397251
Rosengartenstrasse,residential,47.3957807,8.5296848
Rotbuchstrasse,tertiary,47.3931067,8.5311133
Thurwiesenstrasse,residential,47.3939144,8.5323714
Binzmühlestrasse,tertiary,47.4132079,8.5337108
Birchstrasse,secondary,47.4126641,8.5377515
Ackerstrasse,residential,47.38163,8.5308968
Mattengasse,residential,47.3819593,8.5301451
Birchstrasse,secondary,47.4120797,8.537771
Birchstrasse,secondary,47.411157,8.5379473
Kernstrasse,residential,47.3753236,8.5237843
Hardstrasse,secondary,47.3788484,8.5109351
Norastrasse,residential,47.3813521,8.508699
Binzmühlestrasse,tertiary,47.4136761,8.524119
Binzmühlestrasse,tertiary,47.4138718,8.5257727
Kasernenstrasse,tertiary,47.3741625,8.5322062
Hohlstrasse,residential,47.3776595,8.5256859
Kasernenstrasse,tertiary,47.3762516,8.5341973
Kasernenstrasse,tertiary,47.3759577,8.533829
Albisriederplatz,secondary,47.3784435,8.510154
Riedenhaldenstrasse,residential,47.4148181,8.51901
Fronwaldstrasse,residential,47.4149529,8.5186856
Fronwaldstrasse,residential,47.4149577,8.5190686
Hardstrasse,tertiary,47.3882215,8.5199057
Hardstrasse,tertiary,47.3897408,8.521403
Hardstrasse,tertiary,47.3905393,8.5219958
Tödistrasse,residential,47.3641358,8.5361916
Thujastrasse,residential,47.3478382,8.5244453
Mythenquai,primary,47.3519572,8.5342166
Duttweilerbrücke,tertiary_link,47.3894832,8.5114252
Löwenstrasse,tertiary,47.3768183,8.5381956
Löwenstrasse,tertiary,47.3764503,8.5378746
Emil-Klöti-Strasse,tertiary,47.3990227,8.5140643
Emil-Klöti-Strasse,tertiary,47.3997272,8.5179411
Emil-Klöti-Strasse,tertiary,47.3993601,8.515776
Tièchestrasse,tertiary,47.39856,8.5251979
Hubenstrasse,residential,47.4037249,8.5586843
Schaffhauserstrasse,primary,47.4047286,8.5483104
Viktoriastrasse,residential,47.4042422,8.5506999
Apfelbaumstrasse,residential,47.4051087,8.555227
Schaffhauserstrasse,primary,47.4037513,8.5478713
Viktoriastrasse,residential,47.4051032,8.550844
Bodenacker,residential,47.4244228,8.5107597
Wehntalerstrasse,primary,47.4150707,8.5153579
Grünauring,residential,47.3962843,8.4879158
Gutstrasse,secondary,47.3699259,8.5101378
Birmensdorferstrasse,secondary,47.369917,8.510554
Birmensdorferstrasse,secondary,47.3699691,8.5101313
Birmensdorferstrasse,secondary,47.3699647,8.5104034
Gutstrasse,secondary,47.3700637,8.5099947
Birmensdorferstrasse,secondary,47.3707252,8.5225791
Birmensdorferstrasse,secondary,47.3704115,8.5217258
Birmensdorferstrasse,secondary,47.3699448,8.5206745
Birmensdorferstrasse,secondary,47.3708635,8.5229767
Birmensdorferstrasse,secondary,47.3700897,8.5209585
Birmensdorferstrasse,secondary,47.3709493,8.5232624
Kehlhofstrasse,secondary,47.3691504,8.5192286
Zurlindenstrasse,tertiary,47.3703502,8.5196329
Zweierstrasse,secondary,47.370762,8.5195213
Schwellistrasse,residential,47.4249636,8.5390591
Katzenbachstrasse,residential,47.421519,8.5489473
Hertensteinstrasse,residential,47.4231556,8.5431854
Wipkingerplatz,tertiary,47.3926263,8.5238742
Wipkingerplatz,tertiary,47.3927269,8.5235517
Hardturmstrasse,residential,47.3938857,8.5053112
Hardturmstrasse,residential,47.3920595,8.5176705
Am Wasser,tertiary,47.396401,8.5046346
Am Wasser,tertiary,47.3970985,8.5032887
Hardeggstrasse,residential,47.3962989,8.5041069
Allmendstrasse,primary,47.3489894,8.52334
Allmendstrasse,primary,47.3437195,8.5193442
Ueberlandstrasse,secondary,47.4074956,8.5846617
Hügelstrasse,residential,47.3570345,8.5256228
Schulhausstrasse,residential,47.3604525,8.5269992
Steinhaldenstrasse,residential,47.3574293,8.5274725
Neugutstrasse,residential,47.3591217,8.5264091
Klosbachstrasse,tertiary,47.3673131,8.5594154
Maneggstrasse,residential,47.3410548,8.5199329
Frymannstrasse,residential,47.335058,8.5187652
Marbachweg,residential,47.3305884,8.5158505
Hüslibachstrasse,residential,47.3291469,8.5167774
Hüslibachstrasse,residential,47.328715,8.5157945
Ankenweid,residential,47.3298911,8.5154133
Tuschgenweg,residential,47.3301216,8.5139147
Stotzweg,residential,47.3310713,8.5139555
Maneggpromenade,residential,47.3287014,8.5128327
Zwirnerhalde,residential,47.337495,8.5169269
Zwirnerstrasse,residential,47.3360155,8.5181754
Zwirnerstrasse,residential,47.3393563,8.5161348
Renggerstrasse,residential,47.3462351,8.5321518
Hegenmatt,residential,47.3428505,8.5236075
Blauäcker,residential,47.4057358,8.5714812
Kleeweidstrasse,residential,47.3296869,8.5097753
Bruderwies,residential,47.3338756,8.5177255
Rebenweg,residential,47.3341387,8.5132762
Rebenweg,residential,47.3339929,8.5139737
Maneggpromenade,residential,47.3321745,8.5141193
Rainstrasse,residential,47.3464528,8.5253368
Hätzlergasse,residential,47.3893206,8.4692999
Seestrasse,tertiary,47.3602664,8.5317614
Seestrasse,tertiary,47.3612195,8.5315015
Seestrasse,tertiary,47.3614577,8.5314807
Seestrasse,tertiary,47.3607211,8.5316107
Seestrasse,tertiary,47.3638124,8.5313637
Seestrasse,tertiary,47.358486,8.532051
Sternenstrasse,residential,47.3597834,8.5318239
Grütlistrasse,residential,47.359131,8.5318335
Grütlistrasse,residential,47.3596284,8.5315458
Seestrasse,tertiary,47.3516448,8.5320172
Seestrasse,tertiary,47.3459722,8.5332319
Seestrasse,tertiary,47.3516448,8.5319159
Seestrasse,tertiary,47.353738,8.5323423
Seestrasse,tertiary,47.3565167,8.5321957
Seestrasse,tertiary,47.35607,8.532252
Seestrasse,tertiary,47.3567018,8.5322353
Seestrasse,tertiary,47.3555884,8.5323774
Seestrasse,tertiary,47.35607,8.53224
Seestrasse,tertiary,47.3626225,8.5313785
Brunaustrasse,residential,47.3564693,8.5320032
Kappelistrasse,residential,47.3521368,8.5307379
Kappelistrasse,residential,47.3516514,8.5303701
Hardhof,residential,47.3978267,8.4943144
Hönggerrampe,secondary_link,47.3938333,8.4933883
Hönggerrampe,secondary_link,47.3938023,8.4942118
Marchwartstrasse,residential,47.3357994,8.5268787
Zehntenhausstrasse,tertiary,47.4213586,8.5075039
Kappelistrasse,residential,47.3553563,8.532223
Bellariastrasse,residential,47.3470045,8.5290501
Bürglistrasse,residential,47.3630967,8.5289218
Gablerstrasse,residential,47.3591619,8.5289642
Bederstrasse,secondary,47.3626014,8.5270801
Bederstrasse,secondary,47.3643822,8.5299076
Felsenkellerweg,residential,47.3636043,8.5285333
Felsenkellerweg,residential,47.3637301,8.5288031
Felsenkellerweg,residential,47.3632669,8.5285335
Parkring,residential,47.3657087,8.5297961
Freigutstrasse,residential,47.3679578,8.5314125
Parkring,residential,47.3678147,8.5299679
Brandschenkestrasse,tertiary,47.3684205,8.5305936
Seestrasse,secondary,47.3449491,8.5336022
Seestrasse,secondary,47.3435616,8.5352403
Kilchbergsteig,residential,47.3431575,8.5332912
Seestrasse,secondary,47.3435615,8.5354503
Seestrasse,primary,47.3434682,8.5355385
Seestrasse,primary,47.3434558,8.5355067
Mythenquai,primary,47.3438192,8.5352475
Mythenquai,primary,47.3438316,8.5352793
Selnaustrasse,tertiary,47.3708752,8.5316255
Gerechtigkeitsgasse,residential,47.3694642,8.5314644
Bleicherweg,residential,47.368111,8.5361935
Bleicherweg,residential,47.368015,8.5358387
Bleicherweg,residential,47.3679511,8.5355183
Schützengasse,residential,47.3767689,8.5381005
Sihlstrasse,tertiary,47.3735513,8.5370486
Sihlstrasse,tertiary,47.3737027,8.5370877
Bahnhofstrasse,residential,47.3719543,8.5384573
Pelikanstrasse,residential,47.3722811,8.5376031
Bärengasse,residential,47.3695904,8.5366738
Bärengasse,residential,47.3693691,8.5362646
Basteiplatz,residential,47.3700104,8.5355788
Sihlstrasse,tertiary,47.3729892,8.5333852
Sihlstrasse,tertiary,47.3729389,8.5335539
Gotthardstrasse,residential,47.3657743,8.5361033
Freigutstrasse,residential,47.3666791,8.5330153
Gotthardstrasse,residential,47.3652884,8.5346925
Claridenstrasse,residential,47.3661316,8.5382655
Dreikönigstrasse,residential,47.3665283,8.5349223
Bleicherweg,residential,47.3679137,8.5356076
Claridenstrasse,residential,47.3669098,8.5376983
Talstrasse,tertiary,47.3674314,8.5394675
Dreispitz,residential,47.410022,8.5674781
Dreispitz,residential,47.4101545,8.5660949
Hegibachplatz,secondary,47.3619332,8.5602922
Zürichbergstrasse,residential,47.384018,8.5743763
Klosterweg,residential,47.3841924,8.5747014
Asylstrasse,secondary,47.365108,8.5648757
Asylstrasse,secondary,47.3648481,8.5656509
Universitätstrasse,primary,47.3789965,8.5481296
Universitätstrasse,primary,47.3815812,8.5481615
Universitätstrasse,primary,47.3830503,8.5482218
Universitätstrasse,primary,47.3843569,8.548265
Universitätstrasse,primary,47.38353,8.5482117
Universitätstrasse,primary,47.3848634,8.5484269
Asylstrasse,secondary,47.3676986,8.5607076
Asylstrasse,secondary,47.3661876,8.5623076
Hofwiesenstrasse,tertiary,47.4079472,8.5386742
Hofwiesenstrasse,tertiary,47.4082198,8.5388639
Hofwiesenstrasse,tertiary,47.4086662,8.539247
Hofwiesenstrasse,tertiary,47.4086662,8.5392601
Hofwiesenstrasse,tertiary,47.4067876,8.5380734
Wehntalerstrasse,primary,47.3999946,8.537887
Hofwiesenstrasse,tertiary,47.4048799,8.537169
Hofwiesenstrasse,tertiary,47.4027423,8.5357941
Hofwiesenstrasse,tertiary,47.4061488,8.5377925
Hofwiesenstrasse,tertiary,47.4061488,8.5377483
Albisriederstrasse,secondary,47.3773527,8.499588
Gutstrasse,secondary,47.3774033,8.4993589
Birmensdorferstrasse,secondary,47.3687119,8.5007783
Birmensdorferstrasse,secondary,47.3688116,8.5008114
Birmensdorferstrasse,secondary,47.3689648,8.5017753
Birmensdorferstrasse,secondary,47.3682249,8.496588
Birmensdorferstrasse,secondary,47.3680535,8.4963836
Birmensdorferstrasse,secondary,47.3684622,8.4985075
Birmensdorferstrasse,secondary,47.3691553,8.5039951
Birmensdorferstrasse,secondary,47.3693961,8.5060644
Birmensdorferstrasse,secondary,47.3694217,8.5060644
Birmensdorferstrasse,secondary,47.369596,8.5076565
Birmensdorferstrasse,secondary,47.3697598,8.5092318
Birmensdorferstrasse,secondary,47.3697956,8.5090084
Rothstrasse,residential,47.3935731,8.5376671
Hotzestrasse,residential,47.391636,8.539854
Schaffhauserstrasse,tertiary,47.3954331,8.5400899
Schaffhauserstrasse,tertiary,47.3946577,8.5397019
Buchzelgstrasse,residential,47.3586252,8.5851397
Müllerstrasse,residential,47.3746821,8.530374
Müllerstrasse,residential,47.3744786,8.530625
Müllerstrasse,residential,47.3738459,8.5318613
Müllerstrasse,residential,47.3740997,8.5312888
Bäckerstrasse,residential,47.3755987,8.5278926
Badenerstrasse,tertiary,47.374753,8.5202978
Badenerstrasse,tertiary,47.3748789,8.5197569
Badenerstrasse,tertiary,47.3744059,8.5218582
Badenerstrasse,tertiary,47.3743233,8.5231684
Mutschellenstrasse,tertiary,47.3444739,8.5298757
Uetlibergstrasse,secondary,47.3588594,8.5162914
Uetlibergstrasse,secondary,47.3535187,8.511997
Uetlibergstrasse,secondary,47.3550133,8.5129994
Uetlibergstrasse,residential,47.3529093,8.5105707
Uetlibergstrasse,residential,47.3529832,8.510529
Klosbachstrasse,tertiary,47.3659934,8.5564828
Klosbachstrasse,tertiary,47.3656605,8.5557791
Klosbachstrasse,tertiary,47.3652641,8.5551725
Minervastrasse,residential,47.364014,8.5583184
Minervastrasse,residential,47.364498,8.5576406
Freiestrasse,residential,47.3657794,8.5596774
Neptunstrasse,residential,47.3641415,8.5587517
Böcklinstrasse,residential,47.3647755,8.5596446
Freiestrasse,residential,47.3693462,8.5559416
Gemeindestrasse,residential,47.3693548,8.5550492
Gemeindestrasse,residential,47.3693104,8.5548921
Hottingerstrasse,secondary,47.3692227,8.5551935
Hottingerstrasse,secondary,47.3691839,8.5558368
Hottingerstrasse,secondary,47.3694086,8.5542603
Hottingerstrasse,secondary,47.3697566,8.5527431
Steinwiesstrasse,residential,47.3701445,8.5524973
Steinwiesstrasse,residential,47.3713745,8.556147
Wilfriedstrasse,residential,47.3697589,8.5544993
Freiestrasse,residential,47.3695276,8.5557703
Plattenstrasse,residential,47.3702808,8.5563431
Hofstrasse,residential,47.3702809,8.556464
Sophienstrasse,residential,47.3693718,8.5590737
Rütistrasse,residential,47.3704687,8.5628568
Carmenstrasse,residential,47.3693322,8.5618001
Rütistrasse,residential,47.3689267,8.5609442
Rütistrasse,residential,47.3694162,8.5614543
Samariterstrasse,residential,47.3674647,8.5621696
Klosbachstrasse,residential,47.3698625,8.5639043
Klosbachstrasse,residential,47.3693957,8.5633249
Ilgenstrasse,residential,47.3701388,8.5584371
Treichlerstrasse,residential,47.3708798,8.5575092
Hofstrasse,residential,47.3710248,8.5575421
Hofstrasse,residential,47.3712872,8.5577828
Schönbühlstrasse,residential,47.3702861,8.5587967
Fehrenstrasse,residential,47.3704301,8.5591932
Uraniastrasse,tertiary,47.3728834,8.5351613
Uraniastrasse,tertiary,47.3735193,8.5357611
Uraniastrasse,tertiary,47.373938,8.5361741
Uraniastrasse,tertiary,47.3732858,8.5355368
Uraniastrasse,tertiary,47.3746838,8.5375973
Uraniastrasse,tertiary,47.3744952,8.5397972
Uraniastrasse,tertiary,47.374513,8.5394268
Uraniastrasse,tertiary,47.3745093,8.5390038
Uraniastrasse,tertiary,47.3746538,8.5380437
Nüschelerstrasse,tertiary,47.3731005,8.5354173
Uraniastrasse,tertiary,47.3727363,8.5347718
Seefeldstrasse,residential,47.3635116,8.5494241
Seefeldstrasse,residential,47.3635116,8.5494222
Kasernenstrasse,tertiary,47.3753937,8.5332895
Stauffacherquai,tertiary,47.3731533,8.5314989
Kräuelgasse,residential,47.3760065,8.5290458
Birmensdorferstrasse,secondary,47.3702231,8.5140193
Gutstrasse,secondary,47.3706165,8.5088913
Gutstrasse,secondary,47.3703412,8.5094213
Manessestrasse,primary,47.3679211,8.5240135
Schimmelstrasse,primary,47.3702988,8.5249081
Bremgartnerstrasse,residential,47.3722475,8.5205033
Sennhauserweg,residential,47.3703026,8.560152
Spiegelhofstrasse,residential,47.3720174,8.5588697
Hofstrasse,residential,47.3720937,8.560027
Spiegelhofstrasse,residential,47.3734989,8.5609121
Neptunstrasse,residential,47.3687404,8.554097
Englischviertelstrasse,residential,47.3673054,8.5569816
Wilfriedstrasse,residential,47.3703192,8.5540852
Plattenstrasse,residential,47.3746867,8.5523862
Rämistrasse,primary,47.3685932,8.5470588
Schaffhauserstrasse,primary,47.4134665,8.5457408
Binzmühlestrasse,secondary,47.4138276,8.5457229
Friesstrasse,primary,47.4132956,8.5464082
Beustweg,residential,47.3675402,8.5527868
Schaffhauserstrasse,primary,47.4017153,8.5455926
Mühlegasse,tertiary,47.3742426,8.544676
Lommisweg,residential,47.3904462,8.4865068
Leimbachstrasse,tertiary,47.3228139,8.5144276
Attenhoferstrasse,residential,47.3739267,8.5569598
Spiegelhofstrasse,residential,47.3726942,8.5586778
Talacker,residential,47.3712026,8.5362412
Talacker,residential,47.3724323,8.5347151
Talstrasse,tertiary,47.371027,8.5348604
Pelikanstrasse,residential,47.3709202,8.5354997
Talstrasse,tertiary,47.3688161,8.5382029
Talstrasse,tertiary,47.3691453,8.5378154
Talstrasse,tertiary,47.3706029,8.5354817
Hardbrücke,primary,47.393391,8.5245893
Neumühlequai,tertiary,47.3787501,8.5425044
Hardbrücke,primary,47.3856981,8.517685
Rosengartenbrücke,tertiary,47.3949793,8.5245457
Rosengartenbrücke,tertiary,47.3945893,8.5249227
Rosengartenbrücke,tertiary,47.3945981,8.5247847
Stationsstrasse,residential,47.3725151,8.5192282
Stationsstrasse,residential,47.3721146,8.5185075
Johannesgasse,residential,47.383282,8.5310721
Neugasse,residential,47.3821772,8.5304212
Johannesgasse,residential,47.3827434,8.5317883
Johannesgasse,residential,47.3830041,8.5314508
Ackerstrasse,residential,47.3821113,8.5313641
Ackerstrasse,residential,47.3831386,8.5328121
Limmatstrasse,residential,47.3804059,8.5373414
Hofstrasse,residential,47.3725729,8.5605651
Zollbrücke,tertiary,47.3792542,8.5383662
Titlisstrasse,residential,47.3679682,8.5651675
Titlisstrasse,residential,47.3683468,8.5650003
Titlisstrasse,residential,47.3690133,8.5647421
Utoquai,primary,47.3669613,8.5443624
Sempacherstrasse,residential,47.3604839,8.5690482
Aargauerstrasse,secondary,47.3922722,8.4921131
Böcklinstrasse,residential,47.3641257,8.5603038
Neumünsterstrasse,secondary,47.3613752,8.5594483
Sempacherstrasse,residential,47.3630425,8.5668095
Biberlinstrasse,residential,47.3629733,8.5683378
Witikonerstrasse,secondary,47.3620925,8.5689157
Kapfsteig,residential,47.3610749,8.5719655
Forchstrasse,secondary,47.3603478,8.5650225
Forchstrasse,secondary,47.3603018,8.5662057
Forchstrasse,secondary,47.3603759,8.5650225
Spöndlistrasse,residential,47.3776104,8.5505228
Frauenklinikstrasse,residential,47.3780425,8.5511826
Gloriastrasse,tertiary,47.3770873,8.5533627
Bächtoldstrasse,residential,47.3754383,8.5565467
Zürichbergstrasse,residential,47.3752862,8.5591767
Schneckenmannstrasse,residential,47.3752671,8.5597071
Schneckenmannstrasse,residential,47.3753036,8.5601386
Spöndlistrasse,residential,47.3783798,8.5499368
Spöndlistrasse,residential,47.3790061,8.5494001
Hochstrasse,residential,47.3815387,8.5508795
Vogelsangstrasse,residential,47.3825054,8.5497788
Vogelsangstrasse,residential,47.3819985,8.5502895
Zollikerstrasse,tertiary,47.3593419,8.5579393
Zollikerstrasse,secondary,47.3603938,8.5571684
Höschgasse,secondary,47.3592364,8.5575107
Drahtzugstrasse,secondary,47.3610755,8.5608594
Hardturmstrasse,primary,47.3915657,8.51935
Förrlibuckstrasse,primary,47.3917775,8.5177006
Förrlibuckstrasse,primary,47.3913967,8.516408
Förrlibuckstrasse,primary,47.3914675,8.5145778
Förrlibuckstrasse,residential,47.3917811,8.5133675
Förrlibuckstrasse,residential,47.392409,8.5078166
Förrlibuckstrasse,residential,47.3918628,8.511524
Duttweilerstrasse,primary,47.3897443,8.5121989
Duttweilerstrasse,primary,47.391446,8.5134126
Pfingstweidstrasse,primary,47.3898011,8.5111755
Pfingstweidstrasse,primary,47.3900099,8.5104503
Pfingstweidstrasse,primary,47.3902816,8.5095539
Pfingstweidstrasse,primary,47.3904881,8.5088919
Pfingstweidstrasse,primary,47.3915216,8.5054204
Pfingstweidstrasse,primary,47.3908452,8.5077102
Pfingstweidstrasse,primary,47.3912667,8.5062936
Aargauerstrasse,secondary,47.3924046,8.4914401
Biberlinstrasse,residential,47.3636825,8.5705013
Biberlinstrasse,residential,47.363352,8.5693207
Klusstrasse,residential,47.3646562,8.5700719
Klusstrasse,residential,47.3645372,8.5697883
Klusstrasse,residential,47.3644781,8.5694491
Klusweg,residential,47.364236,8.5705687
Hegibachstrasse,residential,47.3649032,8.5703202
Hegibachstrasse,residential,47.3651425,8.5673433
Klusstrasse,residential,47.3645451,8.568862
Klusstrasse,residential,47.3647399,8.5681091
Klusstrasse,residential,47.3650044,8.5675379
Quellenstrasse,residential,47.3845068,8.5276886
Gasometerstrasse,residential,47.3843789,8.5292997
Heinrichstrasse,residential,47.3855934,8.528798
Röntgenstrasse,residential,47.3821283,8.5287193
Neugasse,residential,47.3834835,8.5276673
Röntgenstrasse,residential,47.3834234,8.5275603
Röntgenstrasse,residential,47.3837336,8.527354
Neugasse,residential,47.3836656,8.5272245
Neugasse,residential,47.3847001,8.5248164
Josefstrasse,residential,47.3866572,8.5233269
Josefstrasse,residential,47.3859015,8.5249656
Ottostrasse,residential,47.38694,8.525629
Röntgenstrasse,residential,47.3876698,8.5271832
Ottostrasse,residential,47.3877666,8.5269743
Hardstrasse,tertiary,47.389495,8.5214649
Viaduktstrasse,residential,47.3861203,8.5216727
Viaduktstrasse,primary,47.3858461,8.521159
Viaduktstrasse,primary,47.3858188,8.5212386
Geroldstrasse,primary,47.3856613,8.5203521
Hardstrasse,tertiary,47.3871795,8.5191465
Hardstrasse,tertiary,47.3861987,8.5182533
Turbinenstrasse,residential,47.3881226,8.5154334
Gasometerstrasse,residential,47.3847476,8.5296942
Sihlquai,tertiary,47.3871107,8.5304588
Sihlquai,tertiary,47.3865895,8.5313106
Sihlquai,tertiary,47.3852346,8.5336369
Sihlquai,tertiary,47.3861562,8.5320461
Sihlquai,tertiary,47.3888417,8.5277499
Gasometerstrasse,residential,47.3855649,8.5305784
Manessestrasse,primary,47.3645334,8.5218364
Manessestrasse,primary,47.3616279,8.5225727
Im Ebnet,residential,47.4314958,8.5433838
Leutschenbachstrasse,residential,47.418051,8.5604852
Leutschenbachstrasse,residential,47.414583,8.553087
Leutschenbachstrasse,residential,47.4182367,8.5608438
Thurgauerstrasse,secondary,47.4161546,8.5527159
Jenatschstrasse,residential,47.3635772,8.5342837
Josefstrasse,residential,47.3870132,8.5225626
Wehntalerstrasse,primary,47.4224302,8.4995983
Wehntalerstrasse,primary,47.421813,8.5006568
Wehntalerstrasse,primary,47.4227552,8.4990395
Wehntalerstrasse,primary,47.422888,8.4988103
Hürststrasse,residential,47.4126009,8.5263409
Wehntalerstrasse,primary,47.4120284,8.5245094
Althoossteig,residential,47.4109329,8.5248627
Maienstrasse,residential,47.4113347,8.5300335
Hotzestrasse,residential,47.392132,8.5392395
Seminarstrasse,residential,47.3937053,8.5356599
Limmattalstrasse,secondary,47.4051967,8.4804081
Limmattalstrasse,secondary,47.4051235,8.4794593
Bärenbohlstrasse,tertiary,47.4289638,8.5122746
Im Hagenbrünneli,residential,47.4150152,8.5125337
Regulastrasse,residential,47.4160228,8.5108841
Regulastrasse,residential,47.4163161,8.5112298
Althoosstrasse,residential,47.4106367,8.5213431
Hürststrasse,residential,47.4144416,8.5273547
Seebacherstrasse,tertiary,47.4207238,8.5366374
Käferholzstrasse,residential,47.4125507,8.5227422
Wannenholzstrasse,residential,47.411282,8.5206988
Schauenbergstrasse,tertiary,47.4189061,8.5063552
Friesstrasse,primary,47.4159277,8.5462772
Friesstrasse,primary,47.416701,8.5459229
Jungstrasse,residential,47.4147141,8.5433855
Jungholzstrasse,residential,47.4142968,8.5442426
Armin-Bollinger-Weg,residential,47.4144342,8.5372005
Birchstrasse,residential,47.4179007,8.5383938
Kügeliloostrasse,residential,47.4154914,8.5309306
Hadlaubstrasse,residential,47.3817163,8.555223
Toblerstrasse,residential,47.3823836,8.5527587
Freudenbergstrasse,residential,47.3808879,8.5590866
Krähbühlstrasse,tertiary,47.3791344,8.5615507
Krähbühlstrasse,tertiary,47.3784846,8.5661593
Krähbühlstrasse,tertiary,47.3785124,8.5677383
Krähbühlstrasse,tertiary,47.3793278,8.5697739
Schaffhauserstrasse,primary,47.4193391,8.5476877
Schaffhauserstrasse,primary,47.418142,8.5466267
Oberwiesenstrasse,residential,47.4091376,8.5317802
Affolternstrasse,residential,47.4108358,8.5339073
Affolternstrasse,residential,47.4117212,8.5297172
Jungholzstrasse,residential,47.4145608,8.5442594
Jungholzstrasse,residential,47.4164502,8.5441516
Eggbühlstrasse,residential,47.416218,8.5419867
Bühlwiesenstrasse,residential,47.4173375,8.5467765
Felsenrainstrasse,residential,47.4173845,8.5456356
Neunbrunnenstrasse,residential,47.4172388,8.5444496
Neunbrunnenstrasse,residential,47.4172083,8.54326
Dufourstrasse,residential,47.3619256,8.5492002
Witellikerstrasse,secondary,47.3501728,8.577356
Lenggstrasse,tertiary,47.352025,8.5704491
Bleulerstrasse,residential,47.3469269,8.5717671
Im Walder,residential,47.3479649,8.5743274
Niederhofenrain,residential,47.3481363,8.576689
Rothstrasse,tertiary,47.3935182,8.5378862
Rothstrasse,residential,47.3934194,8.5358975
Rothstrasse,residential,47.3935569,8.5374547
Rothstrasse,tertiary,47.3936496,8.5389773
Schaffhauserstrasse,tertiary,47.3938086,8.5393364
Hofwiesenstrasse,tertiary,47.3949863,8.5363142
Hofwiesenstrasse,tertiary,47.3949863,8.5363161
Hofwiesenstrasse,tertiary,47.3963667,8.5347991
Hofwiesenstrasse,tertiary,47.3942837,8.5370354
Zelgwiesenstrasse,residential,47.4124839,8.5283595
Affolternstrasse,residential,47.4111489,8.5322974
Freiestrasse,residential,47.3746058,8.5517376
Gloriastrasse,tertiary,47.3756424,8.5531403
Rämistrasse,primary,47.3745974,8.5496201
Rämistrasse,primary,47.3738455,8.5499295
Rämistrasse,primary,47.375597,8.5491314
Rämistrasse,primary,47.3708141,8.5495238
Zürichbergstrasse,residential,47.3727506,8.5507029
Heimplatz,tertiary,47.3707103,8.5487616
Heimplatz,tertiary,47.3707103,8.5487616
Auf der Mauer,residential,47.3780988,8.5451921
Engadinerweg,residential,47.4081314,8.4921736
Hurdäckerstrasse,residential,47.416235,8.4743362
Rütihofstrasse,residential,47.4132201,8.4753317
Hochstrasse,residential,47.3802726,8.5525514
Voltastrasse,residential,47.3795344,8.5543776
Gladbachstrasse,tertiary,47.3796476,8.5551616
Culmannstrasse,residential,47.3801823,8.5472855
Kantstrasse,residential,47.3769551,8.5570093
Hornbachstrasse,residential,47.3556196,8.5553359
Münchhaldenstrasse,residential,47.3538969,8.5572059
Weinbergstrasse,tertiary,47.3796941,8.5442443
Leonhardstrasse,tertiary,47.37948,8.544391
Weinbergstrasse,tertiary,47.3794096,8.5443168
Weinbergstrasse,tertiary,47.3794266,8.5442735
Weinbergstrasse,tertiary,47.3781199,8.5442925
Binzmühlestrasse,secondary,47.4130868,8.5384348
Affolternstrasse,residential,47.4103575,8.5378593
Hoffeld,residential,47.4069053,8.5359189
Hoffeld,residential,47.4068251,8.5353548
Hoffeld,residential,47.4050141,8.5333108
Hoffeld,residential,47.405299,8.5339521
Nordheimstrasse,residential,47.4043744,8.5333423
Oberwiesenstrasse,residential,47.4076532,8.5308549
Regensbergstrasse,tertiary,47.4093336,8.5384414
Kirchweg,residential,47.404994,8.4783713
Hohenklingenstrasse,residential,47.4023396,8.490744
Limmattalstrasse,tertiary,47.4023822,8.4941755
Gubelstrasse,residential,47.4076687,8.5467278
Oerlikonerstrasse,residential,47.4074392,8.5468869
Oerlikonerstrasse,residential,47.4057761,8.5468642
Zelglistrasse,residential,47.4121217,8.527022
Zelglistrasse,residential,47.4119366,8.5283074
Affolternstrasse,residential,47.4113702,8.5313051
Goldregenweg,residential,47.4098662,8.5331512
Kiefernweg,residential,47.4075239,8.5326938
Künzlistrasse,residential,47.405494,8.5339016
Häldeliweg,residential,47.3782726,8.5562715
Krähbühlweg,residential,47.3791011,8.5735667
Forrenweidstrasse,residential,47.3828695,8.5752917
Rolf-Balsiger-Strasse,residential,47.3838446,8.5769911
Zürichbergstrasse,residential,47.3862013,8.5791171
Mühlebachstrasse,residential,47.3585992,8.5572012
Wildbachstrasse,residential,47.3579737,8.5567373
Mühlebachstrasse,residential,47.3602747,8.5555139
Klausstrasse,residential,47.3590674,8.5505954
Bellerivestrasse,primary,47.3507084,8.5601863
Bellerivestrasse,primary,47.3490585,8.5617417
Bellerivestrasse,primary,47.3481795,8.5627369
Bellerivestrasse,primary,47.3483136,8.5624354
Dufourstrasse,secondary,47.3462762,8.5650564
Dufourstrasse,secondary,47.3461394,8.5650798
Bellerivestrasse,secondary,47.3480854,8.5625817
Bellerivestrasse,primary,47.3490724,8.5618856
Bellerivestrasse,primary,47.3465543,8.5642361
Bellerivestrasse,primary,47.3465073,8.5645085
Bellerivestrasse,primary,47.3461281,8.5649539
Bellerivestrasse,primary,47.3463636,8.564676
Wildbachstrasse,residential,47.3529672,8.5591959
Dufourstrasse,residential,47.353205,8.5567924
Seefeldstrasse,residential,47.347603,8.5642144
Flühgasse,residential,47.3498889,8.566244
Zollikerstrasse,residential,47.3481759,8.5659877
Zollikerstrasse,residential,47.3545209,8.561517
Arosastrasse,residential,47.3542777,8.5606078
Münchhaldenstrasse,residential,47.3556266,8.5603749
Mühlebachstrasse,residential,47.3631255,8.5525346
Ottenweg,residential,47.3633211,8.5535329
Reinhardstrasse,residential,47.3631146,8.5520843
Holbeinstrasse,residential,47.3644887,8.5503767
Schanzengasse,residential,47.3673002,8.5500334
Zeltweg,tertiary,47.3647316,8.5544876
Kreuzstrasse,residential,47.364825,8.5528503
Wagnergasse,residential,47.3641323,8.5529516
Obere Waidstrasse,residential,47.398434,8.5296283
Obere Waidstrasse,residential,47.3990216,8.5316836
Käferholzstrasse,residential,47.3993217,8.5318995
Käferholzstrasse,residential,47.403024,8.5305428
Forchstrasse,secondary,47.3631592,8.557701
Forchstrasse,secondary,47.3631577,8.5576944
Forchstrasse,secondary,47.3618983,8.5600546
Forchstrasse,secondary,47.3619848,8.5601048
Forchstrasse,secondary,47.3636539,8.5569801
Forchstrasse,secondary,47.3624566,8.5589509
Allenmoosstrasse,residential,47.4029962,8.5363262
Ringstrasse,residential,47.4038976,8.5413306
Anna-Heer-Strasse,residential,47.400401,8.542124
Hüttenkopfstrasse,residential,47.4024796,8.5703114
Hüttenkopfstrasse,residential,47.4029155,8.5703798
Bocklerstrasse,residential,47.4025943,8.5681667
Saatlenstrasse,residential,47.4058571,8.5690818
Luegislandstrasse,residential,47.4065054,8.5671378
Saatlenstrasse,residential,47.4068804,8.566802
Wallisellenstrasse,tertiary,47.410482,8.5692748
Wallisellenstrasse,tertiary,47.4105338,8.5695342
Aubruggstrasse,tertiary,47.4112484,8.5707574
Wallisellenstrasse,tertiary,47.4111188,8.570765
Wallisellenstrasse,tertiary,47.4111331,8.5706738
Aubruggstrasse,tertiary,47.41125,8.5706845
Aubruggstrasse,tertiary,47.4111349,8.5709212
Aubruggstrasse,tertiary,47.411164,8.5709547
Aubruggstrasse,tertiary,47.4111504,8.5709266
Aubruggstrasse,tertiary,47.4109754,8.5714571
Aubruggstrasse,tertiary,47.4111144,8.571091
Hauserstrasse,residential,47.3715001,8.5655067
Dolderstrasse,residential,47.3726913,8.5665384
Dolderstrasse,residential,47.3733551,8.5681762
Ebelstrasse,residential,47.3727439,8.5662125
Ebelstrasse,residential,47.3746428,8.5666895
Köllikerstrasse,residential,47.3749954,8.5660368
Ebelstrasse,residential,47.3754881,8.5658672
Winkelriedstrasse,residential,47.3838001,8.5506453
Auhofstrasse,residential,47.4073152,8.5695873
Universitätstrasse,primary,47.3854868,8.5483876
Gloriastrasse,tertiary,47.3747258,8.5506547
Forsterstrasse,residential,47.3803044,8.563389
Krönleinstrasse,residential,47.3832099,8.5575205
Hinterbergstrasse,residential,47.3832948,8.5572888
Freudenbergstrasse,residential,47.3827418,8.5578887
Hinterbergstrasse,residential,47.3847861,8.5583443
Hinterbergstrasse,residential,47.383504,8.5573833
Susenbergstrasse,residential,47.3859411,8.5570268
Susenbergstrasse,residential,47.3809888,8.5661195
Azurstrasse,residential,47.4078043,8.5396089
Azurstrasse,residential,47.4075127,8.5392004
Berninastrasse,residential,47.407475,8.5388617
Berninastrasse,residential,47.4049797,8.5421737
Berninastrasse,residential,47.4047344,8.5431978
Allenmoosstrasse,residential,47.4052391,8.5435735
Eschenweg,residential,47.4037352,8.5425156
Malvenstrasse,residential,47.4042451,8.5438656
Zürichholzstrasse,residential,47.4046687,8.542427
Malvenstrasse,residential,47.403887,8.5437559
Ringstrasse,residential,47.4022982,8.5435532
Malvenstrasse,residential,47.4029387,8.5430064
Ringstrasse,residential,47.4015053,8.5450626
Oerlikonerstrasse,residential,47.4006059,8.5433862
Oerlikonerstrasse,residential,47.4008953,8.5436034
Restelbergstrasse,residential,47.3809579,8.5577771
Heubeeriweg,residential,47.380747,8.5626688
Forstersteig,residential,47.3809172,8.5637567
Billeterstrasse,residential,47.3796925,8.5651197
Zürichbergstrasse,residential,47.3799165,8.5651125
Zürichbergstrasse,residential,47.3800918,8.5657875
Pilgerweg,residential,47.3801277,8.5705461
Hofstrasse,residential,47.3747771,8.5628033
Keltenstrasse,secondary,47.3757193,8.5636604
Ackermannstrasse,residential,47.3765595,8.5645125
Stockerstrasse,tertiary,47.3673221,8.5348256
Mittelstrasse,residential,47.3565651,8.5524566
Baurstrasse,residential,47.3552047,8.552761
Dufourstrasse,residential,47.3582348,8.5521082
Bellerivestrasse,primary,47.3548609,8.5526145
Grosswiesenstrasse,residential,47.4030538,8.589593
Seehofstrasse,residential,47.3642148,8.5477827
Kreuzstrasse,residential,47.3638553,8.551091
Allenmoosstrasse,residential,47.4064799,8.5499482
Allenmoosstrasse,residential,47.4055102,8.5475888
Allenmoosstrasse,residential,47.4053066,8.5469226
Berninastrasse,residential,47.4035726,8.547441
Schaffhauserstrasse,primary,47.4012822,8.5450417
Friedackerstrasse,residential,47.4067814,8.5541399
Friedackerstrasse,residential,47.4062241,8.5537316
Friedackerstrasse,residential,47.4054105,8.5532256
Dörflistrasse,primary,47.4054776,8.5498634
Dörflistrasse,primary,47.4074082,8.5506888
Friedheimstrasse,residential,47.4046795,8.5497129
Winterthurerstrasse,primary,47.4006277,8.5484894
Winterthurerstrasse,primary,47.4005077,8.5482778
Winterthurerstrasse,primary,47.4010233,8.5495635
Winterthurerstrasse,primary,47.4034373,8.5557854
Winterthurerstrasse,primary,47.4022015,8.5530507
Winterthurerstrasse,primary_link,47.4005247,8.5499666
Schwamendingenstrasse,tertiary,47.4070731,8.55015
Schwamendingenstrasse,tertiary,47.4082801,8.5469943
Magdalenenstrasse,residential,47.4062112,8.5548642
Magdalenenstrasse,residential,47.4072246,8.5508543
Dörflistrasse,primary,47.405012,8.5496431
Dörflistrasse,primary,47.4067429,8.5504741
Dörflistrasse,primary,47.4060991,8.5501643
Regensbergstrasse,residential,47.4055091,8.5505906
Viktoriastrasse,residential,47.4033867,8.5505622
Berninastrasse,residential,47.4028079,8.5511275
Berninastrasse,residential,47.4026377,8.5522225
Viktoriastrasse,residential,47.4023773,8.5504323
Viktoriastrasse,residential,47.4027158,8.5504577
Viktoriastrasse,residential,47.4019779,8.5504482
Frohburgstrasse,residential,47.4040638,8.5618115
Hubenstrasse,residential,47.4033999,8.559126
Apfelbaumstrasse,residential,47.4061477,8.5558866
Herbstweg,residential,47.4059794,8.557978
Altenhofstrasse,residential,47.3549905,8.5609738
Weisshau,residential,47.4172868,8.541926
Schaffhauserstrasse,primary,47.4188795,8.5473698
Grünhaldenstrasse,residential,47.4181492,8.5483953
Grünhaldenstrasse,residential,47.4174326,8.5477946
Dohlenweg,residential,47.4162461,8.5472993
Bühlwiesenstrasse,residential,47.416215,8.5478632
Bühlwiesenstrasse,residential,47.4156203,8.548221
Grubenackerstrasse,residential,47.4152282,8.5502913
Eisfeldstrasse,residential,47.4153352,8.5485497
Schörlistrasse,residential,47.4073091,8.5622357
Schörlistrasse,residential,47.4067704,8.5627345
Brüggliäcker,residential,47.4074433,8.5606366
Schaffhauserstrasse,primary,47.4212212,8.5497182
Schaffhauserstrasse,primary,47.4206732,8.5491546
Schärenfeld,residential,47.420136,8.5487324
Seebacherstrasse,tertiary,47.4213094,8.5462882
Seebacherstrasse,tertiary,47.4203007,8.5473692
Landhusweg,residential,47.421485,8.5488395
Salerstrasse,residential,47.4069812,8.5479221
Luegislandstrasse,residential,47.404103,8.5637047
Luegislandstrasse,residential,47.405581,8.5658729
Schwamendingenstrasse,primary,47.4044933,8.5587191
Langensteinenstrasse,residential,47.3958092,8.5458203
Winterthurerstrasse,primary,47.3955467,8.5453863
Strickhofstrasse,residential,47.3952967,8.5460053
Möhrlistrasse,residential,47.393239,8.5461164
Krattenturmstrasse,residential,47.3918494,8.5515316
Rämistrasse,secondary,47.367326,8.5446951
Quaibrücke,secondary,47.3670974,8.5440309
Spyristrasse,residential,47.3826897,8.5524362
Spyristrasse,residential,47.3833366,8.5535109
Grosswiesenstrasse,residential,47.403239,8.5873126
Hirzenbachstrasse,residential,47.4021659,8.5884835
Grosswiesenstrasse,residential,47.4030001,8.5903294
Luchswiesenstrasse,residential,47.4025948,8.5857489
Limmatquai,tertiary,47.3750643,8.5432327
Letzigraben,residential,47.3754957,8.496656
Letzigraben,residential,47.3761755,8.4972895
Tramstrasse,residential,47.4095954,8.5639475
Roswiesenstrasse,residential,47.4032503,8.576675
Winterthurerstrasse,primary,47.4059795,8.5815273
Winterthurerstrasse,primary,47.4063986,8.5834382
Roswiesenstrasse,residential,47.4049915,8.5769192
Luegislandstrasse,residential,47.4081362,8.5771635
Glattstegweg,residential,47.4091598,8.5751561
Glattstegweg,residential,47.4065956,8.5734759
Schaffhauserstrasse,primary,47.4002237,8.5433043
Schaffhauserstrasse,primary,47.4003358,8.5436795
Scheffelstrasse,residential,47.3937813,8.5294245
Rosengartenbrücke,tertiary,47.3942178,8.525649
Hofwiesenstrasse,residential,47.4109352,8.54328
Winterthurerstrasse,primary,47.3866823,8.5477059
Winterthurerstrasse,primary,47.3860706,8.5480435
Riedtlistrasse,tertiary,47.3872875,8.545338
Roswiesenstrasse,residential,47.4068611,8.5825498
Schürgistrasse,residential,47.4084131,8.5781896
Universitätstrasse,primary,47.3779289,8.548191
Rämistrasse,primary,47.3755584,8.549254
Kornhausstrasse,tertiary,47.3879403,8.536071
Hirschwiesenstrasse,primary_link,47.3994675,8.5478896
Hinterbergstrasse,residential,47.382439,8.5570742
Krönleinstrasse,residential,47.3832324,8.5603815
Krönleinstrasse,residential,47.383611,8.560939
Krönleinstrasse,residential,47.3826914,8.5590337
Clausiusstrasse,residential,47.3811707,8.5447892
Clausiusstrasse,residential,47.3817318,8.5444961
Culmannstrasse,residential,47.3804876,8.5473329
Culmannstrasse,residential,47.3818541,8.5475628
Culmannstrasse,residential,47.3820383,8.5475848
Ausserdorfstrasse,residential,47.4252883,8.5439038
Ausserdorfstrasse,residential,47.4251822,8.5465493
Buchwiesen,residential,47.4272179,8.5433708
Rümlangstrasse,residential,47.4313602,8.537711
Rümlangstrasse,residential,47.4303383,8.5406088
Caspar-Wüst-Strasse,residential,47.4310118,8.5428086
Caspar-Wüst-Strasse,residential,47.4305903,8.541424
Traktorenstrasse,residential,47.4289464,8.5370242
Schönauring,residential,47.4269735,8.5370328
Frohburgstrasse,residential,47.3885048,8.5486165
Hadlaubsteig,residential,47.3876954,8.5487597
Blümlisalpstrasse,residential,47.3912061,8.5487205
Blümlisalpstrasse,residential,47.3875791,8.5476175
Schäppistrasse,residential,47.3899568,8.5487923
Winterthurerstrasse,primary,47.3903172,8.5456095
Winterthurerstrasse,primary,47.3897252,8.5459233
Stampfenbachstrasse,tertiary,47.3877395,8.5395412
Stampfenbachstrasse,tertiary,47.385963,8.5398068
Schaffhauserstrasse,tertiary,47.3899329,8.5390295
Schaffhauserstrasse,tertiary,47.3893257,8.5390799
Schaffhauserstrasse,tertiary,47.3882302,8.5392986
Schaffhauserstrasse,tertiary,47.3889773,8.539063
Kolbenacker,residential,47.4260659,8.5477207
Kolbenacker,residential,47.4261738,8.5492743
Kolbenacker,residential,47.4271567,8.5490988
Glatttalstrasse,secondary,47.4264117,8.5470102
Belsitostrasse,residential,47.3752477,8.5613824
Belsitostrasse,residential,47.3741595,8.5629237
Schneckenmannstrasse,secondary,47.3753791,8.5613519
Tobelhofstrasse,secondary,47.3774176,8.5730263
Waldhausstrasse,residential,47.3743857,8.5683229
Möhrlistrasse,residential,47.3887754,8.5474511
Probsteistrasse,residential,47.3998509,8.5858115
Wehntalerstrasse,primary,47.417627,8.5093938
Regulastrasse,residential,47.4171648,8.5087385
Regulastrasse,residential,47.4173695,8.5083105
Regulastrasse,residential,47.4176344,8.50786
Regulastrasse,residential,47.4159564,8.5105199
Erchenbühlstrasse,residential,47.4131231,8.5156874
Im Hagenbrünneli,residential,47.4146254,8.5122907
Glaubtenstrasse,tertiary,47.4116754,8.5081362
Glaubtenstrasse,tertiary,47.4116829,8.5077724
Bergacker,residential,47.4171528,8.5070907
Bergacker,residential,47.4152251,8.5100516
Feuerweg,residential,47.4169296,8.5054989
Emil-Klöti-Strasse,tertiary,47.406502,8.5040568
Schauenbergstrasse,tertiary,47.4124055,8.5061583
Schauenbergstrasse,tertiary,47.4124061,8.5062084
Schauenbergstrasse,tertiary,47.4172898,8.5069507
Schauenbergstrasse,tertiary,47.416482,8.5065877
Schauenbergstrasse,tertiary,47.4168909,8.5068094
Schauenbergstrasse,tertiary,47.4161368,8.5063924
Lerchenhalde,residential,47.41184,8.5096924
Glatttalstrasse,secondary,47.4231389,8.5499928
Sperletweg,residential,47.4253324,8.5507222
Schaffhauserstrasse,primary,47.4228726,8.5511352
Schaffhauserstrasse,primary,47.4226149,8.5509196
Schaffhauserstrasse,primary,47.4245378,8.5527808
Röslistrasse,residential,47.3896831,8.5436457
Loorenstrasse,residential,47.3602509,8.5943964
Loorenstrasse,residential,47.3607283,8.5942404
Sunnige Hof,residential,47.3990054,8.5867156
Probsteistrasse,residential,47.3973294,8.5820025
Stettbachstrasse,residential,47.3961362,8.5880576
Stettbachstrasse,residential,47.3966102,8.5877545
Stettbachstrasse,residential,47.3989409,8.5844969
Katzenschwanzstrasse,tertiary,47.3614131,8.597289
Katzenschwanzstrasse,tertiary,47.3629768,8.5983113
Bahnhaldenstrasse,residential,47.4191468,8.5464355
Felsenrainstrasse,residential,47.4186211,8.5413926
Himmeriweg,residential,47.4184274,8.5365274
Buhnstrasse,residential,47.4215352,8.5406923
Buhnstrasse,residential,47.4219829,8.5403309
Buhnrain,residential,47.4216492,8.5424329
Eigenwasenstrasse,residential,47.4209047,8.5408246
Höhenring,residential,47.4203678,8.5405192
Höhenring,residential,47.4210406,8.5404802
Bahnhaldenstrasse,residential,47.4192222,8.5439543
Bahnhaldenstrasse,residential,47.4193695,8.543854
Bahnhaldenstrasse,residential,47.4195397,8.5437551
Bahnhaldenstrasse,residential,47.4190813,8.5450448
Höhenring,residential,47.4197958,8.5450691
Beckenhofstrasse,residential,47.3843251,8.5418588
Nordstrasse,residential,47.3838122,8.5401185
Lindenbachstrasse,residential,47.3870327,8.5394983
Röslistrasse,residential,47.387974,8.5406396
Röslistrasse,residential,47.387845,8.5396464
Schindlersteig,residential,47.3894766,8.5392235
Furttalstrasse,tertiary,47.4206566,8.5023776
Furttalstrasse,tertiary,47.4226108,8.4955553
Furttalstrasse,tertiary,47.4219797,8.4982816
Furttalstrasse,tertiary,47.4230392,8.4930983
Furttalstrasse,tertiary,47.4232619,8.4915783
Hungerbergstrasse,residential,47.4193015,8.4994651
Bächlerstrasse,residential,47.420078,8.5009347
Wehntalerstrasse,primary,47.4247903,8.4955871
Wehntalerstrasse,primary,47.4230376,8.4985541
Wehntalerstrasse,primary,47.4252028,8.4948658
Wehntalerstrasse,tertiary,47.396883,8.5409554
Hirschgartnerweg,residential,47.4009533,8.5461357
Irchelstrasse,tertiary,47.3960833,8.5448241
Wehntalerstrasse,primary,47.4110046,8.5263231
Rothstrasse,residential,47.3934714,8.5360228
Emil-Klöti-Strasse,tertiary,47.4053491,8.5048128
Gsteigstrasse,tertiary,47.4033139,8.5021071
Gsteigstrasse,tertiary,47.4043968,8.5039027
Ackersteinstrasse,residential,47.3983673,8.5071022
Hardbrücke,primary,47.3883966,8.5203085
Hardbrücke,primary,47.390003,8.5218633
Holderbachweg,residential,47.4175075,8.5020675
Holderbachweg,residential,47.4182354,8.5060664
Rötelstrasse,tertiary,47.3917317,8.5357079
Rütschistrasse,residential,47.3937236,8.5334545
Lägernstrasse,residential,47.3935984,8.5307883
Rötelstrasse,tertiary,47.3970408,8.5324649
Rötelstrasse,tertiary,47.3955742,8.5321632
Rötelstrasse,tertiary,47.3953936,8.5322617
Wibichstrasse,residential,47.3957255,8.5318101
Rosengartenstrasse,residential,47.3956702,8.5318928
Central,tertiary,47.3766909,8.5440688
Seilergraben,tertiary,47.3769075,8.5444029
Leonhardstrasse,tertiary,47.3780706,8.545848
Weinbergstrasse,tertiary,47.3791817,8.544335
Leonhardstrasse,tertiary,47.3792569,8.5447453
Central,tertiary,47.376975,8.5436306
Florhofgasse,residential,47.3724176,8.5482498
Hirschengraben,residential,47.3747001,8.5462395
Florhofgasse,residential,47.3727093,8.5477427
Gloriastrasse,tertiary,47.3747689,8.5515238
Bachofnerstrasse,residential,47.3909726,8.5333303
Rütschistrasse,residential,47.3938168,8.5316197
Central,tertiary,47.376549,8.5439222
Bahnhofquai,tertiary,47.3771228,8.541327
Bahnhofplatz,tertiary,47.377397,8.5392602
Lagerstrasse,tertiary,47.3768084,8.5344274
Imfeldstrasse,residential,47.389991,8.5307825
Rotbuchstrasse,tertiary,47.3913369,8.5374732
Nordstrasse,residential,47.3858319,8.5380133
Nordstrasse,residential,47.3867314,8.5374325
Nordstrasse,residential,47.3860416,8.5378789
Schwingerstrasse,residential,47.3868577,8.5384254
Nordstrasse,residential,47.3875249,8.5368531
Gallusstrasse,residential,47.3856704,8.5388259
Laurenzgasse,residential,47.3851321,8.5391101
Beckenhofstrasse,residential,47.3851908,8.541313
Kurvenstrasse,residential,47.3854453,8.5413392
Obstgartenstrasse,residential,47.3835971,8.5429041
Wasserwerkstrasse,tertiary,47.3821166,8.541576
Stampfenbachstrasse,tertiary,47.383617,8.5406991
Walchestrasse,residential,47.3821802,8.5409298
Beckenhofstrasse,residential,47.3859143,8.5407734
Beckenhofstrasse,residential,47.3866972,8.5402265
Im Eisernen Zeit,residential,47.390975,8.5401069
Hotzestrasse,residential,47.3905336,8.5412698
Langmauerstrasse,residential,47.389376,8.5417051
Langmauerstrasse,residential,47.3890735,8.541419
Goetzstrasse,residential,47.389539,8.5445083
Langmauerstrasse,residential,47.391844,8.5429059
Im Eisernen Zeit,residential,47.3920537,8.5413448
Limmatstrasse,residential,47.3841018,8.5323267
Rousseaustrasse,residential,47.3927351,8.5300825
Nordstrasse,residential,47.3930873,8.5304729
Nordstrasse,residential,47.3900802,8.534043
Rousseaustrasse,residential,47.3884733,8.5340844
Kornhausstrasse,tertiary,47.3884865,8.5363637
Nordstrasse,residential,47.388009,8.5364407
Im Eisernen Zeit,residential,47.3912136,8.5403808
Im Eisernen Zeit,residential,47.3914937,8.5406995
Goetzstrasse,residential,47.3900259,8.545265
Züghusplatz,residential,47.3701814,8.5396169
Imfeldstrasse,residential,47.3921233,8.5300134
Bahnhofbrücke,tertiary,47.3768659,8.5425682
Breitensteinstrasse,tertiary,47.3929199,8.5222253
Dammstrasse,residential,47.3928249,8.529207
Imfeldstrasse,residential,47.3914091,8.5296031
Rousseaustrasse,residential,47.3912931,8.5312017
Sumatrastrasse,residential,47.3816572,8.5426831
Ottikerstrasse,residential,47.3858272,8.5444436
Stapferstrasse,residential,47.3822823,8.5471694
Culmannstrasse,residential,47.384074,8.5478157
Scheuchzerstrasse,residential,47.3866417,8.5451121
Ottikerstrasse,residential,47.3860768,8.5459607
Wallisellenstrasse,residential,47.4103197,8.5477613
Waidstrasse,residential,47.3944314,8.5220195
Dorfstrasse,residential,47.393946,8.5239475
Rosengartenstrasse,residential,47.3957684,8.5291884
Scheffelstrasse,residential,47.396627,8.5302327
Wibichstrasse,residential,47.3968638,8.5303519
Feldeggstrasse,residential,47.3597504,8.5492964
Höschgasse,secondary,47.356758,8.5516226
Mittelstrasse,residential,47.3588952,8.5512922
Magnolienstrasse,residential,47.3607353,8.5511303
Mainaustrasse,residential,47.3604518,8.5495466
Bellerivestrasse,primary,47.3573952,8.5507498
Bellerivestrasse,primary,47.3558512,8.5518751
Dufourstrasse,residential,47.3605771,8.550271
Utoquai,primary,47.3621182,8.5474774
Eisengasse,residential,47.3626779,8.5516584
Zimmergasse,residential,47.3626861,8.5511507
Lindenstrasse,residential,47.3570475,8.5496581
Kyburgstrasse,residential,47.3932734,8.5260905
Wunderlistrasse,residential,47.3971802,8.5216593
Wunderlistrasse,residential,47.3968714,8.5233352
Aemtlerstrasse,tertiary,47.3761648,8.5103248
Rebbergstrasse,residential,47.3982384,8.5164763
Kettberg,residential,47.3983727,8.5131834
Kappenbühlstrasse,residential,47.4054803,8.5034184
Emil-Klöti-Strasse,tertiary,47.4054405,8.5047936
Gässli,residential,47.4021527,8.5000637
Kappenbühlstrasse,residential,47.4055236,8.5029405
Bäulistrasse,residential,47.4000474,8.5024028
Gessnerbrücke,tertiary,47.3760762,8.5356759
Hardbrücke,primary,47.3862052,8.5181149
Glattparkstrasse,tertiary,47.4182024,8.5614301
Glattparkstrasse,tertiary,47.4180919,8.5615654
Aubruggstrasse,tertiary,47.4158827,8.5657913
Baslerstrasse,residential,47.3895167,8.4875584
Baslerstrasse,residential,47.3897291,8.4869659
Badenerstrasse,tertiary,47.3878925,8.4854116
Altstetterstrasse,tertiary,47.3875927,8.486596
Badenerstrasse,tertiary,47.3873142,8.4880529
Klusstrasse,residential,47.3649209,8.5721204
Hegibachstrasse,residential,47.3647345,8.5665393
Zwielplatz,residential,47.4020649,8.4968266
Hurdäckerstrasse,residential,47.4136659,8.4771721
Hurdäckerstrasse,residential,47.4159438,8.473753
Im oberen Boden,residential,47.4159377,8.4755085
Wieslergasse,residential,47.4025163,8.4957467
Riedhofstrasse,residential,47.4040098,8.4951263
Heizenholz,residential,47.4089162,8.4885949
Emil-Klöti-Strasse,tertiary,47.4050298,8.5051798
Kürbergstrasse,residential,47.3991707,8.5065148
Brunnwiesenstrasse,residential,47.4003821,8.5050306
Giacomettistrasse,residential,47.4025551,8.5047019
Körnerstrasse,residential,47.3742309,8.5222396
Imbisbühlstrasse,residential,47.4068906,8.4811941
Imbisbühlstrasse,residential,47.4069748,8.4814112
Imbisbühlstrasse,residential,47.4035849,8.4925823
Imbisbühlstrasse,residential,47.4022452,8.4958138
Imbisbühlstrasse,residential,47.4060442,8.4845198
Riedhofstrasse,residential,47.4097763,8.4801497
Frankentalerstrasse,secondary,47.4100514,8.4796577
Geeringstrasse,residential,47.4144715,8.4805777
Vorhaldenstrasse,residential,47.401426,8.4915252
Appenzellerstrasse,residential,47.4015103,8.5071535
Bombachstrasse,residential,47.4047564,8.4859883
Reinhold-Frei-Strasse,residential,47.4096188,8.4851314
Reinhold-Frei-Strasse,residential,47.4101333,8.4845678
Imfeldsteig,residential,47.3883667,8.5324915
Imfeldsteig,residential,47.3886921,8.5327405
Bahnhofquai,residential,47.3759018,8.5419991
Kornhausstrasse,tertiary,47.3907856,8.5362733
Frankentalerstrasse,secondary,47.4085514,8.4780346
Frankentalerstrasse,secondary,47.407263,8.4796265
Appenzellerstrasse,residential,47.3991581,8.5096364
Saumstrasse,residential,47.3708036,8.5138165
Berghaldenstrasse,residential,47.3583979,8.5910768
Biberlinstrasse,residential,47.364431,8.5724197
Biberlinstrasse,residential,47.3640775,8.5716157
Waldschulweg,residential,47.363256,8.5735282
Im Sydefädeli,residential,47.3943048,8.5197783
Eierbrechtstrasse,residential,47.3576872,8.5787022
Drusbergstrasse,residential,47.3567787,8.5843048
Drusbergstrasse,residential,47.3548829,8.5843231
Waserstrasse,residential,47.3585274,8.5764816
Walchestrasse,tertiary,47.3798467,8.5425228
Stampfenbachstrasse,tertiary,47.3808717,8.5424511
Stampfenbachstrasse,tertiary,47.3816952,8.541941
Pilatusstrasse,residential,47.3732661,8.5675172
Im Brächli,residential,47.36049,8.581496
Witikonerstrasse,secondary,47.3599403,8.5800504
Waserstrasse,residential,47.3584125,8.5800951
Waserstrasse,residential,47.3584331,8.5784513
Witikonerstrasse,secondary,47.3584285,8.588868
Trichtenhausenstrasse,tertiary,47.355819,8.5996492
Stodolastrasse,residential,47.3571144,8.5911198
Carl-Spitteler-Strasse,residential,47.3558217,8.5945855
Steinbrüchelstrasse,residential,47.35617,8.5891046
Steinbrüchelstrasse,residential,47.3566114,8.5894526
Steinbrüchelstrasse,residential,47.3558838,8.5917524
Regensdorferstrasse,tertiary,47.4078991,8.4895194
Regensdorferstrasse,tertiary,47.4088937,8.4885094
Regensdorferstrasse,tertiary,47.4066481,8.4908668
Regensdorferstrasse,tertiary,47.4049711,8.4939265
Michelstrasse,residential,47.4090101,8.4941361
Albisriederstrasse,secondary,47.378058,8.4930995
Heizenholz,residential,47.4092022,8.4883693
Heizenholz,residential,47.4106892,8.4873358
Heizenholz,residential,47.4113809,8.4863023
Heizenholz,residential,47.4119968,8.4845953
Heizenholz,residential,47.4117522,8.4855744
In Böden,residential,47.4192968,8.5086315
In Böden,residential,47.4185326,8.5100481
In Böden,residential,47.4180381,8.5109089
Neuwiesenstrasse,residential,47.4161163,8.5144101
Riedenhaldenstrasse,residential,47.4156555,8.5164776
Fronwaldstrasse,residential,47.4203778,8.5137874
Fronwaldstrasse,residential,47.4207057,8.5130949
Fronwaldstrasse,residential,47.4206811,8.5131582
Reckenholzstrasse,residential,47.4206652,8.5137719
Reckenholzstrasse,residential,47.4231618,8.5159892
Bellerivestrasse,primary,47.3578988,8.5503832
Bahnhofquai,tertiary,47.3783575,8.5416545
Bahnhofquai,tertiary,47.3750108,8.5418104
Hohlstrasse,tertiary,47.3791626,8.5223071
Langstrasse,tertiary,47.3760213,8.5254091
Ankerstrasse,residential,47.3757125,8.527062
Stauffacherstrasse,tertiary,47.3761448,8.5261156
Stauffacherstrasse,tertiary,47.3763439,8.525918
Stauffacherstrasse,tertiary,47.3760599,8.5263316
Neue Winterthurerstrasse,primary,47.4073516,8.5922546
Neue Winterthurerstrasse,secondary,47.4059707,8.591142
Winterthurerstrasse,primary,47.4067569,8.5849408
Dörflistrasse,primary,47.4082595,8.5506512
Tramstrasse,primary,47.4086365,8.5498693
Dörflistrasse,primary,47.4090906,8.5501609
Dörflistrasse,primary,47.40913,8.5499602
Dörflistrasse,primary,47.4096146,8.5493876
Rämistrasse,primary,47.3685691,8.547445
Limmatquai,tertiary,47.3757801,8.543461
Hirschengraben,tertiary,47.3714019,8.5475158
Heimstrasse,tertiary,47.3713866,8.5478441
Forchstrasse,secondary,47.3641307,8.5560093
Asylstrasse,secondary,47.3652134,8.5647708
Asylstrasse,secondary,47.3656682,8.5634053
Tannenrauchstrasse,residential,47.3473311,8.5269674
Forchstrasse,secondary,47.3510855,8.5818834
Witellikerstrasse,secondary,47.3537821,8.5757841
Forchstrasse,secondary,47.353922,8.5756672
Forchstrasse,secondary,47.3537508,8.5759578
Forchstrasse,secondary,47.3512125,8.579425
Forchstrasse,secondary,47.3535509,8.576348
Utoquai,primary,47.3646863,8.5459467
Oetlisbergstrasse,residential,47.3599854,8.5960092
Bergstrasse,secondary,47.3759325,8.5595874
Gloriastrasse,tertiary,47.3769802,8.5540109
Escher-Wyss-Platz,tertiary,47.3910822,8.5229136
Escher-Wyss-Platz,tertiary,47.3911291,8.5227607
Bahnhofstrasse,residential,47.3736268,8.5382747
Bahnhofplatz,tertiary,47.3769338,8.5408629
Bahnhofplatz,tertiary,47.3769352,8.5402167
Wipkingerbrücke,tertiary,47.3912708,8.5228697
Hönggerstrasse,tertiary,47.3923226,8.5244117
Brandschenkestrasse,tertiary,47.3621497,8.5264864
Bederstrasse,secondary,47.3621553,8.5266651
Strassburgstrasse,tertiary,47.3729197,8.528223
Strassburgstrasse,tertiary,47.3727172,8.5284832
Manessestrasse,primary,47.3693839,8.5261099
Ohne Namen,secondary_link,47.3536628,8.5119149
Hohlstrasse,tertiary,47.3859626,8.5054049
Badenerstrasse,tertiary,47.3832159,8.4996814
Badenerstrasse,tertiary,47.3837524,8.4985505
Badenerstrasse,tertiary,47.3834176,8.498949
Badenerstrasse,tertiary,47.3844974,8.4965581
Hohlstrasse,primary,47.3828959,8.5152638
Manessestrasse,primary,47.3668335,8.5228233
Staubstrasse,residential,47.3473815,8.5330876
Mythenquai,primary,47.3563063,8.5347129
Mythenquai,primary,47.3557041,8.5344774
Bucheggplatz,tertiary,47.3981215,8.5324919
Hofwiesenstrasse,tertiary,47.3976781,8.5337184
Bucheggplatz,tertiary,47.3985804,8.5339732
Bederstrasse,secondary,47.3610096,8.5250236
Bernerstrasse Nord,primary_link,47.3938806,8.498534
Pfingstweidstrasse,primary,47.3928569,8.5022418
Tobelhofstrasse,secondary,47.3835893,8.5878634
Tobelhofstrasse,secondary,47.3833463,8.5865853
Mythenquai,secondary,47.3575515,8.5354474
Winterthurerstrasse,primary,47.4042079,8.5737979
Franklinstrasse,tertiary,47.4097503,8.5436949
Giesshübelstrasse,secondary,47.3585751,8.51789
Giesshübelstrasse,secondary,47.3574795,8.5213406
Giesshübelstrasse,secondary,47.3576489,8.5212589
Giesshübelstrasse,primary,47.3591916,8.5220587
Giesshübelstrasse,primary,47.3596926,8.5226672
Uetlibergstrasse,secondary,47.3586621,8.5159139
Grossackerstrasse,residential,47.3249402,8.5064605
Tunnelstrasse,secondary,47.3661395,8.5321841
Allmendstrasse,residential,47.3510753,8.5257412
Löwenstrasse,tertiary,47.376002,8.5375489
Löwenstrasse,residential,47.375619,8.5370418
Löwenstrasse,residential,47.3756581,8.5368953
Gessnerallee,tertiary,47.3740931,8.5336215
Gessnerallee,tertiary,47.3760628,8.535789
Dübendorfstrasse,tertiary,47.3992095,8.5892551
Soodstrasse,primary,47.3319896,8.5173396
Leimbachstrasse,tertiary,47.3312186,8.5161225
Leimbachstrasse,primary,47.3329029,8.5182755
Soodstrasse,primary,47.3324174,8.5177961
Hohlstrasse,primary,47.3800588,8.5207407
Badenerstrasse,tertiary,47.3880506,8.4852774
Badenerstrasse,tertiary,47.3883289,8.4844817
Altstetterstrasse,tertiary,47.3854848,8.4852845
Zurlindenstrasse,residential,47.3695739,8.520552
Schmelzbergstrasse,residential,47.3775174,8.5502241
Schmelzbergstrasse,residential,47.3771554,8.5492648
Hohlstrasse,tertiary,47.3911523,8.4796393
Altstetterstrasse,tertiary,47.3909548,8.4874128
Hermetschloobrücke,secondary,47.3948885,8.4728969
Hermetschloobrücke,secondary,47.3944946,8.4717685
Hermetschloobrücke,secondary,47.3942423,8.4722205
Bändlistrasse,tertiary,47.398022,8.480164
Bändlistrasse,tertiary,47.3976401,8.4814513
Bändlistrasse,tertiary,47.397721,8.4811274
Ueberlandstrasse,primary,47.4069297,8.5865961
Hermetschloobrücke,secondary,47.3972978,8.4742489
Bernerstrasse,primary,47.3977571,8.47508
Gladbachstrasse,tertiary,47.377157,8.5591686
Kraftstrasse,tertiary,47.3771001,8.5597473
Rotbuchstrasse,tertiary,47.3913769,8.5388872
Weinbergstrasse,tertiary,47.3903581,8.5397573
Weinbergstrasse,tertiary,47.3898052,8.5399941
Riedtlistrasse,tertiary,47.3904644,8.539892
Weinbergstrasse,tertiary,47.3911244,8.5392333
Bernerstrasse,primary,47.3999379,8.4669272
Bernerstrasse,primary,47.3995656,8.4683673
Bernerstrasse,primary,47.3994526,8.4688159
Bernerstrasse,primary,47.3993281,8.4693113
Bernerstrasse,primary,47.3991495,8.4700094
Bernerstrasse,primary,47.3982332,8.4734743
Bernerstrasse,primary,47.3996842,8.4679028
Bändlistrasse,tertiary,47.3980138,8.4746166
Rosengartenbrücke,tertiary,47.3942223,8.526556
Limmatquai,residential,47.3688517,8.5437448
Torgasse,residential,47.3678117,8.544927
Kruggasse,residential,47.3680411,8.5446812
Geigergasse,residential,47.3686686,8.54399
Kirchgasse,residential,47.369146,8.5435451
Römergasse,residential,47.3705615,8.5431093
Rüdenplatz,residential,47.3707366,8.5430514
Ankengasse,residential,47.3711849,8.5429656
Marktgasse,residential,47.3718028,8.5428625
Stüssihofstatt,residential,47.3724792,8.542805
Weingasse,residential,47.3729196,8.5427983
Rosengasse,residential,47.3731585,8.5428047
Hirschengasse,residential,47.3734237,8.542822
Graue Gasse,residential,47.3735753,8.5428464
Winterthurerstrasse,primary,47.4012931,8.550311
Ohne Namen,primary,47.4003531,8.5486172
Winterthurerstrasse,primary,47.4023713,8.5528995
Winterthurerstrasse,primary,47.4018145,8.5515536
Winterthurerstrasse,primary,47.3997948,8.5476903
Ohne Namen,primary,47.3994158,8.5478049
Aubruggstrasse,tertiary,47.4111361,8.5711394
Aubruggstrasse,tertiary,47.4112315,8.5709293
Rudolf-Brun-Brücke,tertiary,47.374425,8.5417881
Friesenbergstrasse,tertiary,47.3645084,8.5080423
Friesenbergstrasse,tertiary,47.3643287,8.5077809
Schaffhauserstrasse,tertiary,47.3994718,8.5425483
Albisriederstrasse,secondary,47.373481,8.4810039
Salzweg,residential,47.3854948,8.4674881
Limmatquai,tertiary,47.3744265,8.5430345
Bülachstrasse,tertiary,47.4014195,8.548338
Schaffhauserstrasse,tertiary,47.3983602,8.541838
Talstrasse,tertiary,47.3694835,8.5372622
Bleulerstrasse,residential,47.3496397,8.5700683
Witellikerstrasse,secondary,47.3489935,8.5778841
Langstrasse,tertiary,47.3841015,8.5310986
Konradstrasse,residential,47.3805186,8.536049
Badenerstrasse,tertiary,47.3821495,8.5015438
Kirchweg,residential,47.4055751,8.4727314
Herzogenmühlestrasse,residential,47.4045695,8.5726367
Roswiesenstrasse,residential,47.407483,8.5812251
Löwenstrasse,tertiary,47.3770742,8.5385226
Bahnhofquai,tertiary,47.3779549,8.5418543
Stadelhoferstrasse,residential,47.3679196,8.546159
Utoquai,primary,47.3678232,8.5441287
Utoquai,primary,47.3672579,8.5442995
Grüngasse,residential,47.3725306,8.5262874
Grüngasse,residential,47.3732432,8.5253249
Werdstrasse,residential,47.3704572,8.5247705
Theaterstrasse,primary,47.3671678,8.5455234
Limmatquai,primary,47.3676938,8.5449902
Hohlstrasse,tertiary,47.3848644,8.5090713
Enzenbühlstrasse,residential,47.3493843,8.5733209
Bucheggstrasse,tertiary,47.3980028,8.535631
Museumstrasse,tertiary,47.3783473,8.5411972
Museumstrasse,tertiary,47.3784416,8.5409313
Riedtlistrasse,tertiary,47.3898437,8.5407265
Europabrücke,secondary,47.3984034,8.4948993
Meierwiesenstrasse,tertiary,47.3984036,8.4943087
Alfred-Escher-Strasse,primary,47.3639759,8.5331421
Mythenquai,primary,47.3446127,8.5347752
Mythenquai,secondary,47.3571466,8.5352296
Neugasse,residential,47.3811331,8.5321282
Feldstrasse,tertiary,47.3800219,8.5245763
Kalchbühlstrasse,residential,47.3366749,8.5331282
Kalchbühlstrasse,residential,47.3352843,8.5343042
Witikonerstrasse,secondary,47.3583396,8.5841978
Bederstrasse,secondary,47.3641613,8.5291446
Brandschenkestrasse,tertiary,47.3632568,8.5264064
Birmensdorferstrasse,secondary,47.3704171,8.5146812
Hohlstrasse,tertiary,47.3899948,8.4917524
Saumackerstrasse,residential,47.3887943,8.4888911
Baslerstrasse,residential,47.3848502,8.5019739
Militärstrasse,tertiary,47.3771576,8.5319718
Fronwaldstrasse,residential,47.4207653,8.512942
Fronwaldstrasse,residential,47.4205887,8.5133958
Universitätstrasse,primary,47.3776173,8.5481778
Wipkingerplatz,tertiary_link,47.3926323,8.5231784
Wipkingerplatz,tertiary,47.392792,8.5229621
Wipkingerplatz,tertiary,47.3925087,8.5233426
Uetlibergstrasse,residential,47.352436,8.50764
Zürcherstrasse,secondary,47.3939906,8.4718061
Feldblumenstrasse,residential,47.3881231,8.4830555
Badenerstrasse,tertiary,47.3861099,8.4925158
Badenerstrasse,tertiary,47.3886481,8.4837294
Saumackerstrasse,residential,47.3904513,8.4895629
Badenerstrasse,tertiary,47.3915744,8.478298
Badenerstrasse,tertiary,47.3936593,8.472999
Birmensdorferstrasse,secondary,47.3682155,8.4962691
Birmensdorferstrasse,residential,47.3664314,8.4969276
Weststrasse Wallisellen,secondary,47.4089297,8.5797698
Weststrasse Wallisellen,secondary,47.4094216,8.5800973
Butzenstrasse,secondary,47.3401768,8.5228924
Rainstrasse,residential,47.3419028,8.5291621
Butzenstrasse,secondary,47.3413547,8.5302914
Lenggstrasse,tertiary,47.3548692,8.5746971
Nordstrasse,tertiary,47.3943326,8.5270357
Rousseaustrasse,residential,47.387111,8.5347429
Allmendstrasse,primary,47.3384583,8.5191174
Allmendstrasse,primary,47.3396048,8.5190738
Allmendstrasse,primary,47.3405567,8.519146
Allmendstrasse,primary,47.3409164,8.5191917
Allmendstrasse,primary,47.3422324,8.5192836
Allmendstrasse,primary,47.3430484,8.51936
Allmendstrasse,primary,47.3426617,8.519322
Allmendstrasse,primary,47.344226,8.5192336
Limmattalstrasse,secondary,47.4051286,8.4789792
Limmattalstrasse,tertiary,47.403543,8.4873513
Bombachhalde,residential,47.4042388,8.4815955
Rousseaustrasse,residential,47.3873169,8.5345435
Saatlenstrasse,residential,47.4080285,8.5654258
Austrasse,residential,47.3640926,8.5203106
Steinstrasse,tertiary,47.3686807,8.5195637
Steinstrasse,tertiary,47.3684073,8.5197409
Ohne Namen,tertiary_link,47.3905978,8.4795057
Hohlstrasse,tertiary,47.3909697,8.4791966
Bucheggstrasse,primary_link,47.398139,8.536472
Bucheggstrasse,primary_link,47.3980689,8.5357657
Bucheggstrasse,primary,47.3980915,8.5357983
Gerstenstrasse,residential,47.3895874,8.5246164
Holderbachweg,residential,47.4181606,8.505835
Badenerstrasse,tertiary,47.3909943,8.4790796
Badenerstrasse,tertiary,47.3913924,8.4782989
Badenerstrasse,tertiary,47.3933971,8.4736936
Limmatquai,primary,47.3685688,8.5440095
Badenerstrasse,tertiary,47.3902372,8.4802264
Ueberlandstrasse,primary,47.4071947,8.5861591
Glatttalstrasse,secondary,47.4226363,8.5505735
Roswiesenstrasse,residential,47.4077427,8.5797509
Schaffhauserstrasse,primary,47.4199356,8.5484605
Friesstrasse,primary,47.4169981,8.5457871
Zehntenhausstrasse,tertiary,47.4212651,8.5074353
Hofwiesenstrasse,tertiary,47.4091173,8.5398197
Neue Winterthurerstrasse,primary,47.40685,8.5917409
Klosterweg,residential,47.385344,8.5751155
Zürichbergstrasse,residential,47.3815277,8.5716227
Seestrasse,tertiary,47.3450883,8.5333985
Mythenquai,secondary,47.3584907,8.5355263
Wehntalerstrasse,primary,47.423173,8.498324
Zürichbergstrasse,residential,47.3829331,8.5729934
Tobelhofstrasse,secondary,47.3825372,8.5851056
Tobelhofstrasse,secondary,47.3832475,8.5862801
Regensdorferstrasse,tertiary,47.4034985,8.4973309
Regensdorferstrasse,tertiary,47.4031308,8.4979916
Seestrasse,tertiary,47.3484839,8.5325902
Seestrasse,tertiary,47.3469979,8.5329094
Albisstrasse,secondary,47.3400552,8.5299966
Albisstrasse,secondary,47.3419782,8.5307117
Albisstrasse,secondary,47.3417398,8.5306755
Möcklistrasse,residential,47.3581082,8.5960005
Möcklistrasse,residential,47.3583002,8.5965134
Krähbühlstrasse,tertiary,47.3787319,8.5643173
Emil-Klöti-Strasse,tertiary,47.3989814,8.5134065
Emil-Klöti-Strasse,tertiary,47.39899,8.5137248
Thurgauerstrasse,secondary,47.4142308,8.5511855
Thurgauerstrasse,secondary,47.4146607,8.5511122
Hagenholzstrasse,tertiary,47.4141643,8.5513801
Thurgauerstrasse,tertiary,47.4141733,8.5510077
Thurgauerstrasse,secondary,47.4137529,8.5509929
Hagenholzstrasse,tertiary,47.4142794,8.5524666
Hagenholzstrasse,tertiary,47.4143577,8.5529351
Hagenholzstrasse,tertiary,47.4142124,8.5518768
Hagenholzstrasse,tertiary,47.4144163,8.5529207
Thurgauerstrasse,tertiary,47.414263,8.5510528
Hagenholzstrasse,tertiary,47.4143713,8.5520005
Bärenbohlstrasse,tertiary,47.4271099,8.5108199
Käshaldenstrasse,tertiary,47.4309917,8.533983
Ulmbergtunnel,primary,47.3667278,8.5315663
Winterthurerstrasse,primary,47.3938749,8.5450468
Winterthurerstrasse,primary,47.3921287,8.545189
Badenerstrasse,tertiary,47.3757885,8.5159173
Hofwiesenstrasse,tertiary,47.3933414,8.5376709
Hofwiesenstrasse,tertiary,47.3933203,8.5377138
Badenerstrasse,tertiary,47.3744856,8.5215698
Bändlistrasse,tertiary,47.3952063,8.4891558
Birmensdorferstrasse,secondary_link,47.3688702,8.501299
Franklinstrasse,tertiary,47.4096839,8.5438579
Franklinstrasse,tertiary,47.4096251,8.5440034
Bernerstrasse Nord,primary,47.3962556,8.4821143
Bernerstrasse Nord,primary,47.3966187,8.481181
Aargauerstrasse,tertiary,47.3923911,8.5025787
Aargauerstrasse,tertiary,47.3922797,8.5023182
Zurlindenstrasse,residential,47.3683176,8.5222189
Unterfeldstrasse,residential,47.4116031,8.5589843
Binzmühlestrasse,secondary,47.4138047,8.5460124
Förrlibuckstrasse,residential,47.3920892,8.5117935
Bändlistrasse,tertiary,47.3996078,8.4773211
Bändlistrasse,tertiary,47.3981972,8.47473
Bändlistrasse,tertiary,47.3988904,8.4784624
Förrlibuckstrasse,residential,47.392177,8.5104955
Bändlistrasse,tertiary,47.3991848,8.4760722
Förrlibuckstrasse,primary,47.3916441,8.5136679
Förrlibuckstrasse,primary,47.3913311,8.5161611
Hardturmstrasse,tertiary,47.390778,8.5219992
Bluntschlisteig,residential,47.362077,8.5305334
Langstrasse,tertiary,47.3754924,8.5250306
Badenerstrasse,tertiary,47.3904602,8.4797939
Hohlstrasse,tertiary,47.3907753,8.4791718
Grüngasse,residential,47.3723539,8.5265788
Sihlamtsstrasse,residential,47.3698979,8.5310734
Freigutstrasse,residential,47.3676796,8.5317289
Alfred-Escher-Strasse,primary,47.362771,8.5337559
Alfred-Escher-Strasse,residential,47.3646792,8.5327352
Vorhaldenstrasse,residential,47.4007855,8.4945075
Milchbuckstrasse,residential,47.3939938,8.5429208
Frankentalerstrasse,secondary,47.4057132,8.4809149
Forchstrasse,secondary,47.3510331,8.5827002
Freyastrasse,residential,47.3714659,8.5247945
Grossackerstrasse,residential,47.3247291,8.508211
Verena-Conzett-Strasse,residential,47.3713381,8.5274586
Schweighofstrasse,secondary,47.3597036,8.5073211
Schweighofstrasse,secondary,47.360611,8.5065225
Stauffacherquai,tertiary,47.3693993,8.5283052
Stauffacherquai,tertiary,47.3711707,8.5303674
Birmensdorferstrasse,secondary,47.3705136,8.5156705
Birmensdorferstrasse,secondary,47.3703575,8.5146835
Birmensdorferstrasse,secondary,47.3704088,8.5143895
Birmensdorferstrasse,secondary,47.3699745,8.5110915
Birmensdorferstrasse,secondary,47.3700462,8.5117002
Waffenplatzstrasse,tertiary,47.3568519,8.5269369
Rieterstrasse,residential,47.3528466,8.5265514
Rieterstrasse,residential,47.3563803,8.5261199
Rieterstrasse,residential,47.3585497,8.5260136
Waffenplatzstrasse,tertiary,47.358631,8.5269757
Waffenplatzstrasse,tertiary,47.3589826,8.5269226
Rieterstrasse,residential,47.3596735,8.5258294
Waffenplatzstrasse,tertiary,47.3614416,8.526497
Mutschellenstrasse,tertiary,47.3493785,8.5279458
Mutschellenstrasse,tertiary,47.3480912,8.5280843
Mutschellenstrasse,tertiary,47.3453241,8.5295334
Hätzlergasse,residential,47.3891675,8.4695753
Hätzlergasse,residential,47.3893321,8.4693922
Rautistrasse,tertiary,47.3816225,8.4902332
Schweighofstrasse,secondary,47.3625905,8.5045262
Birmensdorferstrasse,secondary,47.3678097,8.4872033
Birmensdorferstrasse,secondary,47.3677066,8.4945769
Triemlistrasse,tertiary,47.3684342,8.4937625
Triemlistrasse,tertiary,47.36814,8.4945027
Triemlistrasse,tertiary,47.3688961,8.4925808
Tulpenstrasse,residential,47.4053142,8.5640829
Central,tertiary,47.3768991,8.5442677
Steinstrasse,tertiary,47.3676263,8.5199254
Lagerstrasse,tertiary,47.3766257,8.5347183
Schweighofstrasse,secondary,47.3685877,8.5012996
Schaufelbergerstrasse,tertiary,47.3715519,8.5028214
Burstwiesenstrasse,residential,47.369867,8.5018054
Friesenbergstrasse,tertiary,47.3658449,8.5097558
Friesenbergstrasse,tertiary,47.3668106,8.5107298
Manessestrasse,primary,47.3608361,8.52274
Manessestrasse,primary,47.360286,8.522892
Giesshübelstrasse,primary,47.3594711,8.5222985
Manessestrasse,primary,47.3612521,8.5226522
General-Guisan-Quai,secondary,47.3632605,8.5351942
General-Wille-Strasse,secondary,47.3634951,8.5350148
Birmensdorferstrasse,secondary,47.3706579,8.5169285
Birmensdorferstrasse,secondary,47.3704417,8.5180163
Albisstrasse,secondary,47.3324105,8.5298535
Albisstrasse,secondary,47.3324109,8.5299036
Albisstrasse,secondary,47.3320765,8.5297903
Albisstrasse,secondary,47.3308777,8.5297075
Albisstrasse,secondary,47.3322012,8.5298963
Albisstrasse,secondary,47.3292176,8.5296164
Albisstrasse,secondary,47.3283569,8.5295495
Albisstrasse,secondary,47.3278848,8.529486
Albisstrasse,secondary,47.3275113,8.5294633
Albisstrasse,secondary,47.3270174,8.5294821
Albisstrasse,secondary,47.327276,8.5296352
Albisstrasse,secondary,47.3278385,8.5296513
Albisstrasse,secondary,47.3289282,8.5297095
Albisstrasse,secondary,47.3296754,8.5297505
Albisstrasse,secondary,47.3311686,8.5298282
Albisstrasse,secondary,47.3300858,8.5297727
Zwängiweg,secondary,47.3296617,8.531071
Ohne Namen,secondary_link,47.3281239,8.5295865
Albisstrasse,secondary,47.3269641,8.5296241
Albisstrasse,secondary,47.3272682,8.5294644
Albisstrasse,secondary,47.3363859,8.530031
Friesenbergstrasse,tertiary,47.3681469,8.5114076
Giesshübelstrasse,secondary,47.3588559,8.5166487
Giesshübelstrasse,secondary,47.3587959,8.5169689
Bederstrasse,secondary,47.3610522,8.5250857
Kasernenstrasse,residential,47.3776324,8.5360444
Gutstrasse,secondary,47.3760616,8.5004137
Gutstrasse,secondary,47.3770518,8.4993046
Gutstrasse,secondary,47.3766995,8.499707
Gutstrasse,secondary,47.375816,8.5006842
Gutstrasse,secondary,47.3763706,8.5000732
Gutstrasse,secondary,47.374212,8.5026462
Gutstrasse,secondary,47.3737633,8.5032942
Gutstrasse,secondary,47.3733874,8.5036036
Giesshübelstrasse,secondary,47.3586292,8.5176592
Zurlindenstrasse,residential,47.3751857,8.5136077
Bertastrasse,residential,47.3742058,8.5140678
Friesenbergstrasse,tertiary,47.3676313,8.5109702
Friesenbergstrasse,tertiary,47.3679522,8.5111323
Birmensdorferstrasse,secondary,47.3698966,8.5102932
Wiedingstrasse,residential,47.36602,8.5181715
Hofwiesenstrasse,tertiary,47.4011954,8.5344616
Birmensdorferstrasse,secondary,47.3705303,8.4695847
Birmensdorferstrasse,secondary,47.3706799,8.4703928
Hardstrasse,secondary,47.3818274,8.5138349
Hardstrasse,secondary,47.3822256,8.5142131
Hardstrasse,secondary,47.3793341,8.5113987
Bullingerstrasse,residential,47.3801542,8.5138695
Bullingerstrasse,residential,47.3806286,8.5123583
Badenerstrasse,tertiary,47.3776397,8.511972
Lessingstrasse,residential,47.357112,8.5243822
Schoeckstrasse,primary,47.3667144,8.5457487
Mühlebachstrasse,residential,47.3541306,8.5611548
Seefeldstrasse,residential,47.3519221,8.5602186
Bederstrasse,secondary,47.3644582,8.5301548
Ohne Namen,tertiary,47.3923947,8.5024513
Döltschiweg,residential,47.3671341,8.5069863
Wasserschöpfi,residential,47.3670586,8.5070107
Obsthaldenstrasse,residential,47.4130146,8.5206466
Glatttalstrasse,secondary,47.4253248,8.5479334
Hardturmstrasse,residential,47.3922113,8.5171613
Brunaustrasse,tertiary,47.3536595,8.5252412
Soodstrasse,primary,47.3277975,8.5177886
Allmendstrasse,primary,47.3524439,8.5248012
Allmendstrasse,primary,47.3514615,8.525705
Stauffacherstrasse,tertiary,47.372544,8.529327
Strassburgstrasse,tertiary,47.3725968,8.5286853
Steinstrasse,tertiary,47.3685856,8.5197329
Uetlibergstrasse,secondary,47.3646743,8.5210003
Höhenring,residential,47.4197744,8.5468366
Schaffhauserstrasse,primary,47.4197069,8.5480429
Trichtenhausenstrasse,tertiary,47.3567287,8.5983605
Albisriederstrasse,secondary,47.3788119,8.494553
Albisriederstrasse,secondary,47.3791387,8.4949946
Albisriederstrasse,secondary,47.3792265,8.4955741
Rautistrasse,tertiary,47.3795597,8.4950149
Rautistrasse,tertiary,47.3805769,8.493066
Utoquai,primary,47.3665059,8.5447997
General-Guisan-Quai,secondary,47.3642358,8.536511
Hofstrasse,residential,47.3734468,8.5614678
Brüggliäcker,residential,47.4078381,8.5609038
Steinentischstrasse,residential,47.3641521,8.5273412
Selnaustrasse,tertiary,47.3700807,8.5329048
Stauffacherstrasse,tertiary,47.3717838,8.5297989
Stauffacherbrücke,tertiary,47.371206,8.5305848
Stauffacherbrücke,tertiary,47.3710473,8.5311391
Wildbachstrasse,residential,47.3571687,8.5568793
Morgartenstrasse,residential,47.3713279,8.5287317
Hallwylstrasse,residential,47.3713373,8.5286353
Hallwylstrasse,residential,47.3716831,8.5291014
Hohenklingenstrasse,residential,47.4017566,8.4952019
Riedhofstrasse,residential,47.4098566,8.4798745
Regensdorferstrasse,secondary,47.4154961,8.4833886
Morgentalstrasse,residential,47.3435901,8.5229487
Butzenstrasse,secondary,47.3409551,8.5246699
Butzenstrasse,secondary,47.3412065,8.5274172
Butzenstrasse,secondary,47.33807,8.5214953
Butzenstrasse,secondary,47.3369826,8.5206031
Bachstrasse,residential,47.345236,8.5351549
Seestrasse,secondary,47.344864,8.5336911
Frymannstrasse,residential,47.3360814,8.5148756
Wegackerstrasse,residential,47.3331383,8.5165771
Rebenstrasse,residential,47.3341839,8.5158105
Kügeliloostrasse,residential,47.4126922,8.5294677
Hürststrasse,residential,47.4150362,8.5275424
Hertensteinstrasse,residential,47.4243957,8.5432166
Schärenmoosstrasse,residential,47.4196373,8.5556079
Schärenmoosstrasse,residential,47.4187086,8.5578771
Leutschenbachstrasse,residential,47.4179402,8.5600973
Birchstrasse,residential,47.4273127,8.5458272
Birchstrasse,residential,47.4273067,8.5460722
Birchstrasse,residential,47.4268167,8.5448173
Birchstrasse,tertiary,47.4274,8.5461738
Glatttalstrasse,secondary,47.4273522,8.5461437
Zypressenstrasse,residential,47.3761956,8.5111875
Würzgrabenstrasse,secondary,47.3933713,8.4930716
Ohne Namen,tertiary,47.3924926,8.5024981
Max-Högger-Strasse,residential,47.3925347,8.4880106
Europabrücke,tertiary,47.3892314,8.4914945
Europabrücke,tertiary,47.3892496,8.4913918
Hönggerrampe,secondary_link,47.3940968,8.4934739
Meierwiesenstrasse,tertiary,47.3978352,8.4939963
Meierwiesenstrasse,tertiary,47.3985259,8.4947942
Hönggerrampe,secondary_link,47.394073,8.493331
Rebenstrasse,residential,47.3338153,8.5147933
Frymannstrasse,residential,47.3358092,8.5156409
Bleicherweg,residential,47.3682278,8.5365313
Forchstrasse,secondary,47.3576614,8.5723534
Bernerstrasse,primary,47.3981501,8.4738056
Kasernenstrasse,tertiary,47.3753559,8.5332496
Limmatquai,tertiary,47.3745353,8.5430671
Badenerstrasse,tertiary,47.3911347,8.4789044
Giesshübelstrasse,secondary,47.3581825,8.5195391
Vogelsangstrasse,tertiary,47.3840105,8.5487472
Dörflistrasse,primary,47.4109481,8.5472578
Uetlibergstrasse,secondary,47.3626389,8.5189139
Uetlibergstrasse,secondary,47.3620157,8.5182384
Bahnhofquai,tertiary,47.376902,8.5416707
Unterwerkstrasse,residential,47.422744,8.5540911
Kilchbergsteig,residential,47.3429762,8.5333879
Lettenholzstrasse,residential,47.3391556,8.5256758
Auwiesenstrasse,residential,47.4153289,8.5686823
Schulhausstrasse,residential,47.3605747,8.5282782
Nidelbadstrasse,residential,47.3355015,8.5330473
Dübendorfstrasse,tertiary,47.3976759,8.5933137
Lettenholzstrasse,residential,47.3396085,8.5284163
Lettenholzstrasse,residential,47.3394206,8.5274265
Uetlibergstrasse,secondary,47.3567361,8.513969
Uetlibergstrasse,secondary,47.3567361,8.5140037
Aurorastrasse,residential,47.3701065,8.5682484
Dolderstrasse,residential,47.373019,8.5673553
Ebelstrasse,residential,47.3731177,8.5663796
Höschgasse,secondary,47.3584376,8.5568766
Burgweg,residential,47.3592244,8.5582324
Bellerivestrasse,primary,47.354391,8.5530476
Drahtzugstrasse,residential,47.3601372,8.561656
Bellerivestrasse,primary,47.353474,8.5552745
Drahtzugstrasse,residential,47.3599304,8.5622243
Widmerstrasse,residential,47.337958,8.536647
Widmerstrasse,residential,47.337174,8.5339061
Entlisbergstrasse,residential,47.3361978,8.5249386
Schützenrütiweg,residential,47.382739,8.5918465
Tobelhofstrasse,secondary,47.3835656,8.5903703
Witikonerstrasse,secondary,47.3612904,8.6017721
Seebacherstrasse,tertiary,47.4197162,8.533343
Bühlwiesenstrasse,residential,47.41663,8.5476216
Schaffhauserstrasse,tertiary,47.3887012,8.5390596
Schweighofstrasse,secondary,47.353982,8.5114948
Binzmühlestrasse,tertiary,47.4136729,8.5287261
Schärenmoosstrasse,residential,47.4206897,8.5516598
Hohlstrasse,residential,47.3786648,8.523168
Felsenrainstrasse,residential,47.4177589,8.5452585
Balberstrasse,residential,47.3388412,8.5273451
Berninaplatz,primary,47.4034192,8.5478733
Vulkanstrasse,residential,47.3925569,8.4870064
Hohlstrasse,tertiary,47.3909061,8.4883797
Winterthurerstrasse,primary,47.405917,8.5812452
Zehntenhausstrasse,tertiary,47.4228894,8.5080149
Zehntenhausstrasse,tertiary,47.4246565,8.5086423
Alfred-Escher-Strasse,primary,47.3570844,8.5347627
Alfred-Escher-Strasse,primary,47.3578531,8.5346565
Alfred-Escher-Strasse,primary,47.3605357,8.5342005
Talstrasse,tertiary,47.3679283,8.539018
Dreikönigstrasse,residential,47.3675837,8.5381576
Brandschenkestrasse,residential,47.3698083,8.5339086
Talstrasse,tertiary,47.3714392,8.5344703
Talstrasse,tertiary,47.3708509,8.5350921
Hohlstrasse,tertiary,47.3920016,8.4827179
Hohlstrasse,tertiary,47.3910221,8.4791363
Hohlstrasse,tertiary,47.3912222,8.4876976
Hohlstrasse,tertiary,47.390741,8.4892657
Badenerstrasse,tertiary,47.3906478,8.4795237
Bellerivestrasse,primary,47.3501286,8.5608037
Dufourstrasse,secondary,47.3479619,8.5629914
Opfikonstrasse,residential,47.4131361,8.572463
Kalchbühlstrasse,residential,47.3337505,8.5354522
Frankentalerstrasse,secondary,47.4081616,8.4780489
Frankentalerstrasse,secondary,47.4088809,8.4782849
Frankentalerstrasse,secondary,47.4092424,8.4788106
Frankentalerstrasse,secondary,47.4077636,8.4782913
Frankentalerstrasse,secondary,47.4078922,8.4781416
Aubruggweg,residential,47.4123092,8.567915
Aubruggweg,residential,47.4127374,8.5689605
Witikonerstrasse,secondary,47.3587352,8.5904574
Witikonerstrasse,secondary,47.3586478,8.5900034
Nordstrasse,residential,47.3882785,8.5362201
Bullingerstrasse,residential,47.3831932,8.5061437
Baslerstrasse,residential,47.3851393,8.5009856
Baslerstrasse,residential,47.3851873,8.5008212
Hohlstrasse,tertiary,47.388211,8.4977772
Hohlstrasse,primary,47.3827316,8.5154435
Herdernstrasse,tertiary,47.3846799,8.5079149
Duttweilerbrücke,tertiary,47.3893201,8.51088
Bolleystrasse,residential,47.3790692,8.5515065
Huttenstrasse,residential,47.3816328,8.5499058
Bederstrasse,secondary,47.3602825,8.5237253
Triemlistrasse,residential,47.3738832,8.483902
Albisriederstrasse,secondary,47.3731863,8.4803621
Albisriederstrasse,secondary,47.3739934,8.4821285
Albisriederstrasse,secondary,47.3741906,8.4824626
Birmensdorferstrasse,secondary,47.3692451,8.4657133
Birmensdorferstrasse,secondary,47.3705904,8.4756241
Birmensdorferstrasse,secondary,47.3707004,8.4705821
Birmensdorferstrasse,secondary,47.3680405,8.4857879
Birmensdorferstrasse,secondary,47.3678796,8.4865397
Gartenhofstrasse,residential,47.3724269,8.5254603
Ankerstrasse,residential,47.3735229,8.5245199
Gartenhofstrasse,residential,47.3719541,8.5258756
Ankerstrasse,residential,47.373117,8.524236
Rötelstrasse,residential,47.3902109,8.5376981
Rötelstrasse,residential,47.3911947,8.536542
Wallisellenstrasse,tertiary,47.4107626,8.5558788
Wallisellenstrasse,tertiary,47.4107062,8.5527842
Wallisellenstrasse,tertiary,47.4106965,8.5524847
Wehntalerstrasse,primary,47.3987663,8.5390667
Bucheggstrasse,primary,47.398798,8.5402277
Brüderhofweg,residential,47.3987947,8.5403604
Letzigraben,residential,47.3777808,8.498788
Letzigraben,residential,47.3789,8.5002213
Letzigraben,residential,47.380013,8.501719
Steinstrasse,tertiary,47.3656802,8.5215477
Steinstrasse,tertiary,47.3658013,8.5214896
Regensbergstrasse,tertiary,47.4098989,8.5359085
Regensbergstrasse,tertiary,47.410163,8.5344463
Regensbergstrasse,tertiary,47.4103554,8.5333807
Regensbergstrasse,tertiary,47.4104328,8.5329555
Regensbergstrasse,tertiary,47.4104995,8.532589
Regensbergstrasse,tertiary,47.4114572,8.527282
Rütihofstrasse,residential,47.4131412,8.4746945
Im oberen Boden,residential,47.415207,8.4810588
Altstetterstrasse,tertiary,47.3873498,8.4864904
Altstetterstrasse,tertiary,47.3849886,8.4849495
Altstetterstrasse,tertiary,47.3828807,8.4839393
Altstetterstrasse,tertiary,47.3821741,8.4837125
Uraniastrasse,tertiary,47.3736993,8.5359351
Uraniastrasse,tertiary,47.3730792,8.5353409
Holderbachweg,residential,47.4178343,8.5041224
Hungerbergstrasse,residential,47.4205061,8.5011582
Roswiesenstrasse,residential,47.4035924,8.5767833
Mühlebachstrasse,residential,47.3659809,8.549195
Falkenstrasse,secondary,47.3660738,8.5488748
Neue Hard,primary,47.387166,8.5192831
Tobelhofstrasse,secondary,47.3837422,8.5892136
Tobelhofstrasse,secondary,47.3813313,8.5832989
Tödistrasse,residential,47.3676641,8.5336223
Tödistrasse,residential,47.3681933,8.5332251
Zweierstrasse,tertiary,47.3723956,8.5236037
Asylstrasse,secondary,47.3665505,8.5617351
Hermetschloobrücke,secondary,47.3940514,8.4727257
Hermetschloobrücke,secondary,47.3950869,8.472439
Hermetschloobrücke,secondary,47.3943095,8.4729988
Hermetschloobrücke,secondary,47.3949801,8.4727321
Ohne Namen,secondary_link,47.3947134,8.4732034
Hermetschloobrücke,secondary,47.3947646,8.4732405
Ohne Namen,secondary,47.3937399,8.4725944
Rütistrasse,residential,47.3695414,8.5615838
Frohburgstrasse,residential,47.4015873,8.5566257
Uetlibergstrasse,secondary,47.3624882,8.5187533
Ohne Namen,residential,47.4067862,8.5612666
Bernerstrasse Nord,primary,47.3941413,8.4903328
Bernerstrasse Nord,primary_link,47.3938888,8.5001478
Hönggerrampe,secondary_link,47.3940324,8.4938892
Hönggerrampe,secondary_link,47.3939296,8.494438
Bernerstrasse Süd,primary_link,47.3934342,8.4995634
Duttweilerbrücke,tertiary,47.3855005,8.5086645
Hohlstrasse,tertiary,47.3798428,8.5213036
Seebahnstrasse,primary,47.3789423,8.5197978
Ankerstrasse,residential,47.3759247,8.527407
Wolfbachstrasse,residential,47.3704192,8.5515703
Eschenhaustrasse,residential,47.3651577,8.5909538
Eschenhaustrasse,residential,47.3653329,8.5919198
Seeblickstrasse,residential,47.3359871,8.5363236
Moosstrasse,residential,47.3371519,8.5288769
Moosstrasse,residential,47.3364469,8.5288837
Blumenfeldstrasse,residential,47.4250217,8.505791
Blumenfeldstrasse,residential,47.4261115,8.5056723
Letzigraben,residential,47.377021,8.498076
Baslerstrasse,residential,47.3868457,8.4951882
Baslerstrasse,residential,47.387052,8.4944741
Baslerstrasse,residential,47.3871837,8.4940206
Zurlindenstrasse,tertiary,47.3723161,8.5177637
Zurlindenstrasse,tertiary,47.3707664,8.5192527
Zurlindenstrasse,tertiary,47.3710603,8.5189903
Zurlindenstrasse,tertiary,47.3713614,8.5187227
Kanonengasse,residential,47.3768043,8.5287438
Schlossgasse,secondary,47.3689262,8.5194716
Schulhausstrasse,residential,47.3610061,8.5302961
Regensbergbrücke,tertiary,47.4092184,8.5387917
Regensbergstrasse,tertiary,47.4094453,8.5380913
Regensbergstrasse,tertiary,47.4094068,8.5382181
Regensbergbrücke,tertiary,47.4091213,8.5390848
Binzmühlestrasse,tertiary,47.4144163,8.5190197
In Böden,residential,47.417178,8.5125848
Wehntalerstrasse,primary,47.4203907,8.5031475
Wehntalerstrasse,primary,47.4205831,8.5028172
Kantonsschulstrasse,residential,47.3714504,8.5487974
Zürichbergstrasse,residential,47.3729489,8.5512597
Schönleinstrasse,residential,47.3732294,8.5514926
Badenerstrasse,tertiary,47.3908652,8.4792433
Hohlstrasse,tertiary,47.3908584,8.4790684
Ohne Namen,tertiary_link,47.3905774,8.479373
Zehntenhausstrasse,tertiary,47.422521,8.5079389
Bachmannweg,residential,47.421262,8.5067423
Zehntenhausstrasse,tertiary,47.42322,8.5080852
Zehntenhausstrasse,tertiary,47.4215661,8.5075993
Zehntenhausstrasse,tertiary,47.4205914,8.5070629
Manessestrasse,primary,47.3675588,8.5233854
Gessnerbrücke,tertiary,47.3760309,8.5357802
Kantonsschulstrasse,residential,47.3726458,8.5504387
Manessestrasse,primary,47.3650896,8.5216768
Eisfeldstrasse,residential,47.4151457,8.5490144
Eisfeldstrasse,residential,47.4152629,8.5487269
Bändlistrasse,tertiary,47.3987527,8.4753011
Bändlistrasse,tertiary,47.3985565,8.4750505
Gotthelfstrasse,residential,47.3685243,8.5198519
Letzigraben,residential,47.3749836,8.496175
Nüschelerstrasse,residential,47.3716358,8.5368908
Nüschelerstrasse,residential,47.3716938,8.5368108
Friesenbergstrasse,tertiary,47.3648258,8.5084943
Friesenbergstrasse,tertiary,47.3650298,8.508783
Friesenbergstrasse,tertiary,47.3633806,8.5062001
Selnaustrasse,tertiary,47.3714763,8.5316519
Neue Hard,primary,47.3870924,8.5194511
Geroldstrasse,primary,47.385544,8.520748
Seefeldstrasse,residential,47.3520005,8.5599301
Seefeldstrasse,residential,47.3520575,8.5599132
Zollikerstrasse,tertiary,47.3643737,8.5543956
Schönberggasse,residential,47.3737091,8.5493862
Ohne Namen,primary,47.3513396,8.5253159
Sihlquai,tertiary,47.380506,8.5379734
Sihlquai,tertiary,47.3813906,8.5380905
Sihlquai,tertiary,47.3834162,8.5363292
Sihlquai,tertiary,47.3817158,8.5380043
Sihlquai,tertiary,47.3821945,8.5378039
Neumühlequai,tertiary,47.3827745,8.5401014
Rigistrasse,residential,47.38495,8.5494961
Universitätstrasse,primary,47.383884,8.5482597
Spyristrasse,residential,47.3824261,8.5519363
Gladbachstrasse,tertiary,47.3827057,8.5509791
Glärnischstrasse,residential,47.3677952,8.5376851
Talacker,residential,47.3704963,8.5372021
Ohne Namen,primary_link,47.368231,8.5468298
Allmendstrasse,primary,47.3572358,8.5220176
Allmendstrasse,primary,47.3570532,8.5221239
Allmendstrasse,primary,47.3545861,8.523576
Allmendstrasse,primary,47.3542957,8.5237165
Allmendstrasse,primary,47.3534758,8.5242226
Badenerstrasse,tertiary,47.3875427,8.487232
Baslerstrasse,residential,47.3886009,8.4900912
Giesshübelstrasse,secondary,47.3576229,8.5217167
Allmendstrasse,primary,47.3571149,8.5218556
Allmendstrasse,primary,47.3569591,8.5219505
Nidelbadstrasse,residential,47.3324586,8.5350731
Bahnhofquai,tertiary,47.3778397,8.5416031
Bahnhofquai,tertiary,47.3777412,8.5416178
Im Tiergarten,residential,47.3659492,8.5120148
Im Tiergarten,residential,47.3655665,8.5114121
Gutstrasse,secondary,47.3739302,8.5030544
Winzerstrasse,tertiary,47.4036957,8.48606
Schaffhauserstrasse,primary,47.4121507,8.5465364
Giacomettistrasse,residential,47.4036126,8.5044832
Reinhold-Frei-Strasse,residential,47.4100773,8.4847431
Riedhofstrasse,residential,47.4088402,8.4825476
Flössergasse,residential,47.3693294,8.5323047
Flössergasse,residential,47.3696294,8.5318608
Hermetschloobrücke,secondary,47.3938898,8.4725971
Badenerstrasse,secondary,47.3938141,8.4726063
Jupiterstrasse,secondary,47.3656733,8.5655923
Hegibachstrasse,residential,47.3653343,8.5677399
Hegibachstrasse,tertiary,47.3640166,8.5654441
Hammerstrasse,residential,47.3605093,8.5612315
Hegibachplatz,secondary,47.361575,8.5610761
Hegibachplatz,secondary,47.3616818,8.5612515
Hofackerstrasse,secondary,47.3619432,8.5662017
Siewerdtstrasse,residential,47.4122798,8.5586235
Riedgrabenweg,residential,47.4122239,8.5587009
Witikonerstrasse,secondary,47.3625514,8.5742527
Witikonerstrasse,secondary,47.3631276,8.5744135
Pelikanstrasse,residential,47.3703762,8.5347246
Frankentalerstrasse,secondary,47.4102563,8.4796748
Butzenstrasse,secondary,47.337161,8.5209299
Butzenstrasse,secondary,47.3390464,8.5220611
Morgentalstrasse,residential,47.343587,8.5247826
Fritz-Fleiner-Weg,residential,47.3814513,8.5614489
Hardturmstrasse,residential,47.3919762,8.5179427
Hardturmstrasse,primary,47.3919227,8.5181207
Werdstrasse,tertiary,47.3726608,8.5295809
Aubruggweg,residential,47.4125439,8.570168
Kellerweg,residential,47.3666846,8.492871
Anton-Higi-Strasse,residential,47.4095306,8.5261986
Käferholzstrasse,residential,47.4085882,8.5257943
Greblerweg,residential,47.3777358,8.4825407
Greblerweg,residential,47.377241,8.4818665
Triemlistrasse,residential,47.373933,8.4838091
Regensdorferstrasse,secondary,47.4166477,8.4832475
Regensdorferstrasse,secondary,47.4209568,8.4818969
Sihlfeldstrasse,residential,47.3820536,8.5152706
Gerstenstrasse,residential,47.3897956,8.5248382
Imbisbühlstrasse,residential,47.4023562,8.4956664
Imbisbühlstrasse,residential,47.4027294,8.4948702
Schauenbergstrasse,tertiary,47.4120197,8.5062482
Schauenbergstrasse,tertiary,47.4120196,8.5061634
Steinmühleplatz,residential,47.3736947,8.5361732
Bellariarain,residential,47.3502144,8.5302989
Regensbergstrasse,residential,47.406028,8.5480444
Blütenstrasse,residential,47.4045483,8.5477476
Altwiesenstrasse,residential,47.3987551,8.5916279
Lagerstrasse,tertiary,47.3772649,8.5336886
Etzelstrasse,residential,47.3453037,8.5313913
Morgentalstrasse,residential,47.3440916,8.5297079
Tannenrauchstrasse,residential,47.3480287,8.527582
Tannenrauchstrasse,residential,47.3464728,8.5272411
Tannenrauchstrasse,residential,47.34563,8.5279693
Tannenrauchstrasse,residential,47.3439858,8.5288335
Renggerstrasse,residential,47.3470228,8.5319388
Renggerstrasse,residential,47.3466407,8.5320337
Eulenweg,residential,47.3823972,8.4828325
Zeltweg,tertiary,47.3692027,8.5500187
Altwiesenstrasse,residential,47.3991421,8.5917899
Binzmühlestrasse,tertiary,47.4144402,8.5208332
Militärstrasse,tertiary,47.3792794,8.528441
Hadlaubstrasse,residential,47.3882506,8.5512912
Langstrasse,tertiary,47.3801735,8.5280144
Hohlstrasse,tertiary,47.3906401,8.4894628
Ohne Namen,tertiary_link,47.3912003,8.4874937
Ohne Namen,tertiary_link,47.3890575,8.4698474
Ohne Namen,tertiary_link,47.3877517,8.4716304
Aurorastrasse,residential,47.3729768,8.5669161
Kurhausstrasse,residential,47.3735451,8.568553
Mutschellenstrasse,tertiary,47.3438984,8.5300572
Albisstrasse,secondary,47.3439449,8.5304396
Albisstrasse,secondary,47.3437522,8.5300802
Bederstrasse,secondary,47.3646825,8.5304169
Bederstrasse,secondary,47.3648772,8.5308591
Bederstrasse,secondary,47.3644567,8.5299549
Ohne Namen,secondary_link,47.3649288,8.5310566
Forchstrasse,secondary,47.35361,8.576222
Ohne Namen,primary_link,47.4259062,8.4936149
Ohne Namen,primary_link,47.4268642,8.4919967
Ohne Namen,primary_link,47.4268138,8.4920795
Wehntalerstrasse,primary,47.4279149,8.4902872
Wehntalerstrasse,primary,47.4278211,8.4903222
Wehntalerstrasse,primary,47.4266375,8.4924888
Wehntalerstrasse,primary,47.4281555,8.4898617
Hohlstrasse,primary,47.3801663,8.5201999
Scheuchzerstrasse,residential,47.3915066,8.5427504
Scheuchzerstrasse,residential,47.3915804,8.5426312
Langmauerstrasse,residential,47.3914847,8.5426694
Langmauerstrasse,residential,47.3915849,8.5427032
Langmauerstrasse,residential,47.3921384,8.5431614
Langmauerstrasse,residential,47.3923468,8.5433534
Langmauerstrasse,residential,47.3927883,8.5437619
Langmauerstrasse,residential,47.3925494,8.5435402
Langmauerstrasse,residential,47.3930293,8.5439836
Langmauerstrasse,residential,47.3932692,8.544203
Langmauerstrasse,residential,47.3935145,8.5444224
Witikonerstrasse,secondary,47.3582551,8.587134
Witikonerstrasse,secondary,47.3601862,8.5794221
Thurgauerstrasse,secondary,47.4133084,8.5508404
Thurgauerstrasse,secondary,47.4120804,8.5505688
Dörflistrasse,primary,47.4093785,8.5496877
Thurgauerstrasse,secondary,47.4093896,8.5497495
Im Eisernen Zeit,residential,47.3917178,8.5409537
Ohne Namen,primary,47.3998971,8.5450474
Birmensdorferstrasse,secondary,47.3702102,8.5135366
Hermetschloobrücke,secondary,47.3938525,8.4727011
Wipkingerplatz,tertiary,47.3922858,8.5240621
Waisenhausstrasse,residential,47.3761009,8.5408827
Bahnhofplatz,tertiary,47.3777366,8.5379704
Bahnhofplatz,tertiary,47.3772053,8.5400148
Bahnhofplatz,tertiary,47.3769186,8.5405793
Am Wasser,tertiary,47.3981801,8.5015674
Gloriastrasse,tertiary,47.376994,8.5538552
Herzogenmühlestrasse,residential,47.4103596,8.5722863
Stauffacherstrasse,tertiary,47.3730174,8.5291816
Hardeggstrasse,residential,47.3968396,8.5026023
Mattengasse,residential,47.3837791,8.532318
Mühlebachstrasse,residential,47.3575735,8.5579834
Hurdäckerweg,residential,47.4162866,8.4785591
Grosswiesenstrasse,residential,47.4031232,8.5886468
Luchswiesenstrasse,residential,47.4058455,8.5850184
Grosswiesenstrasse,residential,47.4031021,8.5889304
Seeblickstrasse,residential,47.3355236,8.5369975
Germaniastrasse,residential,47.3875933,8.5536857
Gladbachstrasse,tertiary,47.3834024,8.5495935
Büchnerstrasse,residential,47.3835182,8.5512967
Irchelstrasse,tertiary,47.3962906,8.5437776
Birmensdorferstrasse,secondary,47.3674913,8.4941626
Winterthurerstrasse,primary,47.403735,8.5716412
Unionstrasse,residential,47.3699324,8.5577512
Unionstrasse,residential,47.3691711,8.5584993
Asylstrasse,secondary,47.3684896,8.558824
Ohne Namen,tertiary_link,47.3902328,8.5255083
Altstetterstrasse,tertiary,47.3756365,8.4844002
Werdhölzlistrasse,residential,47.3907631,8.4809486
Ohne Namen,tertiary_link,47.3885488,8.4837833
Zwischenbächen,residential,47.3852326,8.4813754
Leimbachstrasse,tertiary,47.3283525,8.5128061
Leimbachstrasse,tertiary,47.3301215,8.5151446
Sunnige Hof,residential,47.3984443,8.5869245
Herzogenmühlestrasse,residential,47.4092077,8.5722855
Herzogenmühlestrasse,residential,47.4099667,8.5722856
Herzogenmühlestrasse,residential,47.4095646,8.5722799
Freiestrasse,residential,47.3689342,8.5563764
Klosbachstrasse,tertiary,47.3664412,8.5574898
Freiestrasse,residential,47.366661,8.5588317
Moussonstrasse,residential,47.3767844,8.5548004
Hofstrasse,secondary,47.3755111,8.5641649
Ottikerstrasse,residential,47.3859184,8.5453728
Sonneggstrasse,residential,47.380771,8.5458814
Schaffhauserstrasse,primary,47.4044345,8.5482393
Schaffhauserstrasse,primary,47.4062523,8.5482435
Binzmühlestrasse,secondary,47.4138624,8.545275
Schaffhauserstrasse,primary,47.4140342,8.5454549
Schaffhauserstrasse,primary,47.415256,8.5453092
Bellerivestrasse,primary,47.3545395,8.5528957
Bellerivestrasse,primary,47.354072,8.5535071
Korneliusstrasse,residential,47.3552501,8.5549959
Mainaustrasse,residential,47.3609143,8.5533277
Kleinstrasse,residential,47.3640447,8.5530555
Ottenweg,residential,47.3630226,8.5532204
Kleinstrasse,residential,47.3643215,8.5527202
Ottenweg,residential,47.3639085,8.5539435
Spöndlistrasse,residential,47.3779092,8.5503264
Schmelzbergstrasse,residential,47.3791512,8.5525082
Schöneggstrasse,tertiary,47.3801497,8.5267428
Zeltweg,secondary,47.3661281,8.5537549
Bernerstrasse Süd,primary,47.3928699,8.4923141
Bullingerstrasse,residential,47.3812163,8.5108843
Lenggstrasse,tertiary,47.3547491,8.5744731
Witellikerstrasse,secondary,47.3536522,8.5758908
Jupiterstrasse,secondary,47.3657645,8.5655378
Rosengartenstrasse,residential,47.3961152,8.5274814
Bullingerstrasse,residential,47.3807973,8.5119149
Bändliweg,residential,47.3937652,8.4837119
Streulistrasse,residential,47.3623804,8.5660032
Mürtschenstrasse,residential,47.3873592,8.4955011
Mürtschenstrasse,residential,47.3873773,8.4957829
Mürtschenstrasse,residential,47.3874357,8.4965871
Allmendstrasse,primary,47.3416099,8.5192413
Allmendstrasse,primary,47.3382808,8.5191375
Butzenstrasse,secondary,47.3370015,8.5202137
Bruchstrasse,residential,47.3369475,8.520577
Lyrenweg,residential,47.376692,8.4799605
Lyrenweg,residential,47.374746,8.4818879
Lyrenweg,residential,47.375203,8.4814428
Frohburgstrasse,residential,47.3878068,8.5485563
Dachslernstrasse,residential,47.3881056,8.4813996
Roswiesenstrasse,residential,47.4031291,8.5765899
Tièchestrasse,tertiary,47.3978656,8.5290226
Leimbachstrasse,tertiary,47.3304263,8.5154685
Leimbachstrasse,tertiary,47.3304263,8.5154685
Leimbachstrasse,tertiary,47.3263692,8.5148197
Leimbachstrasse,tertiary,47.3274486,8.5133452
Leimbachstrasse,tertiary,47.3266226,8.5142677
Leimbachstrasse,tertiary,47.3266226,8.5142677
Michelstrasse,residential,47.4077286,8.4947007
Bergellerstrasse,residential,47.4066639,8.4918906
Gutstrasse,secondary,47.3707548,8.5086162
Kasernenstrasse,residential,47.3769245,8.5352711
Hagenholzstrasse,tertiary,47.4144249,8.5537215
Hagenholzstrasse,tertiary,47.4144759,8.5556404
Siewerdtstrasse,residential,47.4121645,8.5499285
Regensbergstrasse,residential,47.4057792,8.5491071
Regensbergstrasse,residential,47.4056737,8.5496837
Regensbergstrasse,residential,47.4058745,8.5485779
Winterthurerstrasse,primary,47.4060782,8.581989
Irchelstrasse,tertiary,47.3968198,8.5411931
Bucheggstrasse,primary,47.3970685,8.5304856
Hottingerstrasse,secondary,47.3692511,8.5563773
Zeltweg,tertiary,47.3699676,8.5490629
Klosbachstrasse,tertiary,47.3670035,8.5587417
Forchstrasse,secondary,47.3509667,8.583215
Falkenstrasse,secondary,47.3653323,8.548048
Falkenstrasse,secondary,47.3646144,8.5471859
Förrlibuckstrasse,primary,47.39128,8.5153738
Förrlibuckstrasse,primary,47.3916454,8.5138482
Pfingstweidstrasse,primary,47.3891736,8.5142061
Hardstrasse,tertiary,47.3869761,8.5190396
Brandschenkestrasse,tertiary,47.3682038,8.5302626
Brandschenkestrasse,tertiary,47.3685646,8.5309148
Stauffacherstrasse,tertiary,47.3722774,8.5294297
Stettbachstrasse,residential,47.4017877,8.577947
Stettbachstrasse,residential,47.4023636,8.5769145
Stauffacherstrasse,residential,47.3786839,8.5193728
Hohlstrasse,tertiary,47.3880383,8.4983674
Hohlstrasse,tertiary,47.3878225,8.4990991
Letzigraben,residential,47.3773999,8.4984201
Badenerstrasse,tertiary,47.3771096,8.5132353
Dreikönigstrasse,residential,47.3674627,8.5377372
Beethovenstrasse,residential,47.3671058,8.5360834
Tunnelstrasse,secondary,47.3660811,8.5319531
Dreikönigstrasse,residential,47.3662115,8.5340316
Stockerstrasse,tertiary,47.3647123,8.5367497
Brunaustrasse,tertiary,47.3542957,8.5258475
Probsteistrasse,residential,47.3988835,8.5856664
Theaterstrasse,primary_link,47.3674929,8.5452249
Nordstrasse,residential,47.3890957,8.5352358
Hagenholzstrasse,tertiary,47.4144589,8.5545037
Hagenholzstrasse,tertiary,47.4144979,8.5571855
Rousseaustrasse,residential,47.3901446,8.5326034
Rousseaustrasse,residential,47.3882425,8.5341591
Altwiesenstrasse,residential,47.4000049,8.5908395
Altenhofstrasse,residential,47.3539697,8.5599095
Winzerhalde,residential,47.3997095,8.4932247
Waidstrasse,residential,47.3938378,8.5216124
Waidstrasse,residential,47.3942452,8.521909
Waidstrasse,residential,47.3948663,8.5219884
Sihlstrasse,tertiary,47.3729265,8.533231
Kornhausstrasse,tertiary,47.3883132,8.5363205
Schaffhauserstrasse,primary,47.4175552,8.5458767
Irchelstrasse,tertiary,47.3967081,8.54172
Winterthurerstrasse,primary,47.3962966,8.54543
Hardbrücke,primary,47.3866451,8.5184634
Förrlibuckstrasse,residential,47.3922766,8.5089168
Neumühlequai,tertiary,47.3774248,8.5431859
Studackerstrasse,residential,47.338642,8.5309137
Katzenschwanzstrasse,tertiary,47.3640319,8.5988318
Katzenschwanzstrasse,tertiary,47.3605283,8.596782
Schumacherweg,residential,47.4134266,8.5124679
Wehntalerstrasse,tertiary,47.3982512,8.5395518
Wehntalerstrasse,tertiary,47.3977787,8.5399989
Uetlibergstrasse,residential,47.3528371,8.5098556
Bubenbergstrasse,residential,47.3581963,8.5202346
Zollikerstrasse,tertiary,47.3639353,8.5546087
Glatttalstrasse,secondary,47.4228703,8.5502755
Bleicherweg,residential,47.3660168,8.5324015
General-Guisan-Quai,secondary,47.3645487,8.5371384
Beethovenstrasse,residential,47.3674947,8.5357836
Bleicherweg,residential,47.366584,8.5330289
Stockerstrasse,tertiary,47.366544,8.5353841
Stockerstrasse,tertiary,47.3668031,8.5351956
Alfred-Escher-Strasse,primary,47.3632384,8.5335411
Hardstrasse,secondary,47.3807412,8.5127836
Hirschengraben,tertiary,47.3699742,8.5473992
Hirschengraben,tertiary,47.3695637,8.547713
Hirschengraben,tertiary,47.3703227,8.5471695
Bürkliplatz,tertiary,47.3665731,8.5407526
Talstrasse,tertiary,47.3667001,8.5401352
Bürkliplatz,secondary,47.3664743,8.5417143
Bürkliplatz,secondary,47.3666078,8.541282
Feldstrasse,residential,47.376794,8.5217612
Kalkbreitestrasse,tertiary,47.3738856,8.5203787
Regensbergstrasse,tertiary,47.4116738,8.526061
Lagerstrasse,tertiary,47.3791304,8.5305747
Lagerstrasse,tertiary,47.379455,8.5299162
Lagerstrasse,tertiary,47.3795812,8.5296253
Lagerstrasse,tertiary,47.3784661,8.5317637
Lagerstrasse,tertiary,47.3779774,8.5325415
Lagerstrasse,tertiary,47.3783113,8.5320101
Lagerstrasse,tertiary,47.3776536,8.5330569
Frymannstrasse,residential,47.3362756,8.5144009
Gutenbergstrasse,residential,47.365582,8.5299629
Manessestrasse,primary,47.3692654,8.5254498
Manessestrasse,primary,47.3692411,8.525404
Manessestrasse,primary,47.3692159,8.5253569
Manessestrasse,primary,47.3691906,8.5253103
Manessestrasse,primary,47.3691667,8.5252659
Manessestrasse,primary,47.3691421,8.5252205
Manessestrasse,primary,47.3691169,8.5251737
Manessestrasse,primary,47.3690914,8.5251258
Manessestrasse,primary,47.3689931,8.5249513
Stotzstrasse,residential,47.3317358,8.5123235
Maneggpromenade,residential,47.3317067,8.5137577
Kleeweidstrasse,residential,47.3298745,8.5118857
Hüslibachstrasse,residential,47.3289257,8.5164359
Staudenweg,residential,47.3570018,8.5066555
Badenerstrasse,tertiary,47.3917102,8.4779225
Rainstrasse,residential,47.3426043,8.5285969
Bruderwies,residential,47.3336508,8.5170033
Opfikonstrasse,residential,47.4133189,8.5724516
Sonnenbergstrasse,residential,47.3672451,8.5659017
Aurorastrasse,residential,47.3682222,8.5680954
Hitzigweg,residential,47.3664085,8.5694207
Dolderstrasse,residential,47.3703719,8.5578359
Freudenbergstrasse,residential,47.3831944,8.5572926
Freudenbergstrasse,residential,47.3834777,8.5568888
Hinterbergstrasse,residential,47.3820623,8.5569568
Hinterbergstrasse,residential,47.3803159,8.55637
Schmelzbergstrasse,residential,47.3795985,8.5530982
Birchstrasse,secondary,47.4297052,8.5493599
Birchstrasse,secondary,47.4297962,8.549129
Plattenstrasse,residential,47.3707553,8.5558808
Zürichbergstrasse,residential,47.3731812,8.5520077
Hochstrasse,residential,47.3778818,8.5559791
Landoltstrasse,residential,47.3833958,8.5521582
Spyristrasse,residential,47.3831727,8.5531914
Edenstrasse,residential,47.3599153,8.5217292
Schoeckstrasse,primary,47.3666643,8.545685
Baumackerstrasse,residential,47.4090734,8.5438343
Schulstrasse,residential,47.4092289,8.5442563
Wehntalerstrasse,primary,47.4210812,8.5019249
Im Holzerhurd,residential,47.4233216,8.4955954
Blumenfeldstrasse,residential,47.421667,8.5026256
Wehntalerstrasse,primary,47.4213137,8.5015155
Brandschenkestrasse,tertiary,47.3692401,8.532729
Brandschenkestrasse,tertiary,47.369596,8.5336147
Ohne Namen,residential,47.3808627,8.5522164
Hoffeld,residential,47.4051395,8.5335907
Probsteistrasse,residential,47.3970075,8.5826409
Oberwiesenstrasse,residential,47.4122811,8.5316477
Oberwiesenstrasse,residential,47.4130446,8.5314909
Rämistrasse,primary,47.3760102,8.5490696
Schönbühlstrasse,residential,47.3700673,8.5580639
Bachofnerstrasse,residential,47.3912088,8.5337436
Lettenstrasse,residential,47.3904885,8.5324841
Tièchestrasse,tertiary,47.3979262,8.531182
Tièchestrasse,tertiary,47.3979299,8.5286349
Tièchestrasse,tertiary,47.3991061,8.5220829
Emil-Klöti-Strasse,tertiary,47.3989769,8.5132082
Viktoriastrasse,residential,47.404679,8.5507675
Witikonerstrasse,secondary,47.3609618,8.5715627
Witikonerstrasse,secondary,47.360911,8.5718782
In Böden,residential,47.416514,8.5141042
Langstrasse,residential,47.3776764,8.5265442
Gloriastrasse,tertiary,47.3768073,8.5548068
Franklinstrasse,tertiary,47.40947,8.5443806
Franklinstrasse,tertiary,47.4095176,8.5442661
Franklinstrasse,tertiary,47.4098203,8.5435232
Leonhardstrasse,tertiary,47.3771807,8.5464604
Neunbrunnenstrasse,residential,47.4171846,8.5422441
Neunbrunnenstrasse,residential,47.4172323,8.5440306
Eggbühlstrasse,residential,47.4162953,8.5449209
Eggbühlstrasse,residential,47.4164016,8.5418239
Eggbühlstrasse,residential,47.4162559,8.5418
Eggbühlstrasse,residential,47.416692,8.5418692
Eggbühlstrasse,residential,47.4171535,8.54193
Hofwiesenstrasse,tertiary,47.4089941,8.5395927
Regensbergbrücke,tertiary,47.4089873,8.5395026
Birchstrasse,secondary,47.4096687,8.5377804
Birchstrasse,secondary,47.4095906,8.5377312
Birchstrasse,secondary,47.4118193,8.5378168
Birchstrasse,secondary,47.4117217,8.5378318
Birchstrasse,secondary,47.4123393,8.5377298
Birchstrasse,secondary,47.4115704,8.537857
Langstrasse,residential,47.3782219,8.5268664
Ruedi-Walter-Strasse,residential,47.415024,8.541665
Ruedi-Walter-Strasse,residential,47.4149508,8.541656
Aemtlerstrasse,tertiary,47.3767732,8.5094066
Goldbrunnenstrasse,residential,47.3712844,8.5117191
Rümlangstrasse,residential,47.4307219,8.5403048
Bockhornstrasse,residential,47.3772949,8.4806209
Diggelmannstrasse,residential,47.376739,8.4826471
Stauffacherstrasse,tertiary,47.3781359,8.5208587
Zwischenbächen,residential,47.3835694,8.4801134
Fritz-Fleiner-Weg,residential,47.3814427,8.5615528
Hofwiesenstrasse,tertiary,47.3920411,8.5383665
Allmendstrasse,primary,47.343349,8.5193956
Rossackerstrasse,residential,47.3679984,8.4917362
Bergwiesen,residential,47.3675483,8.4914924
Bergwiesen,residential,47.3674668,8.4918835
Zielackerstrasse,residential,47.3831788,8.4845849
Robert-Seidel-Hof,residential,47.3912657,8.4826727
Robert-Seidel-Hof,residential,47.3913177,8.4837069
Neeserweg,residential,47.3906418,8.4741484
Hausäcker,residential,47.390237,8.4773151
Lehenstrasse,residential,47.3960769,8.5268005
Lehenstrasse,residential,47.396154,8.5267559
Griesernweg,residential,47.3974065,8.5164461
Limmatplatz,tertiary,47.3848646,8.5315624
Michelstrasse,residential,47.4066284,8.4953403
Thurwiesenstrasse,residential,47.3942167,8.5325537
Sonnenbergstrasse,residential,47.3707574,8.5675239
Oberer Heuelsteig,residential,47.3691412,8.5714591
Oberer Heuelsteig,residential,47.3694735,8.5680244
Hofstrasse,residential,47.3751135,8.5632933
Köllikerstrasse,residential,47.3747331,8.5657262
Toblerstrasse,residential,47.3783592,8.5608726
Dunantstrasse,residential,47.3787,8.5616464
Ackermannstrasse,residential,47.3777768,8.565162
Steinwiesstrasse,residential,47.3693343,8.5509841
Steinwiesstrasse,residential,47.3694545,8.5512704
Steinwiesstrasse,residential,47.3696939,8.5518525
Steinwiesstrasse,residential,47.3692406,8.550761
Hottingerstrasse,secondary,47.3695972,8.5534825
Clausiusstrasse,residential,47.3802376,8.5453886
Zeppelinstrasse,residential,47.3937599,8.5389298
Hofstrasse,residential,47.3708835,8.5574268
Werdgässchen,residential,47.371846,8.5281288
Saumstrasse,residential,47.3729044,8.5101144
Albisriederstrasse,secondary,47.3726594,8.4785766
Im Kratz,residential,47.3742572,8.4826444
Im Schaber,residential,47.3747568,8.4815758
Stapferstrasse,residential,47.3841841,8.546959
Burgstrasse,residential,47.3916722,8.5260245
Letzistrasse,residential,47.391835,8.5471105
Langensteinenstrasse,residential,47.3938525,8.5477067
Binzmühlestrasse,tertiary,47.4134548,8.5304119
Erchenbühlstrasse,residential,47.4135065,8.5150164
Im Hagenbrünneli,residential,47.414869,8.5124284
Ampèrestrasse,residential,47.3929824,8.5192389
Ankerstrasse,residential,47.3760939,8.5276843
Glatttalstrasse,tertiary,47.427511,8.5459905
Glatttalstrasse,secondary,47.4271176,8.5464127
Glatttalstrasse,secondary,47.4270054,8.5465064
Neunbrunnenstrasse,residential,47.4165819,8.5354053
Winterthurerstrasse,primary,47.3941676,8.5448818
Winterthurerstrasse,primary,47.3942949,8.5449171
Bernstrasse,primary,47.4002323,8.4657925
Schwamendingenstrasse,primary,47.4046184,8.5573572
Russenweg,residential,47.3555878,8.5735287
Blauäcker,residential,47.4051258,8.5713621
Hardbrücke,secondary,47.3825459,8.5145469
Hardbrücke,secondary,47.3825588,8.5145183
Allmendstrasse,primary,47.3447025,8.5195776
Allmendstrasse,primary,47.3451119,8.5196396
Allmendstrasse,primary,47.3454783,8.519719
Allmendstrasse,primary,47.345935,8.5198571
Allmendstrasse,primary,47.3463589,8.5200767
Allmendstrasse,primary,47.3474064,8.5212499
Schindlerstrasse,residential,47.3887069,8.5372635
Seestrasse,primary,47.3431488,8.5357564
Bombachhalde,residential,47.4046853,8.4807607
Forchstrasse,secondary,47.3510442,8.5813306
Bertastrasse,residential,47.3735762,8.5129434
Birmensdorferstrasse,secondary,47.3703998,8.5141498
Ohne Namen,secondary_link,47.3644675,8.5300623
Lettenholzstrasse,residential,47.3397995,8.5292333
Saatlenzelg,residential,47.4126831,8.5610124
Birmensdorferstrasse,secondary,47.3702066,8.5130595
Pelikanstrasse,residential,47.3713963,8.5362076
Tramstrasse,residential,47.4085607,8.5510068
Dörflistrasse,primary,47.4101859,8.5485088
Bernerstrasse Süd,primary_link,47.3932584,8.4948092
Alte Landstrasse,residential,47.333445,8.5405629
Regensdorferstrasse,tertiary,47.4134717,8.483619
Sihlquai,tertiary,47.3905144,8.5251028
Wagnergasse,residential,47.3642879,8.5532177
Friesstrasse,primary,47.4148296,8.5466665
Seestrasse,secondary,47.3434784,8.5353284
Ausserdorfstrasse,residential,47.425014,8.5480545
Riedenholzstrasse,residential,47.4264266,8.5357675
Schönauring,residential,47.4277495,8.5369873
Rümlangstrasse,residential,47.4314335,8.5371868
Rautistrasse,tertiary,47.3825381,8.4870421
Albisriederstrasse,secondary,47.3781053,8.5092798
Bauherrenstrasse,residential,47.401513,8.4979873
Kanzleistrasse,residential,47.377139,8.5199895
Birmensdorferstrasse,secondary,47.3671697,8.493386
Würzgrabenstrasse,secondary_link,47.3931052,8.4944502
Max-Högger-Strasse,secondary,47.3934034,8.4920679
Pfingstweidbrücke,primary,47.39308,8.5021083
Badenerstrasse,tertiary,47.378084,8.5109282
Aemtlerstrasse,tertiary,47.3712005,8.5162861
Kalkbreitestrasse,tertiary,47.3710832,8.5149988
Badenerstrasse,tertiary,47.3759957,8.5157058
Martastrasse,residential,47.3764282,8.5152966
Elsastrasse,residential,47.3769022,8.5142738
Hardturmstrasse,tertiary,47.3911096,8.5206379
Ohne Namen,secondary_link,47.39417,8.4932848
Würzgrabenstrasse,secondary,47.3932659,8.4941598
Würzgrabenstrasse,secondary,47.3930358,8.4946846
Würzgrabenstrasse,secondary,47.3932595,8.4936789
Grossackerstrasse,residential,47.3246525,8.509406
Altstetterstrasse,tertiary,47.3894115,8.4867911
Ohne Namen,tertiary,47.376469,8.5348622
Gamperstrasse,residential,47.3806867,8.5241326
Allmendstrasse,primary,47.3524629,8.5251861
Allmendstrasse,primary,47.3523097,8.5253545
Schweighofstrasse,secondary,47.3597036,8.5073211
Schweighofstrasse,secondary,47.3566177,8.5099894
Schweighofstrasse,secondary,47.3651809,8.5025832
Nidelbadstrasse,residential,47.3360504,8.532754
Morgartenstrasse,residential,47.3717574,8.5260704
Minervastrasse,residential,47.3694958,8.5525602
Jakob-Fügli-Strasse,residential,47.3895652,8.4847883
Allmendstrasse,primary,47.3556972,8.5227181
Allmendstrasse,primary,47.3546943,8.5233333
Rotachstrasse,residential,47.3714436,8.5142654
Rotachstrasse,residential,47.3718796,8.5137543
Nussbaumstrasse,residential,47.3717946,8.51489
Nussbaumstrasse,residential,47.371202,8.5138446
Gloriastrasse,tertiary,47.3760191,8.5591231
Weinbergstrasse,tertiary,47.3891455,8.5402903
Weinbergstrasse,tertiary,47.3822119,8.5436449
Weinbergstrasse,tertiary,47.3827895,8.5435231
Weinbergstrasse,tertiary,47.3801941,8.5440885
Stampfenbachstrasse,tertiary,47.3875493,8.5395535
Krähbühlstrasse,tertiary,47.3785694,8.5654285
Seefeldstrasse,residential,47.3641634,8.5488303
Grebelackerstrasse,residential,47.3982902,8.5364923
Badenerstrasse,tertiary,47.3814669,8.5036018
Badenerstrasse,tertiary,47.3814209,8.503797
Badenerstrasse,tertiary,47.3812616,8.5039843
Badenerstrasse,tertiary,47.3810792,8.5039825
Badenerstrasse,tertiary,47.381007,8.503672
Badenerstrasse,tertiary,47.3810814,8.5033781
Badenerstrasse,tertiary,47.3811917,8.5033114
Letzigraben,residential,47.381104,8.5032446
Badenerstrasse,tertiary,47.3813,8.5032473
Badenerstrasse,tertiary,47.381476,8.5034294
Badenerstrasse,tertiary,47.3847827,8.49618
Badenerstrasse,tertiary,47.3844799,8.4969214
Badenerstrasse,tertiary,47.3841659,8.4976784
Winzerstrasse,secondary,47.4001157,8.4945301
Winzerstrasse,secondary,47.3998938,8.4951339
Schützenrain,residential,47.3710009,8.4851505
Rossackerstrasse,residential,47.3715909,8.4857143
Schützenrain,residential,47.3715719,8.4856374
Zurlindenstrasse,residential,47.3696931,8.5203858
Friesenbergstrasse,tertiary,47.3666528,8.510683
Friesenbergstrasse,tertiary,47.3671658,8.5108362
Friesenbergstrasse,tertiary,47.3676313,8.5109811
Thurgauerstrasse,secondary,47.4178412,8.5542303
Thurgauerstrasse,secondary,47.4192431,8.555244
Thurgauerstrasse,secondary,47.4149296,8.5512944
Hottingerstrasse,secondary,47.3699112,8.5520869
Hottingerstrasse,secondary,47.3698843,8.5520869
Klebestrasse,residential,47.3241923,8.5136743
Grossackerstrasse,residential,47.3248317,8.5109324
Grossackerstrasse,residential,47.3251045,8.5128788
Albisstrasse,secondary,47.3281568,8.5295144
Albisstrasse,secondary,47.3282782,8.5296743
Ohne Namen,secondary_link,47.3299191,8.5297101
Ohne Namen,residential,47.3585125,8.4978115
Gessnerallee,tertiary,47.3737309,8.5333146
Witikonerstrasse,secondary,47.3625252,8.6134622
Kanonengasse,residential,47.3768471,8.528794
Hohlstrasse,tertiary,47.3796593,8.521461
Albisstrasse,secondary,47.342512,8.53092
Hallwylstrasse,residential,47.3711128,8.528377
Weberstrasse,residential,47.3711492,8.5279042
Sihlfeldstrasse,residential,47.3789694,8.5160672
Rämistrasse,primary,47.3757233,8.5492126
Wipkingerplatz,tertiary,47.3925615,8.5240046
Regensbergstrasse,residential,47.4062371,8.5474497
Regensbergstrasse,residential,47.4045256,8.5558132
Altwiesenstrasse,residential,47.3995362,8.5918716
Schwamendingenstrasse,tertiary,47.4050635,8.5557414
Schwamendingenstrasse,tertiary,47.4052277,8.5552811
Badenerstrasse,tertiary,47.3768168,8.5138517
Grossackerstrasse,residential,47.32504,8.5123016
Birmensdorferstrasse,secondary,47.3679547,8.4948284
Birmensdorferstrasse,secondary,47.3680373,8.4949007
Birmensdorferstrasse,secondary,47.3678491,8.4959413
Birmensdorferstrasse,secondary,47.3676923,8.495019
Birmensdorferstrasse,secondary,47.3676494,8.4946031
Birmensdorferstrasse,secondary,47.3706528,8.470183
Kronenstrasse,residential,47.3873572,8.5374743
Kronenstrasse,residential,47.3872396,8.53713
Baslerstrasse,residential,47.3871139,8.4942491
Mürtschenstrasse,residential,47.3872221,8.4942386
Mürtschenstrasse,residential,47.3873485,8.4952718
Albulastrasse,residential,47.3874394,8.4956157
Winterthurerstrasse,secondary,47.4070749,8.5859603
Radgasse,residential,47.3803995,8.5372891
Limmatstrasse,residential,47.3804642,8.5372498
Limmatstrasse,residential,47.3804455,8.5372196
Kalkbreitestrasse,tertiary,47.3736935,8.5199355
Kalkbreitestrasse,tertiary,47.3739765,8.5205831
Uraniastrasse,tertiary,47.3744356,8.5414482
Langstrasse,tertiary,47.3820951,8.5293923
Limmatplatz,tertiary,47.3843963,8.5315237
Katzenschwanzstrasse,tertiary,47.3736544,8.5954814
Tobelhofstrasse,secondary,47.3808973,8.580664
Birmensdorferstrasse,secondary,47.3710232,8.5234882
Schimmelstrasse,primary,47.3710346,8.523917
Seebahnstrasse,primary,47.3712462,8.5231662
Schimmelstrasse,primary,47.3709388,8.5241782
Schimmelstrasse,primary,47.3712022,8.5233947
Birmensdorferstrasse,tertiary,47.3714508,8.5248501
Waldhausstrasse,residential,47.3754265,8.5681197
Kurhausstrasse,residential,47.3724158,8.57393
Hubenstrasse,residential,47.4040001,8.5579339
Geroldstrasse,primary,47.3857139,8.5201005
Geroldstrasse,primary,47.3856164,8.520807
Geroldstrasse,primary,47.3856228,8.5205798
Witikonerstrasse,secondary,47.3600357,8.5953606
Rötelstrasse,tertiary,47.3975708,8.5324983
Rötelstrasse,tertiary,47.3976629,8.5324827
Bucheggplatz,tertiary,47.398301,8.5324715
Hofwiesenstrasse,tertiary,47.3988856,8.5336386
Zentralstrasse,residential,47.3702307,8.5210332
Zweierstrasse,secondary,47.3718966,8.5221381
Zypressenstrasse,residential,47.3772599,8.5127014
Bachtobelstrasse,residential,47.3573913,8.5084902
Zurlindenstrasse,tertiary,47.3706561,8.5193556
Aurorastrasse,residential,47.3689781,8.5678763
Aurorastrasse,residential,47.3686477,8.567946
Hardstrasse,tertiary,47.3874412,8.5194621
Hardstrasse,tertiary,47.3872534,8.5192672
Toblerstrasse,residential,47.3818433,8.5540174
Toblerstrasse,residential,47.3814166,8.5549764
Toblerstrasse,residential,47.3813013,8.5552364
Stauffacherquai,tertiary,47.3709215,8.5302006
Utoquai,primary,47.3674304,8.5442923
Kreuzbühlstrasse,secondary,47.3650019,8.5535333
Kreuzbühlstrasse,secondary,47.3648046,8.5539944
Bucheggstrasse,tertiary,47.3982036,8.5344967
Stauffacherstrasse,tertiary,47.377736,8.52195
Dachslernstrasse,residential,47.3918181,8.4725817
Dachslernstrasse,residential,47.3905427,8.4749094
Friedhofstrasse,residential,47.3850213,8.4782848
Herrligstrasse,residential,47.39049,8.4858275
Herrligstrasse,residential,47.3910334,8.486171
Bernerstrasse Süd,primary,47.3937579,8.4907233
Würzwies,residential,47.3971566,8.492913
Turbinenstrasse,residential,47.3884843,8.5156269
Staffelstrasse,residential,47.3613331,8.5224223
Geeringstrasse,residential,47.4146343,8.4804609
Im oberen Boden,residential,47.4146156,8.4805975
Frankentalerstrasse,secondary,47.4135608,8.4808376
Frankentalerstrasse,secondary,47.4136892,8.4813488
Hadlaubstrasse,residential,47.389775,8.5509923
Germaniastrasse,residential,47.3902827,8.5515691
Germaniastrasse,residential,47.3907705,8.551746
Germaniastrasse,residential,47.3896944,8.5512647
Germaniastrasse,residential,47.3886243,8.5526893
Germaniastrasse,residential,47.3876268,8.5529325
Germaniastrasse,residential,47.3866595,8.5530636
Germaniastrasse,residential,47.3881607,8.553154
Spiegelhofstrasse,residential,47.3723076,8.5587931
Attenhoferstrasse,residential,47.3734266,8.5575267
Fehrenstrasse,residential,47.3705516,8.5591229
Fehrenstrasse,residential,47.3706856,8.5590269
Bucheggstrasse,primary,47.3989377,8.5415404
Hadlaubstrasse,residential,47.3867616,8.5515074
Wagnergasse,residential,47.3644195,8.5534569
Stauffacherquai,tertiary,47.3713726,8.5304776
Neugasse,residential,47.3815057,8.5315207
Brauerstrasse,residential,47.3800842,8.5226222
Neufrankengasse,tertiary,47.3809351,8.525797
Birmensdorferstrasse,secondary,47.369942,8.5106706
Birmensdorferstrasse,secondary,47.3705451,8.5176489
Gsteigstrasse,tertiary,47.4028588,8.4998509
Sihlquai,tertiary,47.3875315,8.5297975
Felsenrainstrasse,residential,47.4174464,8.5455791
Bernerstrasse,primary,47.3980252,8.4742716
Bändlistrasse,tertiary,47.3994574,8.4764602
Röntgenstrasse,residential,47.3819746,8.5290427
Baslerstrasse,residential,47.3832482,8.5060263
Baslerstrasse,residential,47.386363,8.4968148
Baslerstrasse,residential,47.3841544,8.5039746
Baslerstrasse,residential,47.3843394,8.5035557
Baslerstrasse,residential,47.3845208,8.5030861
Baslerstrasse,residential,47.3882852,8.4909469
Baslerstrasse,residential,47.3864738,8.4964402
Hohlstrasse,tertiary,47.3916359,8.4809548
Hohlstrasse,tertiary,47.3916414,8.4855393
Badenerstrasse,tertiary,47.3910656,8.4786508
Badenerstrasse,tertiary,47.3908602,8.4788917
Hadlaubstrasse,residential,47.3830087,8.5544033
Kurvenstrasse,residential,47.384833,8.5420346
Ankerstrasse,residential,47.3754214,8.5266555
Stauffacherstrasse,tertiary,47.3751825,8.5272448
Attenhoferstrasse,residential,47.3731962,8.5578473
Attenhoferstrasse,residential,47.3729661,8.5583719
Seestrasse,primary,47.3426822,8.5361033
Zollikerstrasse,tertiary,47.3610467,8.5567106
Ueberlandstrasse,tertiary,47.4104753,8.5722157
Regensdorferstrasse,secondary,47.4179197,8.4830924
Sihlquai,tertiary,47.3808992,8.5381241
Sihlquai,tertiary,47.3807737,8.5380902
Sihlquai,tertiary,47.3806312,8.5380342
Leimbachstrasse,tertiary,47.3321792,8.5171892
Werdstrasse,tertiary,47.3722492,8.526772
Werdstrasse,tertiary,47.3725985,8.5292085
Kasernenstrasse,tertiary,47.3734848,8.5316284
Sihlquai,tertiary,47.3819718,8.5379202
Bändlistrasse,tertiary,47.3996913,8.4768031
Schaffhauserstrasse,primary,47.4041354,8.5481244
Limmattalstrasse,tertiary,47.4021663,8.4960929
Limmattalstrasse,tertiary,47.4021634,8.4959538
Freigutstrasse,residential,47.3667617,8.5329088
Freigutstrasse,residential,47.3666322,8.533074
Bahnhofquai,tertiary,47.3755592,8.5419147
Bahnhofquai,tertiary,47.3745149,8.5417102
Birchstrasse,secondary,47.4310801,8.5502435
Zürichbergstrasse,residential,47.3737604,8.5542878
Imbisbühlstrasse,residential,47.4056562,8.4858732
Bachtobelstrasse,residential,47.3531935,8.5011222
Uetlibergstrasse,residential,47.351963,8.5044737
Im Sträler,residential,47.3703076,8.4989203
Seebacherstrasse,tertiary,47.4198132,8.5341742
Seebacherstrasse,tertiary,47.4199626,8.5351305
Aemtlerstrasse,tertiary,47.3707311,8.5167265
Binzmühlestrasse,tertiary,47.4147512,8.5193155
Binzmühlestrasse,tertiary,47.4147901,8.5193824
Neue Hard,primary,47.3869811,8.5194809
Pfingstweidstrasse,primary,47.3875403,8.5183095
Duttweilerstrasse,primary,47.3915889,8.513553
Duttweilerstrasse,primary,47.3899272,8.5123428
Duttweilerbrücke,tertiary,47.3895641,8.5119396
Pfingstweidstrasse,primary,47.3898053,8.5115454
Pfingstweidstrasse,primary,47.3895452,8.5122397
Pfingstweidstrasse,primary,47.389622,8.5123121
Pfingstweidstrasse,primary,47.3896277,8.5118497
Neue Hard,primary,47.3863573,8.5211259
Neue Hard,primary,47.3864553,8.5206885
Turbinenstrasse,residential,47.3886341,8.5157298
Technoparkstrasse,residential,47.3890179,8.5159565
Schiffbaustrasse,residential,47.388251,8.5198719
Hardturmstrasse,residential,47.3920234,8.5177858
Förrlibuckstrasse,primary,47.391891,8.5179688
Giessereistrasse,residential,47.3911964,8.5158023
Förrlibuckstrasse,primary,47.3912628,8.5156842
Förrlibuckstrasse,primary,47.3912818,8.5159127
Förrlibuckstrasse,residential,47.3916843,8.5135432
Seehofstrasse,residential,47.3643532,8.5482704
Dienerstrasse,residential,47.3783792,8.5271979
Dienerstrasse,residential,47.3782231,8.5275106
Birchstrasse,residential,47.4171255,8.5382995
Stadthausquai,residential,47.3682372,8.5417784
Eisfeldstrasse,residential,47.415034,8.5492869
Weisshau,residential,47.4174376,8.5418991
Jungstrasse,residential,47.4146806,8.5440133
Jungstrasse,residential,47.4147282,8.5445118
Calandastrasse,residential,47.3878321,8.4903741
Bärenbohlstrasse,tertiary,47.4266657,8.5102965
Fronwaldweg,residential,47.4247142,8.5089373
Alfred-Escher-Strasse,residential,47.365233,8.532646
Zwischenbächen,residential,47.3822763,8.4790664
Zwischenbächen,residential,47.3805892,8.4794149
Giessereistrasse,residential,47.3909858,8.5157543
Am Giessen,residential,47.3995356,8.4951162
Schulhausstrasse,residential,47.3606787,8.52942
Grütlistrasse,residential,47.3618996,8.5310936
Grütlistrasse,residential,47.3623034,8.5310422
Eugen-Huber-Strasse,residential,47.3880827,8.4745604
Eugen-Huber-Strasse,residential,47.3854939,8.4834557
Plattenstrasse,residential,47.3701286,8.5565532
Ohne Namen,residential,47.4082746,8.5602284
Ohne Namen,residential,47.4082737,8.5601781
Ohne Namen,residential,47.4072615,8.5603375
Ohne Namen,residential,47.4070542,8.5575739
Ohne Namen,residential,47.4069976,8.5575597
Ohne Namen,residential,47.4070844,8.5574495
Friedhofstrasse,residential,47.3832476,8.4747218
Binzmühlestrasse,tertiary,47.4140564,8.5218769
Albisriederstrasse,secondary,47.3709385,8.4705711
Albisriederstrasse,secondary,47.3714536,8.4720107
Konradstrasse,residential,47.3826744,8.5326057
Buchholzrain,residential,47.4273896,8.543685
Rosengartenbrücke,tertiary,47.3941946,8.5262165
Bucheggstrasse,tertiary,47.3973077,8.5311098
Bändlistrasse,tertiary,47.3989898,8.4756219
Ankerstrasse,residential,47.3728426,8.5240407
Badenerstrasse,tertiary,47.3833618,8.4993784
Badenerstrasse,tertiary,47.3837458,8.4983091
Badenerstrasse,tertiary,47.3840409,8.497708
Badenerstrasse,tertiary,47.3849009,8.495461
Badenerstrasse,tertiary,47.3852433,8.4944397
Badenerstrasse,tertiary,47.3855131,8.4936843
Badenerstrasse,tertiary,47.3850926,8.4952953
Badenerstrasse,tertiary,47.3861269,8.4921907
Badenerstrasse,tertiary,47.386721,8.4906239
Badenerstrasse,tertiary,47.3859544,8.4925528
Badenerstrasse,tertiary,47.3857929,8.4929004
Wehrenbachhalde,residential,47.357286,8.5783762
Burenweg,residential,47.3578134,8.5800151
Burenweg,residential,47.3574714,8.5801931
Witikonerstrasse,secondary,47.3614133,8.6028083
Witikonerstrasse,secondary,47.3614822,8.6031733
Witellikerstrasse,secondary,47.3497031,8.5775763
Ankerstrasse,residential,47.3751305,8.5262517
Winterthurerstrasse,primary,47.4032981,8.555445
Bernerstrasse Süd,primary,47.3942665,8.4882738
Ohne Namen,primary_link,47.3931965,8.4948246
Würzgrabenstrasse,secondary,47.393191,8.4946904
Bernerstrasse Süd,primary_link,47.3933003,8.4953102
Bernerstrasse Süd,primary,47.3933452,8.4953174
Aargauerstrasse,secondary,47.3921772,8.4929256
Haldenbachstrasse,residential,47.3809509,8.5500196
Heizenholz,residential,47.408986,8.4885788
Heizenholz,residential,47.4090714,8.4885125
Heizenholz,residential,47.4093536,8.4882058
Inselhofstrasse,residential,47.3575246,8.5566538
Inselhofstrasse,residential,47.3575244,8.5567533
Ottenweg,residential,47.3628688,8.5530271
Apfelbaumstrasse,residential,47.406705,8.5562062
Winzerhalde,residential,47.402034,8.4862271
Winzerhalde,residential,47.3999968,8.4904882
Albisriederstrasse,secondary,47.375597,8.48711
Mythenquai,primary,47.3552242,8.5343266
Badenerstrasse,tertiary,47.3809785,8.5039983
Bucheggstrasse,tertiary,47.3976949,8.5333371
Bucheggstrasse,tertiary,47.3977052,8.5331308
Ohne Namen,primary,47.3937555,8.4932022
Michelstrasse,residential,47.4062997,8.4956749
Kürbergstrasse,residential,47.39882,8.5114635
Kürbergstrasse,residential,47.3988938,8.5092771
Rebbergstrasse,residential,47.3985632,8.5181033
Lehenstrasse,residential,47.3964517,8.5253188
Bockhornstrasse,residential,47.376169,8.4833017
Bodenacker,residential,47.4246577,8.5100165
Wolfswinkel,residential,47.4237181,8.5157648
Katzenschwanzstrasse,tertiary,47.3735795,8.5980692
Bahnhofquai,tertiary,47.3770241,8.5419229
Uetlibergstrasse,secondary,47.3593354,8.516439
Riedenhaldenstrasse,residential,47.4207863,8.5081978
Vulkanstrasse,residential,47.3924518,8.4875482
Ueberlandstrasse,tertiary,47.4052212,8.5592229
Ueberlandstrasse,tertiary,47.4052304,8.5582267
Schörlistrasse,residential,47.4061946,8.5632802
Spindelstrasse,residential,47.3392415,8.518793
Kreuzbühlstrasse,secondary,47.3646133,8.5545949
Zollikerstrasse,tertiary,47.3646624,8.5545255
Forchstrasse,secondary,47.3647505,8.554528
Klosbachstrasse,tertiary,47.3646997,8.5545864
Albisstrasse,secondary,47.3271149,8.5296322
Albisstrasse,secondary,47.3274643,8.5296342
Rotachstrasse,residential,47.3694879,8.5169986
Rotachstrasse,residential,47.3697341,8.5166027
Friesenbergstrasse,tertiary,47.3698184,8.5137877
Talwiesenstrasse,residential,47.3695881,8.5104971
Döltschiweg,residential,47.367914,8.5107711
Döltschiweg,residential,47.3677939,8.5101767
Döltschiweg,residential,47.3676684,8.509579
Paul-Burkhard-Strasse,residential,47.4194385,8.533836
Ohne Namen,tertiary_link,47.3858009,8.4930344
Frauenklinikstrasse,residential,47.3788383,8.5494516
Hohenklingenstrasse,residential,47.4018079,8.4934894
Birchstrasse,residential,47.4200377,8.5386498
Malvenstrasse,residential,47.4039598,8.543696
Würzwies,residential,47.3979592,8.4932976
Glärnischstrasse,residential,47.3681368,8.5374253
Glärnischstrasse,residential,47.3681873,8.5373866
Glattalstrasse,tertiary,47.4333338,8.5426581
Ohne Namen,residential,47.4007176,8.4908702
Grosswiesenstrasse,residential,47.4033124,8.586076
Toblerplatz,tertiary,47.3792173,8.5597254
Toblerplatz,tertiary,47.3792783,8.5595913
Toblerplatz,tertiary,47.3793919,8.5598672
Hinterbergstrasse,residential,47.3844748,8.5579381
Giesshübelstrasse,primary,47.3582151,8.5218909
Giesshübelstrasse,primary,47.3582037,8.5217132
Giesshübelstrasse,primary,47.3586555,8.5217775
Allmendstrasse,primary,47.3576632,8.5218547
Giesshübelstrasse,secondary,47.3575204,8.5215089
Giesshübelstrasse,secondary,47.3576767,8.521436
Giesshübelstrasse,primary,47.3591054,8.5221726
Giesshübelstrasse,primary,47.3589841,8.5218756
General-Guisan-Quai,secondary,47.3648537,8.5377488
Triemlistrasse,tertiary,47.3732468,8.4848832
Triemlistrasse,tertiary,47.372485,8.4865475
Laufferweg,residential,47.3926065,8.5434119
Heinrichstrasse,residential,47.3873121,8.5258035
Toblerstrasse,tertiary,47.3790868,8.5594752
Toblerstrasse,tertiary,47.3791205,8.5594241
Giesshübelstrasse,primary,47.3593622,8.5222156
Brunnenhofweg,residential,47.4011581,8.5348192
